mc3419_p.x,mc3419_p.y,mc3419_p.z,orientation.x,orientation.y,orientation.z
0.84300005,2.3460002,9.019951,0,0,0
0.53400004,2.595,9.42195,0,0,0
0.80895007,2.59695,9.71205,0,0,0
0.19395001,2.5830002,9.72105,0,0,0
0.795,2.5879502,9.726001,0,0,0
0.48405004,2.60205,9.71595,0,0,0
0.49305,2.3479502,9.475051,0,0,0
0.51195,2.3389502,8.337001,0,0,0
1.49205,2.358,7.5469503,0,0,0
3.6660001,1.542,7.5469503,0,0,0
-1.4980501,1.0530001,3.0940502,0,0,0
0.97905004,0.01905,-2.469,0,0,0
10.906051,-1.4460001,2.9929502,0,0,0
9.319051,0.22695,14.895,0,0,0
8.00895,0.109950006,16.681051,0,0,0
6.012,-0.17400001,15.111001,0,0,0
9.30405,-1.3590001,7.9590006,0,0,0
14.62005,-1.2870001,7.9590006,0,0,0
4.9230003,-5.13,2.9860501,0,0,0
11.03505,-1.33095,7.2019506,0,0,0
7.9470005,-2.5519502,2.8860002,0,0,0
10.69095,-2.049,2.5410001,0,0,0
8.269951,-2.358,2.0310001,0,0,0
6.3310504,-2.5180502,6.1750503,0,0,0
6.91695,-1.8600001,4.11105,0,0,0
10.410001,-0.54,3.18,0,0,0
8.586,-2.1330001,-0.97095007,0,0,0
7.425,-2.3170502,3.96495,0,0,0
5.4760504,-3.3630002,-0.41805002,0,0,0
6.53205,-5.6140504,-0.16605,0,0,0
11.458951,-4.4100003,0.63705003,0,0,0
6.0940504,-6.4879503,0.147,0,0,0
5.36805,-6.2460003,0.64500004,0,0,0
3.6799502,-14.2240505,2.33205,0,0,0
6.5680504,-12.250951,0.22095,0,0,0
2.53095,-5.925,1.5499501,0,0,0
1.48905,-8.82195,0.975,0,0,0
2.5810502,-7.1130004,0.73800004,0,0,0
-0.47100002,-3.5500503,0.09900001,0,0,0
0.15300001,-2.6809502,2.60295,0,0,0
-0.39195,-45.30405,4.566,0,0,0
-2.769,-4.6990504,4.5930004,0,0,0
-6.5929503,-9.057,-2.7970502,0,0,0
-2.403,-9.28905,2.95005,0,0,0
-2.14695,-9.792001,4.794,0,0,0
-2.151,-9.98805,0.70905006,0,0,0
-2.14695,-8.691,2.8140001,0,0,0
-3.10695,-9.246,3.7480502,0,0,0
-3.35295,-9.49695,1.76505,0,0,0
-1.2100501,-10.608001,0.25905,0,0,0
-0.34605002,-11.182951,1.401,0,0,0
-0.32700002,-11.746051,1.4130001,0,0,0
-0.62595004,-12.723001,-0.015000001,0,0,0
-3.1350002,-10.668,-0.777,0,0,0
-4.9240503,-10.99905,0.62295,0,0,0
-5.5630503,-11.149951,2.86905,0,0,0
-0.54195005,-10.87695,2.66295,0,0,0
-2.901,-9.31995,0.24195,0,0,0
-1.5139501,-9.31305,0.70005006,0,0,0
-4.335,-6.2359505,0.40695003,0,0,0
-2.9200501,-4.419,-0.17295001,0,0,0
-1.6170001,-6.9690003,-0.77400005,0,0,0
0.75405,-10.654051,-6.5230503,0,0,0
-0.97305006,-12.2029505,-8.125051,0,0,0
-3.0640502,-7.89795,-5.3160005,0,0,0
-8.608951,-18.05895,-5.09595,0,0,0
-2.8890002,-1.3590001,5.5069504,0,0,0
-7.5390005,-9.238951,5.2270503,0,0,0
2.1649501,-14.913001,4.02,0,0,0
1.4389501,-8.52105,0.32805002,0,0,0
-2.7520502,-10.656,0.40695003,0,0,0
-2.7139502,-8.715,1.404,0,0,0
-1.4980501,-9.0400505,-0.109050006,0,0,0
-2.50605,-9.02595,0.83100003,0,0,0
0.9580501,-11.724001,-0.07305,0,0,0
-0.31305,-12.715051,-1.8040501,0,0,0
-3.35805,-11.57295,1.983,0,0,0
-0.32700002,-15.244051,-5.604,0,0,0
0.49800003,-11.293051,-5.9989505,0,0,0
-9.37695,-15.019051,7.5690002,0,0,0
-1.50495,-12.550051,-0.25995,0,0,0
0.53400004,-8.311951,3.2380502,0,0,0
-3.5520003,-4.9680004,2.1739502,0,0,0
-3.5689502,-4.197,2.15805,0,0,0
-4.87095,-3.45705,0.99600005,0,0,0
-2.94105,-11.616,-5.3310003,0,0,0
-0.13995,-16.515001,-10.729951,0,0,0
-2.3449502,-7.1700006,-4.11705,0,0,0
-10.07205,-12.14805,-2.55795,0,0,0
-2.8530002,-6.6169505,3.5029502,0,0,0
-4.0620003,-6.8689504,4.22205,0,0,0
-0.693,-12.19095,3.834,0,0,0
-2.14395,-8.169001,1.43505,0,0,0
-3.5380502,-8.722051,-2.14395,0,0,0
-1.23405,-9.92805,0.89400005,0,0,0
-2.13,-8.88,0.27795002,0,0,0
-1.3279501,-9.282001,0.28305,0,0,0
-2.8909502,-10.351951,2.364,0,0,0
1.5679501,-12.486001,-2.18505,0,0,0
-1.2889501,-13.39095,-0.79305005,0,0,0
0.70605004,-16.819052,-4.1020503,0,0,0
-7.452,-12.715051,1.9879501,0,0,0
-7.8690004,-12.09105,6.4890003,0,0,0
-1.368,-9.16695,-0.80505,0,0,0
-1.69605,-4.5919504,2.8639503,0,0,0
-1.28505,-3.3349502,1.641,0,0,0
-1.1389501,-2.6089501,1.9279501,0,0,0
2.69595,-9.849001,-5.1220503,0,0,0
-4.155,-18.648,-12.23295,0,0,0
-6.1590004,-3.9600003,-4.05195,0,0,0
-10.79205,-13.06305,-0.13695,0,0,0
-3.8800502,-4.2319503,4.0950003,0,0,0
-1.404,-11.595,4.083,0,0,0
-2.4460502,-9.541051,2.3110502,0,0,0
-7.29405,-5.05095,1.5619501,0,0,0
-2.3740501,-11.36295,1.9020001,0,0,0
0.66300005,-9.77295,-5.5030503,0,0,0
-0.24105,-8.976001,2.124,0,0,0
-1.1770501,-12.02595,3.73095,0,0,0
-0.49905002,-11.587951,-5.8000503,0,0,0
2.6749501,-15.142951,2.42595,0,0,0
0.54795,-15.48795,-4.6410003,0,0,0
-2.7259502,-10.098001,4.61205,0,0,0
-3.17895,-13.951051,2.7250502,0,0,0
-3.6739502,-10.10805,1.49205,0,0,0
-0.06105,-8.36505,2.26305,0,0,0
-2.28795,-6.2509503,1.6360501,0,0,0
-2.733,-6.0930004,1.8940501,0,0,0
-3.1930501,-4.06005,-0.57600003,0,0,0
-0.24105,-9.604951,-3.5419502,0,0,0
0.76395005,-17.59995,-11.671051,0,0,0
-0.93705004,-6.7969503,-6.0919504,0,0,0
-1.605,-12.672001,-0.48495004,0,0,0
-7.7040005,-8.190001,0.47895002,0,0,0
-4.44705,-6.3300004,4.09905,0,0,0
1.36695,-15.214951,5.0620503,0,0,0
3.5389502,-12.076051,7.2190504,0,0,0
0.93600005,-7.63005,-3.9610503,0,0,0
-3.0640502,-8.887051,0.95295006,0,0,0
-2.6490002,-7.4050503,1.0320001,0,0,0
-1.0159501,-9.727051,0.312,0,0,0
0.75705004,-10.788,0.32805002,0,0,0
2.2150502,-12.8539505,-0.066,0,0,0
0.28005,-13.965001,-2.59395,0,0,0
-0.34395,-15.17205,-7.7820005,0,0,0
-4.85895,-14.059051,8.48805,0,0,0
-2.4480002,-12.106951,0.95100003,0,0,0
-3.6529503,-11.21895,1.5499501,0,0,0
-0.873,-5.4700503,3.798,0,0,0
-3.1710002,-4.395,1.3990501,0,0,0
-3.7240503,-4.407,2.5069501,0,0,0
-3.6979501,-3.5740502,0.01995,0,0,0
3.52905,-21.672,-10.97595,0,0,0
-0.47805002,-11.76,-9.955951,0,0,0
-8.84595,-4.8790503,-1.9950001,0,0,0
-4.005,-20.206951,-0.48195,0,0,0
-3.41595,-2.69295,3.3960001,0,0,0
-3.2650502,-12.723001,4.5760503,0,0,0
3.2710502,-12.442051,6.0600004,0,0,0
-0.16905001,-7.9170003,-3.6000001,0,0,0
-1.35195,-10.656,-2.01195,0,0,0
-0.597,-8.884951,0.273,0,0,0
-2.3119502,-8.595,0.01695,0,0,0
0.62700003,-10.812,0.702,0,0,0
2.766,-12.370951,0.28305,0,0,0
0.16800001,-11.398951,1.0830001,0,0,0
-1.3279501,-13.312051,-1.2030001,0,0,0
1.2760501,-13.218,-3.561,0,0,0
-5.793,-15.141001,5.14305,0,0,0
-2.76195,-12.960001,3.9250503,0,0,0
3.4840503,-11.667001,-0.46995002,0,0,0
-1.9240501,-6.0160503,2.538,0,0,0
-1.8570001,-5.1660004,2.15505,0,0,0
-3.0730503,-3.2629502,2.7829502,0,0,0
-1.8499501,-3.65805,0.75900006,0,0,0
-1.4470501,-18.361052,-12.556951,0,0,0
0.58395004,-11.545051,-8.922001,0,0,0
-2.841,-8.51295,-2.19195,0,0,0
-11.37405,-19.22295,-3.255,0,0,0
-4.53105,-2.01105,3.58905,0,0,0
-0.744,-16.744951,6.2179503,0,0,0
2.7250502,-10.93395,7.5880504,0,0,0
1.8010501,-9.12405,-5.5080004,0,0,0
-2.14395,-9.74205,0.3,0,0,0
-3.21405,-7.2780004,0.052950002,0,0,0
-2.50305,-10.38105,1.9660501,0,0,0
3.9270003,-12.804001,-2.6509502,0,0,0
3.141,-12.442051,0.65895003,0,0,0
-2.115,-13.369051,1.2910501,0,0,0
2.65995,-13.491,-7.6440005,0,0,0
-6.1519504,-15.459001,7.8970504,0,0,0
-7.905,-10.783051,4.7200503,0,0,0
4.3699503,-10.15095,0.49095002,0,0,0
-1.491,-5.35995,2.7559502,0,0,0
-2.22795,-4.3039503,1.9519501,0,0,0
-2.9850001,-3.732,2.3110502,0,0,0
-1.33305,-8.06805,-2.4790502,0,0,0
0.66300005,-18.081001,-10.876051,0,0,0
-0.13305001,-11.43,-7.4140506,0,0,0
-3.8749502,-5.15205,-1.3440001,0,0,0
-8.38605,-16.881,-3.8200502,0,0,0
-5.5630503,-2.0389502,2.89995,0,0,0
-2.3089502,-13.857,5.0209503,0,0,0
2.6749501,-12.78705,7.155,0,0,0
1.6830001,-9.13605,-3.6139503,0,0,0
-1.67295,-10.09605,0.14895001,0,0,0
-1.9069501,-7.728,1.2070501,0,0,0
-1.59105,-9.19305,0.024,0,0,0
1.05795,-11.425051,0.34305,0,0,0
3.1699502,-12.871051,-1.71,0,0,0
4.2120004,-14.113951,0.372,0,0,0
-1.86195,-13.290001,-4.05195,0,0,0
-6.27405,-14.68395,5.23395,0,0,0
-7.5100503,-11.587951,6.5610003,0,0,0
2.08605,-10.58205,-3.0919502,0,0,0
-1.04805,-5.4030004,3.8820002,0,0,0
-1.11705,-4.49805,2.1390002,0,0,0
-2.9920502,-2.63805,3.4390502,0,0,0
-1.1530501,-6.12195,0.44295,0,0,0
-4.2990003,-20.50905,-14.14395,0,0,0
-4.96005,-12.852,-7.5259504,0,0,0
0.31905,-10.351951,-3.7549503,0,0,0
-5.9370003,-5.43195,4.21395,0,0,0
-0.59295005,-17.63595,3.7189503,0,0,0
1.1230501,-9.02295,4.77495,0,0,0
1.1230501,-9.699,-1.0710001,0,0,0
-0.98100007,-9.06705,0.40695003,0,0,0
-1.36395,-8.092051,0.39795002,0,0,0
-2.0410502,-8.98005,0.46500003,0,0,0
0.62700003,-12.328051,0.42900002,0,0,0
2.1430502,-13.060051,-2.7160501,0,0,0
3.1990502,-13.41705,0.726,0,0,0
0.46005002,-15.603001,-5.6920505,0,0,0
-3.8110502,-14.122951,5.8380003,0,0,0
-7.1790004,-14.134951,4.5259504,0,0,0
-0.291,-11.76,-0.25995,0,0,0
-0.31500003,-6.8299503,2.196,0,0,0
-1.43295,-4.60605,4.51095,0,0,0
-2.77905,-2.25705,2.835,0,0,0
-1.4260501,-5.2309504,-0.58995,0,0,0
1.1209501,-21.004051,-12.624001,0,0,0
-1.08105,-10.89105,-7.3350005,0,0,0
-2.74005,-12.399,-2.9890501,0,0,0
-4.32105,-7.1629505,1.7509501,0,0,0
-3.8470502,-5.08995,3.4669502,0,0,0
1.9350001,-15.94095,4.38705,0,0,0
3.6439502,-9.397051,5.6509504,0,0,0
-1.55295,-10.42395,-5.5009503,0,0,0
-2.35995,-8.21205,0.71400005,0,0,0
-1.08105,-9.196051,-0.55200005,0,0,0
0.24705002,-10.2300005,2.088,0,0,0
2.394,-12.283951,-1.31295,0,0,0
3.177,-12.98805,-1.0570501,0,0,0
1.0320001,-16.314001,-2.0269501,0,0,0
-3.3049502,-13.513051,-4.22205,0,0,0
-4.1269503,-16.005001,6.5130005,0,0,0
-2.21595,-10.668,0.573,0,0,0
2.1649501,-7.32105,3.4750502,0,0,0
-1.9069501,-3.2629502,3.8479502,0,0,0
-2.9610002,-2.6830502,3.8359501,0,0,0
-2.56095,-3.2770503,1.84395,0,0,0
0.61995006,-22.42695,-14.211,0,0,0
0.354,-7.9960504,-7.45695,0,0,0
-2.39595,-13.807051,-4.059,0,0,0
-9.082951,-6.9330006,3.4669502,0,0,0
-4.122,-6.6390004,4.70295,0,0,0
2.64105,-16.731,4.6980004,0,0,0
2.394,-7.8960004,3.66105,0,0,0
-0.40605003,-10.71105,-4.06395,0,0,0
-2.7930002,-7.3500004,-0.46305,0,0,0
-2.2810502,-8.736,-0.25995,0,0,0
-0.55695003,-12.406951,-0.27405003,0,0,0
3.80205,-12.33495,-2.838,0,0,0
2.8900502,-14.985001,0.78105,0,0,0
0.46905002,-15.387001,-5.9149504,0,0,0
-1.605,-14.35305,6.5490003,0,0,0
-1.2889501,-12.672001,5.42805,0,0,0
0.90795004,-11.923051,-0.528,0,0,0
-1.1740501,-6.4279504,5.4210005,0,0,0
-1.5340501,-3.8880002,3.49095,0,0,0
-3.3010502,-3.5719502,3.144,0,0,0
-4.78695,-5.0730004,-0.91305006,0,0,0
1.626,-20.896952,-12.36705,0,0,0
0.49800003,-12.550051,-10.215,0,0,0
-6.0880504,-19.93395,-6.6880503,0,0,0
-4.7130003,-0.33705002,6.3430505,0,0,0
-6.9280505,-8.887051,4.8250504,0,0,0
2.98305,-15.387001,3.5730002,0,0,0
3.3619502,-7.2130504,3.07995,0,0,0
0.12495001,-10.330951,-3.39105,0,0,0
-3.3919501,-8.269051,0.55095005,0,0,0
-4.17,-7.8019505,-0.46095002,0,0,0
-0.75795,-12.852,1.5880501,0,0,0
5.78205,-12.5140505,-6.195,0,0,0
2.2410002,-12.95205,2.5189502,0,0,0
0.78495,-14.905951,-1.42305,0,0,0
0.28305,-12.885,-3.8440502,0,0,0
-6.8179502,-14.734051,5.565,0,0,0
-2.913,-13.944,4.0279503,0,0,0
-3.1279502,-5.7979503,2.93595,0,0,0
-1.3039501,-4.18905,4.8180003,0,0,0
-3.384,-1.7809501,2.6580002,0,0,0
-2.05095,-3.9949503,2.4550502,0,0,0
1.044,-23.55405,-14.544001,0,0,0
0.67800003,-8.68605,-7.6080003,0,0,0
-3.9970503,-14.784,-4.4110503,0,0,0
-3.0640502,-7.01205,4.1779504,0,0,0
-5.0599504,-5.0080504,4.926,0,0,0
1.60395,-16.35495,4.30305,0,0,0
2.8330503,-8.679001,4.4440503,0,0,0
-0.67905,-9.526051,-3.5490003,0,0,0
-0.72705,-9.33195,-0.32205,0,0,0
-2.6899502,-9.114,0.99405,0,0,0
-1.23705,-9.769951,-0.588,0,0,0
1.6980001,-13.707001,0.135,0,0,0
0.74505,-11.78205,-4.8690004,0,0,0
1.08,-13.278001,3.04395,0,0,0
1.5109501,-14.715001,-5.3809505,0,0,0
-2.26605,-13.233001,6.35505,0,0,0
-3.0990002,-13.24005,2.60505,0,0,0
2.02095,-10.351951,0.49605003,0,0,0
-0.90195006,-5.9350505,2.742,0,0,0
-1.4670001,-5.1330004,3.72795,0,0,0
-3.255,-2.9539502,2.97405,0,0,0
-2.3380501,-5.0080504,-1.57395,0,0,0
1.7670001,-22.513052,-13.536,0,0,0
-1.095,-6.6889505,-6.74595,0,0,0
-0.61395,-15.97605,-3.765,0,0,0
-6.56895,-3.7729502,2.69895,0,0,0
-4.4500504,-5.9350505,5.2200003,0,0,0
1.8199501,-17.21895,6.3120003,0,0,0
2.6239502,-8.65005,-3.5640001,0,0,0
-1.8420001,-9.94305,-0.36195,0,0,0
-0.06795,-8.53695,1.12605,0,0,0
-0.95895004,-8.40795,0.81705004,0,0,0
-0.92295,-10.56795,0.82395005,0,0,0
2.1790502,-12.213,-2.0670002,0,0,0
5.43795,-13.27095,1.0540501,0,0,0
-1.3249501,-15.696001,-0.87000006,0,0,0
-3.4009502,-10.52505,-6.0199504,0,0,0
-2.8189502,-15.933001,4.9110003,0,0,0
-3.7680001,-14.33205,6.2260504,0,0,0
0.71400005,-9.259951,2.5549502,0,0,0
-1.0380001,-6.0430503,3.075,0,0,0
-1.39995,-3.8950503,2.32995,0,0,0
-2.9610002,-2.676,3.1030502,0,0,0
-2.223,-7.2780004,0.62295,0,0,0
0.41895002,-19.158,-11.0119505,0,0,0
-3.6739502,-17.154001,-6.6450005,0,0,0
-3.588,0.64395005,6.6829505,0,0,0
-11.812051,-5.04405,6.8430004,0,0,0
1.03005,-15.832951,2.8540502,0,0,0
2.9190001,-8.382,4.66905,0,0,0
5.418,-11.106001,-1.524,0,0,0
-1.12395,-9.727051,-0.66195005,0,0,0
-2.94105,-8.334001,-0.67395,0,0,0
-1.45905,-8.54895,0.08400001,0,0,0
1.4389501,-12.592951,3.0340502,0,0,0
3.5010002,-12.708,-4.05195,0,0,0
3.9240003,-14.194951,-0.19500001,0,0,0
0.07395,-13.56105,0.40995002,0,0,0
-1.6200001,-13.269001,-1.15695,0,0,0
-6.1450505,-15.696001,5.5290003,0,0,0
2.028,-10.209001,1.3939501,0,0,0
0.18900001,-7.458,1.9660501,0,0,0
0.10305001,-6.5020504,3.4390502,0,0,0
-3.5160003,-3.1980002,3.7830002,0,0,0
-3.8110502,-3.1909502,3.20895,0,0,0
-4.0480504,-8.205,-0.0010500001,0,0,0
2.1360002,-13.060051,-10.465951,0,0,0
-5.9869504,-8.578051,-4.3560004,0,0,0
-1.27005,-5.97795,5.33295,0,0,0
-4.6849504,-8.398951,4.767,0,0,0
-0.384,-13.503,3.7380002,0,0,0
2.6460001,-10.209001,4.97805,0,0,0
1.353,-10.101001,-3.59205,0,0,0
-1.3879501,-8.98005,-0.73395,0,0,0
-1.35195,-8.54205,0.16605,0,0,0
-0.171,-8.83395,1.557,0,0,0
0.192,-11.278951,2.21295,0,0,0
2.0640001,-12.759001,-2.0410502,0,0,0
4.6210504,-13.750051,-2.7160501,0,0,0
-3.59505,-12.45705,-1.6099501,0,0,0
-0.86100006,-13.054951,-7.3009505,0,0,0
-3.66,-13.849951,8.187,0,0,0
0.21105,-13.837951,-0.67605,0,0,0
-0.58500004,-6.46605,3.21795,0,0,0
-0.24105,-5.058,4.2190504,0,0,0
-2.9920502,-3.7870502,3.288,0,0,0
-3.1570501,-2.5489502,3.1660502,0,0,0
2.1720002,-24.19395,-13.059001,0,0,0
-0.82305,-10.776001,-8.09595,0,0,0
-2.2090502,-11.43,-3.14505,0,0,0
-6.35295,-3.2700002,3.4669502,0,0,0
-5.2180505,-6.2719502,3.084,0,0,0
1.8919501,-14.6980505,5.70795,0,0,0
2.5170002,-9.39,5.4210005,0,0,0
1.83405,-10.51305,-4.1929502,0,0,0
-2.9340003,-9.031051,-0.73395,0,0,0
-0.80805004,-8.628,0.16605,0,0,0
-0.64500004,-9.727051,1.83,0,0,0
2.2789502,-11.88195,0.50100005,0,0,0
3.3090003,-12.64395,-1.107,0,0,0
2.43705,-12.52095,0.441,0,0,0
0.58005005,-13.57005,-2.8930502,0,0,0
-4.0090504,-14.80605,2.0380502,0,0,0
-4.938,-13.61295,4.767,0,0,0
0.354,-9.295951,0.04605,0,0,0
-0.09,-7.1940002,0.99600005,0,0,0
-1.8570001,-4.3110003,2.7850502,0,0,0
-2.97,-3.045,3.8050501,0,0,0
-1.8280501,-5.13,0.74505,0,0,0
1.1370001,-29.44395,-13.201051,0,0,0
0.034050003,-8.413051,-8.434051,0,0,0
1.26705,-13.189051,-1.3590001,0,0,0
-7.3110003,-5.418,2.29695,0,0,0
-5.3980503,-4.4620504,2.84505,0,0,0
0.85005003,-15.871051,6.7500005,0,0,0
4.30305,-8.65005,3.798,0,0,0
1.01505,-9.663,-3.183,0,0,0
-1.3590001,-9.339001,0.32805002,0,0,0
-1.86195,-7.3350005,0.56100005,0,0,0
-1.23405,-9.57705,1.8700501,0,0,0
1.848,-11.81805,-0.18105,0,0,0
2.1450002,-12.571951,-2.4049501,0,0,0
3.2059503,-13.342951,0.22605,0,0,0
1.28805,-14.35305,-4.18905,0,0,0
-1.7490001,-13.822051,3.8479502,0,0,0
-5.202,-15.222001,3.453,0,0,0
-1.1029501,-10.387951,0.80295,0,0,0
0.69900006,-7.3069506,2.64105,0,0,0
-2.427,-5.8650002,2.6460001,0,0,0
-3.078,-2.8609502,2.15295,0,0,0
-2.187,-2.9899502,0.65895003,0,0,0
2.703,-18.72705,-8.505,0,0,0
0.12495001,-8.88,-6.86805,0,0,0
-0.384,-10.194,-0.55905,0,0,0
-9.06795,-14.260051,-3.8580003,0,0,0
-4.55805,-2.77005,3.25005,0,0,0
2.3800502,-18.16695,6.6850505,0,0,0
5.9550004,-10.941001,5.1979504,0,0,0
-0.08295,-9.02595,-2.76195,0,0,0
-2.9890501,-9.052051,-0.08505,0,0,0
-0.91800004,-7.932,0.58005005,0,0,0
-0.171,-10.015051,1.2739501,0,0,0
1.5469501,-10.330951,-0.38895002,0,0,0
2.43705,-11.2570505,-0.123,0,0,0
1.9470001,-13.174951,-0.15405001,0,0,0
1.8840001,-14.84895,-2.39295,0,0,0
-3.3940501,-10.798051,-6.27405,0,0,0
-5.50605,-16.86,3.5749502,0,0,0
-0.19005,-11.01105,4.2790504,0,0,0
3.5680501,-9.459001,2.3059502,0,0,0
0.06705,-6.9690003,2.26305,0,0,0
-2.43105,-4.491,2.69895,0,0,0
-3.59505,-3.6510003,3.18705,0,0,0
-4.88805,-11.566051,-3.7860003,0,0,0
1.9279501,-16.795052,-11.910001,0,0,0
-3.2310002,-8.427,-1.8060001,0,0,0
-2.403,-15.387001,-1.7989501,0,0,0
-5.98005,-4.125,2.32995,0,0,0
-2.63295,-11.47305,4.40805,0,0,0
1.9350001,-12.615001,4.64505,0,0,0
3.6150002,-9.102,1.47105,0,0,0
-0.44400004,-10.33605,0.23295002,0,0,0
-1.2220501,-8.724,1.0489501,0,0,0
-0.39195,-8.752951,-0.231,0,0,0
-0.708,-11.40795,1.2409501,0,0,0
3.45,-12.241051,-2.8600502,0,0,0
3.45,-11.94705,-4.203,0,0,0
-0.18300001,-14.35305,1.3410001,0,0,0
-0.16395001,-12.370951,-4.4110503,0,0,0
-6.35295,-16.716002,6.2260504,0,0,0
-3.90405,-11.134951,0.44295,0,0,0
-0.018000001,-7.8889503,2.08095,0,0,0
0.40695003,-5.52495,2.73705,0,0,0
-1.4620501,-4.27995,1.75995,0,0,0
-2.56605,-2.16405,2.9670002,0,0,0
-0.47295,-12.370951,-1.9549501,0,0,0
1.626,-15.32295,-14.139001,0,0,0
-4.644,-7.8240004,-3.8730001,0,0,0
2.29395,-16.989,-1.143,0,0,0
-8.11995,-1.51995,3.1939502,0,0,0
-3.8389502,-10.71105,3.1969502,0,0,0
5.418,-11.04195,5.7730503,0,0,0
5.7559505,-10.36695,-1.7539501,0,0,0
-2.697,-8.81505,-1.1209501,0,0,0
-3.2719502,-8.23995,-0.813,0,0,0
-2.17995,-8.248051,-0.432,0,0,0
1.9630501,-11.358001,2.7949502,0,0,0
4.578,-12.346951,-3.7030501,0,0,0
3.8530502,-14.338951,-1.251,0,0,0
-1.5700501,-14.475,-1.6819501,0,0,0
0.261,-13.648951,-1.9909501,0,0,0
-3.4369502,-15.4470005,5.3710504,0,0,0
0.06705,-11.571,0.83100003,0,0,0
0.57000005,-6.3250504,2.8140001,0,0,0
-1.39005,-4.27995,2.8950002,0,0,0
-3.6379502,-3.9139502,3.28095,0,0,0
-2.6179502,-4.51305,1.64295,0,0,0
1.12995,-20.278952,-9.769951,0,0,0
1.9159501,-12.20505,-8.175,0,0,0
-1.2610501,-8.736,-1.1719501,0,0,0
-8.343,-5.1880503,2.35905,0,0,0
-4.16295,-6.5670004,1.67595,0,0,0
1.09395,-14.691001,6.77895,0,0,0
4.15395,-10.05105,4.8630004,0,0,0
2.5450501,-9.547951,-3.1369503,0,0,0
-2.0719502,-8.85105,0.048,0,0,0
-2.427,-8.026951,0.04605,0,0,0
-0.48495004,-9.712951,1.3960501,0,0,0
3.6079502,-12.283951,-1.746,0,0,0
4.3980002,-12.535951,0.24195,0,0,0
1.4250001,-15.517051,-1.0900501,0,0,0
-0.58095,-12.354001,-5.6350503,0,0,0
-3.387,-15.832951,7.59,0,0,0
-5.95095,-11.82495,0.573,0,0,0
-1.33305,-6.2580004,2.526,0,0,0
0.11505,-5.058,3.7020001,0,0,0
-1.3759501,-3.8160002,2.97405,0,0,0
-1.9720501,-3.14805,3.5389502,0,0,0
-0.44895002,-16.932001,-6.2569504,0,0,0
0.21105,-13.411951,-9.8560505,0,0,0
-2.35995,-14.740951,-4.25595,0,0,0
-7.3300505,-8.154,0.20595,0,0,0
-6.0589504,-4.326,4.09695,0,0,0
3.3280501,-15.8539505,4.45905,0,0,0
2.9980502,-8.499001,5.55,0,0,0
3.5080502,-9.74205,-2.673,0,0,0
-1.3399501,-9.28905,-2.0359502,0,0,0
-2.6920502,-8.499001,-0.11805001,0,0,0
0.47205,-9.076051,1.00395,0,0,0
2.3080502,-13.764001,0.75900006,0,0,0
2.16195,-11.149951,-4.119,0,0,0
4.4370003,-13.816951,1.30095,0,0,0
1.044,-14.029951,-1.473,0,0,0
-0.018000001,-14.323951,-0.91995007,0,0,0
-3.6979501,-14.533051,7.43205,0,0,0
0.14595,-9.780001,0.24900001,0,0,0
0.09105001,-6.459,1.46595,0,0,0
-1.9860001,-4.7860503,3.9060001,0,0,0
-3.28095,-4.0459504,2.9980502,0,0,0
-1.419,-5.05095,-0.36705002,0,0,0
0.49800003,-20.587952,-13.48995,0,0,0
0.36195,-8.923051,-7.0690503,0,0,0
-6.59805,-18.052052,-2.91195,0,0,0
-6.0799503,-2.43705,8.776051,0,0,0
-5.5420504,-11.178,4.1929502,0,0,0
4.80795,-17.68605,5.37795,0,0,0
2.835,-6.3229504,4.566,0,0,0
0.096,-11.302951,-2.2350001,0,0,0
-1.77795,-7.7520003,-1.62405,0,0,0
-1.7989501,-8.679001,0.23505001,0,0,0
-0.21405001,-9.505051,2.18595,0,0,0
2.394,-12.031051,0.98205006,0,0,0
5.1379504,-13.060051,-3.6000001,0,0,0
4.0750504,-14.008051,-0.20700002,0,0,0
0.097950004,-14.727,-3.9439502,0,0,0
-3.14295,-16.021952,7.6410003,0,0,0
-1.713,-12.816001,7.6410003,0,0,0
1.4100001,-10.05105,-0.23595001,0,0,0
-0.22605,-4.584,3.5389502,0,0,0
-2.3449502,-2.904,3.8839502,0,0,0
-3.7459502,-2.6209502,4.3510504,0,0,0
-0.82995003,-16.989,-8.304001,0,0,0
2.1790502,-15.760951,-10.99995,0,0,0
-1.2100501,-10.56105,-4.7179503,0,0,0
-12.057,-4.0219502,7.1790004,0,0,0
-5.5849504,-8.988001,4.1449504,0,0,0
4.176,-15.97605,6.2179503,0,0,0
2.9190001,-7.9819503,5.3920503,0,0,0
1.33905,-9.567,-3.9589503,0,0,0
-4.09095,-8.311951,-1.30095,0,0,0
-0.37005,-8.632951,1.1400001,0,0,0
0.28695002,-9.06705,1.91295,0,0,0
2.83995,-10.5390005,-5.34495,0,0,0
4.3050003,-12.715051,2.89995,0,0,0
-0.06105,-13.635,2.397,0,0,0
-2.52495,-11.55195,-5.826,0,0,0
-3.59505,-15.567,5.24205,0,0,0
-2.8620002,-11.868001,0.68805003,0,0,0
3.9550502,-9.547951,2.1460502,0,0,0
0.32595003,-7.2679505,1.9519501,0,0,0
-1.7850001,-4.9939504,2.835,0,0,0
-3.6880503,-3.5790002,1.87995,0,0,0
-1.4260501,-6.7390504,-2.3070002,0,0,0
2.80095,-19.489052,-13.047001,0,0,0
0.24705002,-8.988001,-5.9989505,0,0,0
0.78495,-16.285051,-1.26495,0,0,0
-7.60305,-4.1530504,2.9569502,0,0,0
-3.6670501,-12.198001,5.1480002,0,0,0
4.4770503,-9.864,5.4469504,0,0,0
5.268,-10.668,-1.3729501,0,0,0
-2.331,-8.298,-2.42205,0,0,0
-3.0349503,-8.03205,-0.99195004,0,0,0
-0.588,-9.94305,2.8980002,0,0,0
3.1560001,-12.56505,1.03995,0,0,0
4.8439503,-12.615001,-4.5409503,0,0,0
2.9190001,-13.642051,1.2720001,0,0,0
-2.9560502,-14.842051,-4.6480503,0,0,0
-1.4980501,-13.936951,7.7119503,0,0,0
-2.49405,-13.218,2.7850502,0,0,0
-1.77795,-10.704,-0.91095006,0,0,0
-0.06795,-6.62895,3.381,0,0,0
-2.0029502,-5.12295,3.89595,0,0,0
-2.48895,-3.4110003,2.26095,0,0,0
-0.66,-4.91505,-1.215,0,0,0
0.07395,-23.298,-13.17195,0,0,0
-1.4620501,-8.85795,-4.9500003,0,0,0
-2.64,-17.844002,-4.18905,0,0,0
-4.90005,-1.6540501,4.4110503,0,0,0
-4.428,-4.0669503,3.9270003,0,0,0
2.9590502,-15.682051,6.0010505,0,0,0
3.4690502,-7.5010505,2.8860002,0,0,0
0.62700003,-10.675051,-2.4720001,0,0,0
-1.55295,-7.9680004,0.43905002,0,0,0
-1.3969501,-8.877001,0.43905002,0,0,0
-0.102000006,-9.403951,1.0540501,0,0,0
1.9390501,-10.93395,1.4320501,0,0,0
3.1920002,-11.856001,-2.0050502,0,0,0
5.0809503,-13.849951,0.89595,0,0,0
-0.025050001,-15.15795,-0.24300002,0,0,0
-3.32205,-12.198001,-5.46705,0,0,0
-4.32795,-15.876,6.7240505,0,0,0
-1.6200001,-11.214001,-2.06205,0,0,0
0.42405003,-7.1340003,2.7130501,0,0,0
-0.33600003,-4.33995,3.7020001,0,0,0
-2.5110002,-1.86195,3.9769502,0,0,0
-1.62705,-2.7169502,3.2299502,0,0,0
-1.713,-28.25205,-13.773001,0,0,0
-1.5769501,-9.77805,-7.7440505,0,0,0
0.18195,-18.78,-4.086,0,0,0
-4.81605,-1.8259501,5.42595,0,0,0
-6.04395,-10.11495,3.4030502,0,0,0
3.1990502,-14.526001,5.505,0,0,0
3.45705,-8.44905,2.60505,0,0,0
1.7550001,-11.7310505,-4.1119504,0,0,0
-2.05095,-8.413051,0.372,0,0,0
-2.352,-7.9890003,0.11100001,0,0,0
0.34005,-10.10805,1.815,0,0,0
3.5389502,-12.421051,-1.16505,0,0,0
3.5080502,-13.620001,-1.4449501,0,0,0
1.5970501,-14.262001,-2.1010501,0,0,0
0.17505,-12.909,-4.44705,0,0,0
-4.83795,-14.308051,7.3960505,0,0,0
-3.0180001,-11.20005,-1.19805,0,0,0
1.3789501,-6.5530505,4.248,0,0,0
-1.5619501,-5.46105,2.5930502,0,0,0
-2.2420502,-3.52095,2.62905,0,0,0
-3.3130503,-3.65805,2.1030002,0,0,0
2.2150502,-20.703001,-13.15305,0,0,0
1.1590501,-14.431951,-11.038951,0,0,0
-5.26905,-9.79905,-2.2080002,0,0,0
-6.6979504,-5.28795,3.7120502,0,0,0
-4.55805,-3.8449502,4.3219504,0,0,0
2.121,-16.22295,5.6650505,0,0,0
4.635,-10.345051,6.56295,0,0,0
2.04195,-8.79405,-4.809,0,0,0
-2.2470002,-8.65005,-0.57105005,0,0,0
-1.58895,-8.916,-0.28605002,0,0,0
-0.35295,-8.916,0.84105,0,0,0
1.95105,-11.703001,1.5450001,0,0,0
2.8470001,-11.746051,-1.2870001,0,0,0
4.2259502,-14.311951,-2.4480002,0,0,0
-2.1370502,-14.281051,-4.01595,0,0,0
-2.3089502,-15.63195,6.0100503,0,0,0
-3.4729502,-14.833951,4.4230504,0,0,0
-0.26205,-10.2300005,-0.52095,0,0,0
0.54105,-6.2359505,1.3770001,0,0,0
-1.66305,-4.75395,3.69705,0,0,0
-3.2410502,-3.4420502,2.4,0,0,0
-1.4119501,-3.9520502,-0.087000005,0,0,0
1.5490501,-25.852951,-12.40305,0,0,0
0.441,-8.463,-5.7109504,0,0,0
-1.8210001,-17.722052,-1.84695,0,0,0
-9.1039505,-1.9770001,3.3670502,0,0,0
-4.3110003,-6.9619503,3.72795,0,0,0
2.7940502,-15.03495,5.8639503,0,0,0
4.137,-8.427,4.1860504,0,0,0
0.69195,-9.900001,-2.5800002,0,0,0
-2.6539502,-8.071051,0.036000002,0,0,0
-2.664,-8.331,0.039,0,0,0
-0.09,-9.972,1.87995,0,0,0
3.6370502,-12.715051,-0.15900001,0,0,0
6.46005,-13.053,-2.127,0,0,0
-0.66495,-14.418,-0.102000006,0,0,0
0.75705004,-13.47,-5.1010504,0,0,0
-3.0280502,-15.28005,6.64905,0,0,0
-5.649,-12.47805,4.1140504,0,0,0
0.46905002,-7.8810005,1.9729501,0,0,0
0.87900007,-5.8770003,4.143,0,0,0
-1.7710501,-4.1389503,3.051,0,0,0
-2.7949502,-1.8139501,3.7140002,0,0,0
-2.74005,-9.318001,-1.8400501,0,0,0
0.9990001,-16.04805,-10.272,0,0,0
-5.5849504,-5.88705,-2.946,0,0,0
-3.3940501,-18.462002,-2.3110502,0,0,0
-6.0090003,-2.0269501,3.5010002,0,0,0
-1.3609501,-14.3890505,4.4370003,0,0,0
4.2910504,-12.535951,7.1020503,0,0,0
2.80395,-9.031051,0.49395,0,0,0
0.39000002,-9.59805,-3.4990501,0,0,0
-2.47005,-8.026951,-1.452,0,0,0
-0.016050002,-9.699,2.16195,0,0,0
2.0710502,-11.51595,1.8700501,0,0,0
2.6749501,-11.6980505,-1.0210501,0,0,0
2.4160502,-12.967051,-1.0710001,0,0,0
1.8319501,-14.382001,-0.94905007,0,0,0
0.03795,-11.833951,-3.3940501,0,0,0
-2.6179502,-15.459001,6.8050504,0,0,0
-2.1370502,-12.751051,0.135,0,0,0
0.606,-7.1989503,1.0159501,0,0,0
-0.50595003,-4.491,3.4669502,0,0,0
-2.352,-3.3630002,3.0000002,0,0,0
-2.3860502,-4.10295,1.84395,0,0,0
3.285,-20.27205,-12.279,0,0,0
1.1880001,-10.489051,-8.391001,0,0,0
-2.733,-13.9150505,-2.73795,0,0,0
-6.8200502,-4.491,3.31695,0,0,0
-3.4300501,-9.318001,3.1300502,0,0,0
3.69405,-14.875051,7.1070004,0,0,0
1.76205,-8.305051,3.0940502,0,0,0
0.984,-10.654051,-3.006,0,0,0
-2.424,-7.8739505,-0.82005006,0,0,0
-0.24795002,-9.67695,-0.73395,0,0,0
2.703,-12.26805,0.82395005,0,0,0
4.8630004,-11.643001,-3.3940501,0,0,0
4.61205,-13.639951,2.08605,0,0,0
-0.26895002,-16.242,-0.906,0,0,0
-3.7890003,-12.556951,-4.04505,0,0,0
-4.65105,-13.75695,7.4110503,0,0,0
-1.5700501,-11.667001,-1.9759501,0,0,0
-1.9620001,-6.2440505,3.3259501,0,0,0
0.00705,-3.7510502,4.09695,0,0,0
-2.0080502,-2.868,2.3419502,0,0,0
-0.92295,-4.22505,1.485,0,0,0
-0.25500003,-25.486952,-15.7890005,0,0,0
-1.1530501,-7.9890003,-6.2070003,0,0,0
-0.94500005,-13.684951,-2.019,0,0,0
-5.262,-3.9310503,2.526,0,0,0
-5.2110004,-4.51305,3.51795,0,0,0
1.1659501,-16.422,5.1979504,0,0,0
2.94,-8.169001,6.11805,0,0,0
3.0580502,-11.20695,-3.3390002,0,0,0
-1.11,-8.34105,-1.22895,0,0,0
-1.6009501,-8.427,-0.564,0,0,0
-1.3110001,-9.74205,2.325,0,0,0
3.2280002,-11.655001,0.89595,0,0,0
4.3980002,-12.373051,-4.143,0,0,0
4.40595,-12.991051,1.866,0,0,0
-0.75495005,-14.66205,-2.8600502,0,0,0
-1.4830501,-14.7289505,-0.54,0,0,0
-4.62195,-13.663951,7.293,0,0,0
-1.4760001,-9.76605,-1.0860001,0,0,0
0.82905006,-6.45195,2.706,0,0,0
-0.74595004,-4.86705,3.6799502,0,0,0
-3.3079503,-2.69805,3.62295,0,0,0
-2.08005,-3.2700002,2.3830502,0,0,0
1.4250001,-28.021952,-13.732051,0,0,0
1.1880001,-10.173,-9.030001,0,0,0
-0.90195006,-15.445051,-2.7139502,0,0,0
-7.122,-4.73505,3.6829503,0,0,0
-4.584,-6.46605,3.3259501,0,0,0
3.4650002,-15.4810505,6.4120502,0,0,0
2.148,-7.48605,3.9559503,0,0,0
2.1649501,-11.494051,-3.5760002,0,0,0
-2.2450502,-7.4790006,-0.62595004,0,0,0
-1.9570501,-8.81505,-0.13695,0,0,0
0.01695,-9.74895,1.8370501,0,0,0
4.7580004,-11.98995,-1.42305,0,0,0
3.6709502,-12.993001,-0.07305,0,0,0
-2.697,-14.08005,-0.38205,0,0,0
-1.0309501,-12.8230505,-5.77605,0,0,0
-3.90405,-15.189001,7.8079505,0,0,0
-1.11705,-12.13395,2.433,0,0,0
3.31395,-8.02995,4.4440503,0,0,0
-1.08405,-5.5609503,2.43105,0,0,0
-2.04795,-4.3900504,3.1249502,0,0,0
-1.5190501,-3.4140003,0.96795005,0,0,0
1.2739501,-15.96195,-9.439051,0,0,0
2.703,-14.33205,-8.628,0,0,0
-4.1410503,-3.9810002,-0.82005006,0,0,0
-2.367,-17.872952,-2.7880502,0,0,0
-4.0620003,-4.2400503,2.0020502,0,0,0
-2.4430501,-7.1130004,3.5970001,0,0,0
2.157,-13.9150505,6.32595,0,0,0
3.2640002,-8.27595,2.0020502,0,0,0
0.59895,-10.395,-2.529,0,0,0
-0.75105006,-9.318001,0.321,0,0,0
-1.00695,-9.05895,0.84105,0,0,0
-0.40095,-10.06305,1.45395,0,0,0
1.8199501,-10.38105,-0.453,0,0,0
4.1130004,-12.363001,-0.48900002,0,0,0
3.34995,-13.161,1.1880001,0,0,0
0.28005,-14.262001,-2.91,0,0,0
-2.43105,-15.258,-1.3660501,0,0,0
-5.78595,-14.6980505,6.3619504,0,0,0
-0.24795002,-10.27995,-1.27005,0,0,0
0.82905006,-6.8899503,3.69195,0,0,0
-0.50595003,-4.62795,4.0399504,0,0,0
-2.736,-4.38105,2.5770001,0,0,0
-2.46495,-9.98595,-3.9799502,0,0,0
0.87900007,-18.202951,-9.54705,0,0,0
0.97905004,-12.77295,-9.40995,0,0,0
-7.452,-7.3710003,-1.9980001,0,0,0
-4.7970004,-17.053951,-3.8610003,0,0,0
-2.9560502,-4.3159504,3.5299501,0,0,0
-2.058,-13.477051,4.3219504,0,0,0
3.2010002,-9.98595,5.9479504,0,0,0
2.2339501,-9.06705,-2.21295,0,0,0
-0.20505,-9.65295,-0.34605002,0,0,0
-2.02005,-8.892,-0.28095,0,0,0
0.192,-8.908951,-0.29295,0,0,0
0.47700003,-10.663951,1.18605,0,0,0
1.7050501,-11.335951,-0.87000006,0,0,0
3.22305,-13.08195,0.85995007,0,0,0
-0.46305,-13.599001,-0.109050006,0,0,0
2.22195,-12.967051,-5.8620005,0,0,0
-2.877,-16.105951,6.76905,0,0,0
-0.27405003,-13.576951,3.4390502,0,0,0
1.06605,-7.5870004,0.73800004,0,0,0
-0.126,-5.0149503,3.66105,0,0,0
-2.3359501,-3.76095,2.802,0,0,0
-2.913,-3.4660501,2.8860002,0,0,0
-0.684,-8.75805,-3.3049502,0,0,0
3.522,-17.298,-11.910001,0,0,0
-3.2220001,-5.6910005,-4.5480003,0,0,0
-4.39995,-22.576952,-2.568,0,0,0
-5.9149504,-0.62700003,4.8030005,0,0,0
-3.90405,-12.895051,5.076,0,0,0
3.6439502,-14.611951,6.6400504,0,0,0
4.125,-7.6080003,-0.87000006,0,0,0
0.07395,-11.382001,-1.2790501,0,0,0
-0.93705004,-8.370001,-0.56805,0,0,0
-0.67200005,-9.02295,0.51495004,0,0,0
-0.32700002,-9.02295,2.3400002,0,0,0
0.37605003,-10.9459505,2.4469502,0,0,0
4.08495,-12.085951,-3.2380502,0,0,0
5.0020504,-13.941001,1.4629501,0,0,0
-1.5700501,-14.935051,0.83100003,0,0,0
-2.39295,-13.29705,-4.56705,0,0,0
-3.7699502,-13.855051,7.5829506,0,0,0
0.06705,-10.017,-1.557,0,0,0
-0.42705002,-7.5370502,1.8970501,0,0,0
-0.291,-6.83505,2.9860501,0,0,0
-1.19595,-5.4250503,1.6360501,0,0,0
-1.9720501,-3.3270001,2.09295,0,0,0
-2.45805,-10.266001,-3.9229503,0,0,0
1.2379501,-14.691001,-10.408951,0,0,0
-2.0080502,-6.8610005,-4.1530504,0,0,0
-6.7200003,-15.48795,-4.1020503,0,0,0
-4.833,-4.11795,4.4440503,0,0,0
-2.259,-12.586051,3.3640501,0,0,0
4.5420003,-11.566051,5.3920503,0,0,0
1.7119501,-8.700001,0.65895003,0,0,0
-1.43295,-10.6060505,-1.50195,0,0,0
-0.39600003,-8.269051,0.36,0,0,0
-0.052050002,-9.117001,0.37395,0,0,0
-0.384,-9.16695,0.64500004,0,0,0
1.7839501,-11.358001,0.34305,0,0,0
2.028,-11.81805,-3.147,0,0,0
4.89405,-14.154,1.53495,0,0,0
-0.57105005,-14.491951,-0.26700002,0,0,0
-2.0010002,-12.535951,-2.9239502,0,0,0
-2.74005,-13.684951,4.69605,0,0,0
0.52905005,-10.194,0.57495004,0,0,0
0.66300005,-7.8529506,3.4939501,0,0,0
0.9289501,-7.2730503,2.9929502,0,0,0
-1.5769501,-5.9280005,2.9929502,0,0,0
-2.9340003,-3.8449502,1.83,0,0,0
-2.6920502,-5.6260505,-0.86295,0,0,0
5.17395,-19.969952,-8.994,0,0,0
1.8049501,-10.87695,-8.14605,0,0,0
-3.9540002,-10.186951,-1.9549501,0,0,0
-5.6779504,-6.294,0.10605001,0,0,0
-4.4710503,-3.48495,4.0279503,0,0,0
0.03795,-16.594051,4.59495,0,0,0
4.04895,-10.639951,7.0320005,0,0,0
3.216,-9.706051,-3.7770002,0,0,0
-0.58500004,-10.89105,0.034050003,0,0,0
-1.31805,-8.752951,0.65205,0,0,0
-1.014,-8.78205,0.40695003,0,0,0
0.92700005,-10.479,0.96495,0,0,0
2.466,-10.52505,-1.09305,0,0,0
4.30305,-12.945001,0.83100003,0,0,0
-1.4760001,-15.682051,-3.11805,0,0,0
1.1230501,-12.471001,-4.512,0,0,0
-4.83795,-14.854051,6.9610505,0,0,0
-2.01495,-12.1699505,1.26195,0,0,0
-0.03195,-7.695,3.18,0,0,0
-0.06105,-6.55695,1.4779501,0,0,0
-2.295,-4.8169503,2.26095,0,0,0
-2.23005,-4.27605,2.66295,0,0,0
-1.095,-5.82705,-1.452,0,0,0
2.29605,-21.12705,-12.159,0,0,0
1.9060501,-10.395,-8.44095,0,0,0
-6.123,-11.30805,-3.6810002,0,0,0
-4.65105,-4.6849504,1.0830001,0,0,0
-5.7400503,-6.9040504,3.8860502,0,0,0
1.3240501,-14.569051,4.45095,0,0,0
4.98495,-11.22105,6.2380505,0,0,0
2.3370001,-8.887051,-3.3409503,0,0,0
-2.403,-10.5390005,-1.8330001,0,0,0
-1.8499501,-8.128051,-0.28095,0,0,0
-1.0330501,-9.153001,1.779,0,0,0
2.3080502,-10.189051,0.47895002,0,0,0
2.976,-11.770051,-2.091,0,0,0
3.486,-12.571951,0.25905,0,0,0
0.53400004,-15.193951,-0.82005006,0,0,0
-4.1719503,-14.005951,-2.52195,0,0,0
-2.9850001,-15.550051,4.52295,0,0,0
0.82395005,-10.41705,1.53795,0,0,0
3.3280501,-8.07495,3.7189503,0,0,0
-1.2750001,-6.1789503,1.91805,0,0,0
-2.4390001,-4.7380505,2.18895,0,0,0
-4.81605,-2.5780501,3.3289502,0,0,0
-3.4300501,-8.578051,-1.50195,0,0,0
0.49095002,-16.126951,-12.757951,0,0,0
-1.0309501,-6.2509503,-3.6499503,0,0,0
-5.78595,-15.559951,1.0830001,0,0,0
-4.4209504,-6.0709505,1.42005,0,0,0
-1.6840501,-10.927051,4.6480503,0,0,0
2.53095,-12.636001,7.49205,0,0,0
2.121,-8.97795,0.012,0,0,0
-1.04295,-9.339001,-2.8600502,0,0,0
-2.1390002,-8.205,-0.14505,0,0,0
1.044,-9.885,0.40695003,0,0,0
1.67595,-9.636001,0.63000005,0,0,0
3.2970002,-10.9480505,-1.143,0,0,0
1.8700501,-12.78705,-0.43905002,0,0,0
3.0700502,-15.889951,-1.524,0,0,0
-0.64995,-12.694051,-4.0230002,0,0,0
-4.08405,-15.639001,7.4040003,0,0,0
-4.17705,-11.128051,3.28095,0,0,0
3.4650002,-8.14005,2.8860002,0,0,0
1.0009501,-5.6950502,2.87805,0,0,0
-2.56995,-5.0680504,2.8830001,0,0,0
-2.56095,-3.35595,1.9519501,0,0,0
-3.83205,-10.351951,-3.492,0,0,0
1.60395,-19.22295,-11.90295,0,0,0
-3.52305,-4.41195,-5.15805,0,0,0
-3.6910503,-17.772001,-3.0630002,0,0,0
-3.4129503,-4.893,4.2169504,0,0,0
-2.53905,-10.9129505,3.8790002,0,0,0
3.048,-12.363001,6.83895,0,0,0
1.3240501,-8.620951,1.485,0,0,0
-0.37695003,-10.31595,-1.8679501,0,0,0
-2.0650501,-8.394,0.29295,0,0,0
0.21795002,-9.18105,0.58005005,0,0,0
-0.31005,-10.17,1.4940001,0,0,0
2.538,-12.535951,-1.19295,0,0,0
0.20805001,-11.667001,-2.66595,0,0,0
4.09695,-14.250001,2.7850502,0,0,0
0.06705,-12.708,-2.2680001,0,0,0
-3.3940501,-12.328051,0.77400005,0,0,0
-2.946,-12.076051,5.9550004,0,0,0
2.667,-10.58895,-1.677,0,0,0
0.25905,-7.5820503,3.1270502,0,0,0
-0.837,-6.55695,4.6740003,0,0,0
-2.15895,-5.1160502,2.9479501,0,0,0
-3.8869503,-2.9539502,0.94605005,0,0,0
-3.9060001,-8.65005,-1.8900001,0,0,0
0.72795004,-19.675951,-9.54705,0,0,0
-6.4180503,-11.83905,-3.5490003,0,0,0
-6.03,-5.181,-4.20795,0,0,0
-3.1350002,-3.4350002,6.168,0,0,0
1.5109501,-18.43995,3.7830002,0,0,0
2.6100001,-7.5370502,4.77705,0,0,0
1.7910001,-9.13095,-3.8050501,0,0,0
-1.4070001,-9.153001,-0.109050006,0,0,0
-3.006,-8.743051,0.96795005,0,0,0
-2.08695,-7.9530005,1.1400001,0,0,0
0.48405004,-12.4140005,3.0580502,0,0,0
0.66300005,-12.406951,-3.08205,0,0,0
4.80795,-12.77805,-1.00695,0,0,0
5.7780004,-12.715051,4.2379503,0,0,0
-3.078,-12.177001,-4.44705,0,0,0
-1.3369501,-14.08695,2.052,0,0,0
-3.07095,-13.053,6.26205,0,0,0
1.35,-11.133,-1.0879501,0,0,0
0.49605003,-6.912,3.7830002,0,0,0
-0.24300002,-5.394,4.07595,0,0,0
-3.08505,-4.23495,2.7559502,0,0,0
-2.15895,-4.11795,0.19905001,0,0,0
2.09295,-18.052052,-7.3710003,0,0,0
2.11395,-13.893001,-9.556951,0,0,0
-8.178,-11.24295,-2.565,0,0,0
-2.39595,-10.309051,-4.0810504,0,0,0
-3.3439503,-2.2789502,5.4430504,0,0,0
-1.1890501,-17.30505,4.79895,0,0,0
3.76395,-10.158001,5.4760504,0,0,0
0.55605,-10.000051,-3.8460002,0,0,0
-1.4760001,-9.102,0.034050003,0,0,0
-2.2110002,-8.63595,0.95100003,0,0,0
0.702,-8.908951,-0.08505,0,0,0
1.3099501,-12.306001,1.5259501,0,0,0
2.3059502,-11.443951,-3.2070003,0,0,0
3.867,-13.813951,0.68805003,0,0,0
1.9200001,-15.354001,-0.906,0,0,0
-2.15895,-12.0379505,-2.94405,0,0,0
-6.1210504,-15.547951,5.63205,0,0,0
-1.1530501,-10.941001,3.62505,0,0,0
-0.66495,-7.86705,2.26095,0,0,0
-0.32700002,-4.9240503,3.6090002,0,0,0
-1.3609501,-4.06005,2.397,0,0,0
-0.837,-4.2319503,0.60105,0,0,0
-1.182,-10.762051,-5.98395,0,0,0
3.6079502,-15.121951,-10.75395,0,0,0
-1.11,-7.149,-6.1420503,0,0,0
-5.7640505,-16.716002,-2.1060002,0,0,0
-1.5619501,-7.3069506,0.56595004,0,0,0
-2.6470501,-6.0709505,4.5090003,0,0,0
1.9920001,-15.64605,5.54295,0,0,0
1.9440001,-7.3999505,4.59495,0,0,0
1.33095,-10.186951,-3.3120003,0,0,0
-1.0519501,-8.988001,-0.07305,0,0,0
-1.39005,-8.575951,0.25695002,0,0,0
-0.77505004,-9.64095,1.1190001,0,0,0
1.22595,-10.471951,0.112950005,0,0,0
4.73595,-13.129951,-2.18205,0,0,0
2.6100001,-12.793951,2.11905,0,0,0
1.3740001,-15.904951,-3.08205,0,0,0
-1.182,-13.743001,-0.432,0,0,0
-6.2100005,-15.50205,7.827,0,0,0
-1.0669501,-10.56105,-2.5560002,0,0,0
-2.3089502,-6.1720505,4.5259504,0,0,0
-0.15,-3.5500503,3.0910501,0,0,0
-2.7190502,-2.8890002,2.56695,0,0,0
-1.9219501,-3.6079502,1.9369501,0,0,0
0.13905,-21.37095,-14.503051,0,0,0
1.9350001,-10.021951,-8.87205,0,0,0
-6.94995,-10.83405,-4.0020003,0,0,0
-3.4660501,-9.612,4.9180503,0,0,0
-5.7720003,-7.0339503,3.1609502,0,0,0
-0.00405,-14.68605,4.6090503,0,0,0
2.3440502,-9.403951,7.18305,0,0,0
0.72105,-9.936001,-4.3110003,0,0,0
0.117000006,-8.51295,-2.91,0,0,0
-1.167,-8.490001,-1.09305,0,0,0
-0.52605003,-10.776001,1.35105,0,0,0
3.8880002,-12.306001,-0.89895004,0,0,0
3.11295,-13.1320505,0.048,0,0,0
-0.55695003,-13.290001,-0.07305,0,0,0
2.66295,-13.066951,-3.42705,0,0,0
-3.24795,-15.517051,6.25395,0,0,0
-1.713,-12.60795,4.3720503,0,0,0
2.5519502,-9.426001,1.0830001,0,0,0
-0.39195,-5.17605,4.4440503,0,0,0
-0.966,-4.52895,2.5549502,0,0,0
-3.21195,-4.19205,3.42705,0,0,0
-3.0199502,-7.1629505,-0.71205,0,0,0
4.0800004,-16.60905,-11.754001,0,0,0
2.56005,-11.142,-8.151,0,0,0
-0.67905,-15.639001,-0.66195005,0,0,0
-8.875051,-8.427,-2.1010501,0,0,0
-5.34105,-2.3860502,4.1400003,0,0,0
1.60395,-17.233051,7.9489503,0,0,0
7.9680004,-7.7520003,7.1380506,0,0,0
1.5090001,-10.798051,-7.9260006,0,0,0
-7.5390005,-10.531951,1.011,0,0,0
1.59,-11.106001,-2.529,0,0,0
2.77305,-11.739,0.75705004,0,0,0
3.5719502,-11.490001,0.55095005,0,0,0
2.232,-14.734051,-0.57600003,0,0,0
-0.67200005,-11.085001,-2.33505,0,0,0
-6.5620503,-16.111052,7.7839503,0,0,0
-2.733,-10.422001,1.7119501,0,0,0
-0.47805002,-9.547951,0.22995001,0,0,0
-0.147,-5.2519503,2.46405,0,0,0
-0.55695003,-4.5600004,2.9650502,0,0,0
-1.12695,-3.8539503,2.97705,0,0,0
-0.25995,-7.32105,-1.9909501,0,0,0
0.22305001,-19.62495,-12.846001,0,0,0
-2.3809502,-7.79505,-6.60195,0,0,0
0.12495001,-15.387001,-2.70405,0,0,0
-5.20905,-3.2269502,3.7140002,0,0,0
-4.7850003,-5.604,3.96495,0,0,0
3.5359502,-16.063051,4.602,0,0,0
2.56005,-7.4790006,4.5090003,0,0,0
2.96895,-11.278951,-3.31695,0,0,0
-1.5340501,-8.779051,-1.30305,0,0,0
-3.28605,-8.025001,0.16995001,0,0,0
-0.90195006,-10.38105,2.62695,0,0,0
3.49305,-12.141001,-2.9959502,0,0,0
6.2370005,-13.08705,-1.9039501,0,0,0
0.71400005,-14.590051,1.3410001,0,0,0
-2.1370502,-12.933001,-5.27295,0,0,0
-0.57795,-14.86305,5.1979504,0,0,0
-1.70595,-13.411951,0.795,0,0,0
-1.2750001,-8.226001,2.02395,0,0,0
-0.90195006,-5.50395,3.8119502,0,0,0
-2.43105,-3.45,2.7130501,0,0,0
-3.21405,-1.50495,4.0129504,0,0,0
2.98305,-15.294001,-9.633,0,0,0
0.864,-16.27095,-9.784051,0,0,0
-9.241051,-10.62495,-3.3960001,0,0,0
-7.6249504,-12.52095,-3.8460002,0,0,0
-1.914,-4.5700502,4.947,0,0,0
-1.9219501,-13.678051,4.3560004,0,0,0
4.104,-10.9129505,4.368,0,0,0
1.9560001,-8.311951,-1.07805,0,0,0
-0.55695003,-10.144051,-0.56805,0,0,0
-0.40605003,-8.154,1.03995,0,0,0
-2.05995,-8.99505,0.44295,0,0,0
0.28305,-11.953951,2.043,0,0,0
2.8330503,-13.170001,-4.0279503,0,0,0
3.42195,-12.241051,1.743,0,0,0
3.6510003,-13.993951,-5.41695,0,0,0
1.54005,-13.957951,-2.39295,0,0,0
-6.1470003,-14.97105,6.5490003,0,0,0
-2.697,-12.60795,3.0220501,0,0,0
3.2989502,-8.52105,2.232,0,0,0
-2.4840002,-4.8769503,4.26195,0,0,0
-2.736,-3.7180502,3.417,0,0,0
-1.7350501,-3.7219503,0.68805003,0,0,0
-1.0360501,-8.118,-3.9079502,0,0,0
4.6930504,-18.153002,-10.287001,0,0,0
0.052950002,-9.59805,-7.0399504,0,0,0
-7.38,-17.772001,-2.73,0,0,0
-2.14395,-2.8819501,3.24705,0,0,0
-3.90405,-6.7540503,5.208,0,0,0
2.1649501,-17.061,6.5850005,0,0,0
2.76795,-7.4359503,3.20895,0,0,0
1.4800501,-10.516951,-3.0610502,0,0,0
-0.35595003,-8.463,0.702,0,0,0
-3.04905,-8.54895,1.7080501,0,0,0
0.36195,-11.53005,-0.17295001,0,0,0
4.45095,-12.411,-2.91,0,0,0
5.2099504,-12.706051,0.702,0,0,0
-0.29805002,-13.534051,-0.51795,0,0,0
0.93600005,-13.57005,-2.091,0,0,0
-6.7819505,-15.379951,6.7570505,0,0,0
-1.7560501,-14.6980505,-2.2350001,0,0,0
-0.62595004,-6.46605,3.18195,0,0,0
-1.27995,-3.8880002,3.8500502,0,0,0
-1.8229501,-3.8230503,2.46705,0,0,0
-2.0650501,-2.3070002,2.7280502,0,0,0
-1.0690501,-13.6060505,-7.1980505,0,0,0
3.5719502,-17.08995,-10.93095,0,0,0
-5.9440503,-5.2170005,-2.055,0,0,0
-8.451,-20.587952,-2.9670002,0,0,0
-4.6320004,-2.12295,4.269,0,0,0
-3.7459502,-13.030951,4.6860003,0,0,0
4.104,-13.54905,7.2670503,0,0,0
0.78495,-6.7110004,-0.60405004,0,0,0
-0.040050004,-11.410951,-1.8400501,0,0,0
0.41400003,-7.8240004,0.15105,0,0,0
-1.1389501,-8.89395,1.60695,0,0,0
-0.837,-10.26795,2.3400002,0,0,0
3.21795,-12.672001,-3.35505,0,0,0
5.3299503,-12.361051,-1.7539501,0,0,0
2.01105,-15.32295,1.044,0,0,0
-1.6129501,-13.021951,-3.9520502,0,0,0
-4.5739503,-14.611951,6.9340506,0,0,0
-3.006,-14.18805,0.795,0,0,0
3.8089502,-9.76305,3.5029502,0,0,0
-0.27195,-4.60395,2.7109501,0,0,0
-1.0309501,-4.60395,2.2800002,0,0,0
-2.1079502,-2.8249502,3.24195,0,0,0
-2.5819502,-8.334001,-2.1990001,0,0,0
6.0000005,-21.615002,-10.96695,0,0,0
-3.1350002,-6.5170503,-5.223,0,0,0
-5.3479505,-23.73405,-3.7890003,0,0,0
-4.7590504,-1.4500501,5.80905,0,0,0
-3.7720501,-12.13395,4.98495,0,0,0
4.6930504,-15.150001,5.6509504,0,0,0
2.4160502,-6.68205,0.65205,0,0,0
1.8199501,-11.06295,-3.075,0,0,0
-1.1740501,-7.9219503,0.71595,0,0,0
-2.7499502,-8.578051,-0.19005,0,0,0
1.3099501,-10.99905,1.19295,0,0,0
5.01105,-12.49995,-0.777,0,0,0
1.81305,-12.055051,-2.29905,0,0,0
1.2090001,-12.97395,2.8279502,0,0,0
2.87595,-13.620001,-4.74195,0,0,0
-5.47695,-15.595951,6.4120502,0,0,0
-5.33295,-13.29705,5.256,0,0,0
2.6820002,-10.431001,-1.9930501,0,0,0
-0.06105,-5.7580504,4.31505,0,0,0
-1.23705,-2.8510501,3.9940503,0,0,0
-2.0770502,-3.59295,2.4790502,0,0,0
0.031050002,-7.5940504,-3.8220003,0,0,0
-1.1890501,-15.352051,-11.95995,0,0,0
1.2240001,-12.055051,-7.5930004,0,0,0
-5.886,-5.0080504,-1.6819501,0,0,0
-6.9930005,-23.920952,-1.0330501,0,0,0
-1.419,-3.73005,4.518,0,0,0
-1.06005,-14.338951,4.5160503,0,0,0
4.3120503,-12.406951,6.57,0,0,0
1.5829501,-7.6009502,-3.04605,0,0,0
0.91995007,-9.58395,-1.26495,0,0,0
-0.025050001,-7.005,0.55095005,0,0,0
-1.5840001,-8.08005,0.81000006,0,0,0
0.87195003,-11.968051,2.15295,0,0,0
4.36005,-13.279951,-4.74195,0,0,0
1.08,-11.545051,-0.34605002,0,0,0
3.52905,-15.63195,-3.2040002,0,0,0
1.3240501,-13.992001,2.835,0,0,0
-5.07495,-12.832951,7.3369503,0,0,0
-0.492,-13.26105,1.047,0,0,0
3.3349502,-9.253051,2.397,0,0,0
-1.55505,-4.07205,3.7710001,0,0,0
-1.5340501,-4.02405,3.4630501,0,0,0
-2.04795,-4.75005,0.81000006,0,0,0
0.90000004,-12.694051,-7.0690503,0,0,0
2.25795,-14.229001,-8.07705,0,0,0
-3.351,-7.1989503,-2.457,0,0,0
-5.736,-19.351952,-3.183,0,0,0
-2.81205,-3.315,4.6530004,0,0,0
-3.31695,-8.578051,4.3560004,0,0,0
4.87995,-15.17895,5.886,0,0,0
11.35095,-8.311951,0.72405005,0,0,0
-1.55505,-9.26805,-1.45905,0,0,0
-2.5510502,-8.334001,0.86205006,0,0,0
-2.23005,-8.988001,-0.17805001,0,0,0
0.75000006,-11.104051,2.6220002,0,0,0
3.7740002,-13.369051,-3.75795,0,0,0
1.67595,-13.110001,-0.20895001,0,0,0
6.33795,-14.929951,-3.7219503,0,0,0
2.229,-13.189051,0.09900001,0,0,0
-3.8250003,-14.70495,5.2489505,0,0,0
0.46905002,-14.2240505,0.62505,0,0,0
1.67595,-8.908951,4.0080004,0,0,0
-1.9219501,-4.64895,5.30595,0,0,0
-2.5510502,-3.6820502,2.9670002,0,0,0
-3.83205,-5.1589503,0.74505,0,0,0
-1.131,-13.333051,-7.248,0,0,0
3.486,-14.425051,-9.98505,0,0,0
-0.37695003,-6.1069503,-5.0719504,0,0,0
-7.0789504,-14.797951,-1.6510501,0,0,0
-1.5340501,-8.700001,0.95295006,0,0,0
-2.2090502,-3.7870502,5.1049504,0,0,0
2.32305,-18.39705,5.7400503,0,0,0
23.806952,-12.945001,3.8550003,0,0,0
-6.2239504,-5.3890505,-5.3710504,0,0,0
-4.03305,-10.387951,1.09695,0,0,0
1.6020001,-9.43305,0.40500003,0,0,0
-0.24300002,-9.129001,0.51495004,0,0,0
2.35605,-11.581051,1.69305,0,0,0
1.19505,-12.80895,-2.1079502,0,0,0
2.3800502,-13.707001,-1.3230001,0,0,0
4.58295,-14.581051,-2.493,0,0,0
0.97905004,-13.90995,4.78905,0,0,0
-5.1469502,-13.066951,4.21395,0,0,0
3.249,-10.516951,-0.53505003,0,0,0
-0.94500005,-6.21495,5.565,0,0,0
0.27105,-5.9710503,3.4339502,0,0,0
-1.6990501,-5.964,2.8279502,0,0,0
-1.6150501,-4.6849504,0.537,0,0,0
-0.80805004,-12.241051,-5.44605,0,0,0
3.9889503,-14.575951,-9.65205,0,0,0
-2.9490001,-7.37895,-4.32495,0,0,0
-4.2769504,-22.390951,-3.2980502,0,0,0
-3.5020502,-1.2900001,3.3379502,0,0,0
-4.191,-7.4140506,4.32,0,0,0
4.57095,-18.577051,5.00505,0,0,0
3.31395,-7.5150003,-0.19500001,0,0,0
0.22500001,-10.491,-2.39295,0,0,0
-0.55005,-7.5940504,0.537,0,0,0
-1.5649501,-9.06705,0.89400005,0,0,0
-1.9720501,-8.941951,1.9950001,0,0,0
0.57705003,-12.069,1.7080501,0,0,0
1.8700501,-11.988001,-3.5440502,0,0,0
2.9550002,-11.976001,3.108,0,0,0
2.05005,-15.876,-2.70195,0,0,0
-1.9219501,-12.694051,1.9369501,0,0,0
-4.4710503,-13.362,4.20195,0,0,0
0.54795,-12.328051,4.22205,0,0,0
0.9990001,-9.295951,1.7770501,0,0,0
-0.71505004,-5.98005,3.72795,0,0,0
-0.48495004,-7.8600006,2.94105,0,0,0
-1.9930501,-6.9910502,0.65205,0,0,0
-3.0919502,-4.9890003,-0.76695,0,0,0
0.51195,-10.395,-3.8440502,0,0,0
2.7610502,-13.47,-8.886001,0,0,0
-0.57105005,-10.10805,-6.4150505,0,0,0
-5.3910003,-11.83905,-1.179,0,0,0
-4.026,-11.0779505,-6.3169503,0,0,0
-3.7410002,-3.8950503,3.9390001,0,0,0
-3.1230001,-12.658051,2.088,0,0,0
4.05405,-11.853001,3.3670502,0,0,0
2.3730001,-8.620951,-0.432,0,0,0
0.39795002,-10.819051,0.063,0,0,0
-0.53505003,-8.511001,0.04095,0,0,0
-1.1910001,-9.265051,0.92205006,0,0,0
-0.74100006,-8.844001,1.88205,0,0,0
-0.71205,-12.045001,2.4709501,0,0,0
1.36995,-11.358001,-5.95305,0,0,0
4.6860003,-12.246,4.8250504,0,0,0
0.96000004,-15.15795,-1.3300501,0,0,0
0.012,-11.566051,-2.1409502,0,0,0
-4.10505,-14.626051,3.31695,0,0,0
-2.9340003,-11.185051,4.08495,0,0,0
2.43705,-10.2300005,-0.03195,0,0,0
-0.10395,-7.4620504,0.65595,0,0,0
-0.384,-7.2949505,2.43105,0,0,0
-1.62195,-4.182,1.72695,0,0,0
-1.42305,-3.3060002,0.64005005,0,0,0
-0.24795002,-11.595,-7.557,0,0,0
3.18495,-15.379951,-10.10505,0,0,0
-5.90805,-10.848001,-3.7840502,0,0,0
-6.4470005,-16.623001,-5.5630503,0,0,0
-6.09495,-2.3790002,5.0929503,0,0,0
-3.0559502,-13.29705,4.059,0,0,0
5.7340503,-13.09605,6.3169503,0,0,0
2.8879502,-7.3570504,-3.0319502,0,0,0
-0.52095,-10.330951,-1.0570501,0,0,0
0.42600003,-7.8450003,0.771,0,0,0
-0.99000007,-8.80305,1.3240501,0,0,0
-1.9069501,-9.102,2.02395,0,0,0
0.97905004,-12.117001,-0.22395001,0,0,0
4.7860503,-12.969001,-3.8100002,0,0,0
1.38195,-12.967051,2.91405,0,0,0
0.48405004,-14.611951,-4.224,0,0,0
1.41795,-14.533051,0.702,0,0,0
-3.7459502,-13.576951,5.61495,0,0,0
2.5810502,-12.3490505,0.65205,0,0,0
0.67800003,-7.5799503,3.1300502,0,0,0
-1.5409501,-5.4030004,3.1270502,0,0,0
-2.6569502,-3.96705,2.016,0,0,0
-1.3440001,-3.0979502,-0.78405005,0,0,0
3.7090502,-17.85795,-6.6589503,0,0,0
1.9920001,-13.957951,-9.35295,0,0,0
-7.5030003,-7.4500504,-0.56805,0,0,0
-6.7770004,-17.92995,-1.9260001,0,0,0
-2.9580002,-4.4050503,2.91195,0,0,0
-2.76195,-10.209001,4.1950502,0,0,0
3.0700502,-13.08195,5.787,0,0,0
3.4290001,-7.9960504,-0.35295,0,0,0
-2.3380501,-9.46905,-0.97095007,0,0,0
-2.2729502,-8.74995,3.24495,0,0,0
-1.455,-9.462001,0.08400001,0,0,0
1.2550501,-11.63805,-0.46500003,0,0,0
2.6530502,-11.7960005,-0.97095007,0,0,0
4.815,-12.46395,0.22095,0,0,0
1.4970001,-15.021001,-1.7320501,0,0,0
1.554,-12.78705,-7.0810504,0,0,0
-4.17705,-16.551,7.7959504,0,0,0
-2.59695,-13.378951,4.4440503,0,0,0
-0.25500003,-5.5420504,4.401,0,0,0
-1.9219501,-3.9450002,4.473,0,0,0
-2.223,-3.9450002,2.02395,0,0,0
-0.17595,-4.491,0.56595004,0,0,0
0.67995006,-15.868951,-9.61905,0,0,0
2.08605,-14.166,-10.344001,0,0,0
-7.0930505,-6.696,-1.1209501,0,0,0
-6.6480002,-17.254951,-1.12395,0,0,0
-2.07495,-5.2600503,3.798,0,0,0
-1.5769501,-8.370001,3.798,0,0,0
-2.52495,-11.106001,5.1550503,0,0,0
0.35205,-7.9009504,2.93595,0,0,0
0.72300005,-11.398951,-3.2329502,0,0,0
0.70605004,-7.8169503,0.14895001,0,0,0
-1.93305,-8.700001,1.7220001,0,0,0
1.06605,-13.065001,1.1040001,0,0,0
3.9889503,-11.911051,-4.7059503,0,0,0
3.7090502,-13.269001,1.9300501,0,0,0
1.7910001,-13.977,-6.2430005,0,0,0
3.9720001,-15.531001,1.557,0,0,0
-5.2110004,-13.92195,6.5989504,0,0,0
1.0870501,-13.003051,0.537,0,0,0
-0.89400005,-5.6119504,2.196,0,0,0
0.87900007,-5.9710503,4.92105,0,0,0
-4.32795,-2.3149502,2.0380502,0,0,0
-1.3399501,-4.4770503,-0.74805003,0,0,0
2.3730001,-17.61405,-10.30095,0,0,0
5.5399504,-14.86305,-9.372001,0,0,0
-5.118,-14.985001,-2.01195,0,0,0
-8.86695,-6.4810505,0.07005,0,0,0
-3.58995,-2.0989501,5.0809503,0,0,0
4.11105,-21.109951,6.8650503,0,0,0
3.5800502,-9.2029505,7.2240005,0,0,0
2.6460001,-8.614051,-4.122,0,0,0
-0.67200005,-11.121,-1.9470001,0,0,0
-2.5110002,-7.5439506,0.62505,0,0,0
-3.2359502,-9.612,2.22495,0,0,0
4.2910504,-12.073951,-0.33105,0,0,0
5.76795,-12.95205,-1.4830501,0,0,0
2.8470001,-11.935051,0.44295,0,0,0
3.285,-14.253,-2.25195,0,0,0
-5.19705,-14.475,4.8679504,0,0,0
-6.729,-13.965001,-0.02205,0,0,0
0.51195,-11.253,2.1739502,0,0,0
0.32295,-5.6910005,1.3480501,0,0,0
-1.12395,-3.4140003,3.5970001,0,0,0
-1.488,-2.53305,2.7589502,0,0,0
0.68505,-6.6390004,-1.797,0,0,0
1.2739501,-21.59295,-12.469951,0,0,0
-1.9069501,-7.005,-6.774,0,0,0
-4.9020004,-13.534051,-2.163,0,0,0
-0.73905003,-9.43305,2.232,0,0,0
-3.4470003,-7.1269503,3.7159503,0,0,0
1.3960501,-14.101951,3.07995,0,0,0
1.7839501,-8.85105,4.4950504,0,0,0
-1.9069501,-8.03895,-4.56195,0,0,0
-1.26495,-10.209001,1.53495,0,0,0
0.64905006,-8.19705,1.2790501,0,0,0
-0.049050003,-9.43995,1.1550001,0,0,0
1.2600001,-11.736001,-0.18105,0,0,0
1.18305,-12.421051,-1.0570501,0,0,0
2.73405,-12.708,0.9990001,0,0,0
3.6870003,-13.46205,-7.1719503,0,0,0
1.07295,-12.538051,7.01595,0,0,0
-3.1350002,-14.266951,3.5749502,0,0,0
-0.64305,-13.540951,1.557,0,0,0
-1.6339501,-6.0070505,3.2020502,0,0,0
-2.9989502,-3.4420502,2.04795,0,0,0
-1.0669501,-5.5920005,1.2910501,0,0,0
-1.6200001,-5.0230503,0.64695,0,0,0
2.0710502,-10.927051,-5.08605,0,0,0
4.635,-17.487001,-11.082001,0,0,0
-5.8510504,-4.62795,-1.8180001,0,0,0
-8.22105,-18.23895,-1.284,0,0,0
-1.0159501,-4.0669503,2.5770001,0,0,0
-2.424,-9.814051,5.47095,0,0,0
4.578,-15.94095,5.47905,0,0,0
2.77305,-7.5100503,-0.46800002,0,0,0
0.03795,-10.6369505,-1.67505,0,0,0
-1.4620501,-8.169001,-0.83400005,0,0,0
-1.86405,-9.46905,0.70905006,0,0,0
2.94,-11.932051,0.99600005,0,0,0
0.73995006,-12.6,-2.022,0,0,0
4.092,-12.699,1.4490001,0,0,0
2.3820002,-12.403951,-4.533,0,0,0
1.5109501,-13.54905,-0.69795,0,0,0
-5.1610503,-15.559951,5.50005,0,0,0
-0.528,-13.146001,-0.31005,0,0,0
2.8540502,-9.45405,2.505,0,0,0
-1.4119501,-4.2319503,1.983,0,0,0
-2.39595,-3.8760002,3.1729503,0,0,0
-3.52095,-3.3130503,1.57095,0,0,0
0.51195,-14.166,-6.4009504,0,0,0
3.4450502,-17.44905,-11.692051,0,0,0
-3.1999502,-6.5809503,-4.131,0,0,0
-6.59805,-17.583,-1.593,0,0,0
-3.5449502,-4.434,3.8700001,0,0,0
-2.5180502,-11.026951,4.143,0,0,0
4.55595,-12.486001,5.493,0,0,0
2.6100001,-6.9979506,2.33205,0,0,0
1.116,-11.358001,-2.1409502,0,0,0
-1.7629501,-6.5880003,-0.71205,0,0,0
-3.7459502,-10.05795,1.62405,0,0,0
2.1430502,-12.069,0.112950005,0,0,0
5.505,-13.495951,-2.8530002,0,0,0
3.25605,-12.435,3.2329502,0,0,0
2.1360002,-14.877001,-6.492,0,0,0
-0.66495,-14.2879505,1.1190001,0,0,0
-4.69395,-13.53705,5.5740004,0,0,0
-0.97305006,-10.321051,-0.79605,0,0,0
-0.35805002,-4.9960504,3.63,0,0,0
-1.06005,-3.9739501,4.0680003,0,0,0
-3.37995,-2.4540002,4.056,0,0,0
-0.99000007,-8.65005,-1.8400501,0,0,0
1.03005,-19.848001,-13.909051,0,0,0
-1.4830501,-7.06995,-6.9040504,0,0,0
-3.05205,-13.174951,-3.04905,0,0,0
-2.913,-7.1130004,3.3760502,0,0,0
-2.661,-9.397051,3.3670502,0,0,0
1.56105,-13.61295,4.1779504,0,0,0
1.6860001,-8.05395,4.4950504,0,0,0
0.47700003,-9.864,-1.90005,0,0,0
-0.82305,-8.36295,-0.53505003,0,0,0
-1.143,-8.7960005,-1.12605,0,0,0
0.61995006,-10.129951,1.557,0,0,0
5.7630005,-13.71405,0.49395,0,0,0
2.32305,-12.351001,-2.22795,0,0,0
-1.12395,-13.996051,-1.5090001,0,0,0
4.3219504,-12.651001,-4.53795,0,0,0
-4.05495,-15.760951,6.7189503,0,0,0
-1.8019501,-14.334001,1.9660501,0,0,0
1.6690501,-8.67105,3.3310502,0,0,0
-2.01495,-3.9090002,4.3840504,0,0,0
-1.5619501,-3.0540001,2.69895,0,0,0
-4.3780503,-3.79395,2.67705,0,0,0
0.39795002,-15.32295,-7.6440005,0,0,0
5.44995,-15.451951,-9.739051,0,0,0
-2.57505,-8.896951,-4.131,0,0,0
-5.721,-16.206001,-2.4790502,0,0,0
-8.293051,-0.21495001,5.24595,0,0,0
-4.9170003,-12.535951,4.401,0,0,0
5.60505,-13.92195,8.58195,0,0,0
0.41205,-6.5530505,-6.05595,0,0,0
-1.1029501,-10.482,0.633,0,0,0
-2.637,-6.3300004,-0.78105,0,0,0
-1.5670501,-10.672951,0.94905007,0,0,0
4.32705,-11.7960005,-0.57795,0,0,0
4.683,-12.792001,-1.30305,0,0,0
1.2090001,-12.876,0.30195,0,0,0
1.7410501,-13.053,-4.96395,0,0,0
-3.1570501,-14.23305,6.3760505,0,0,0
-4.9240503,-12.96405,2.835,0,0,0
0.42600003,-10.042951,-0.216,0,0,0
-2.5440001,-5.1330004,4.30305,0,0,0
-0.873,-3.7150502,3.0289502,0,0,0
-1.7850001,-3.0859501,2.35395,0,0,0
1.4389501,-6.7969503,-1.04205,0,0,0
-2.14395,-16.80195,-12.540001,0,0,0
-1.2610501,-7.9960504,-6.55905,0,0,0
-4.16295,-13.42695,-2.6130002,0,0,0
-4.464,-8.05395,2.505,0,0,0
-1.491,-6.5530505,3.594,0,0,0
3.8089502,-15.984001,6.096,0,0,0
1.28295,-7.35195,2.60505,0,0,0
0.58395004,-10.516951,-1.8180001,0,0,0
-0.71505004,-8.829,-0.74805003,0,0,0
-0.73200005,-9.009001,0.15405001,0,0,0
-0.39195,-9.30105,1.2409501,0,0,0
1.6519501,-10.75695,1.43505,0,0,0
1.6570501,-11.710051,-1.794,0,0,0
2.94705,-12.29895,0.822,0,0,0
5.124,-14.941951,-2.33505,0,0,0
-2.661,-12.960001,1.9879501,0,0,0
-5.05305,-15.057001,4.59495,0,0,0
0.04605,-13.060051,0.975,0,0,0
2.32995,-9.57705,2.7850502,0,0,0
-1.5769501,-5.0869503,2.3110502,0,0,0
-0.64095,-5.4199505,2.088,0,0,0
-2.4820502,-4.10295,2.0689502,0,0,0
-0.777,-8.406,-3.0610502,0,0,0
3.4069502,-17.053951,-10.252951,0,0,0
0.58395004,-9.354,-6.8700004,0,0,0
-5.0080504,-10.56795,-2.1679502,0,0,0
-6.16695,-9.009001,-1.62405,0,0,0
-2.352,-6.7969503,3.97005,0,0,0
0.69195,-13.9800005,3.97005,0,0,0
4.056,-9.835051,3.97305,0,0,0
1.2019501,-9.045,-2.055,0,0,0
-0.034950003,-10.41495,-0.87195003,0,0,0
-0.34095,-8.724,0.66795003,0,0,0
0.54105,-9.3490505,-0.74805003,0,0,0
-0.47295,-9.36795,1.6360501,0,0,0
0.52695,-10.762051,1.593,0,0,0
1.5370501,-11.628,-1.9710001,0,0,0
3.3780003,-12.177001,1.22595,0,0,0
3.8170502,-16.278,-1.2,0,0,0
-0.384,-11.02005,-2.163,0,0,0
-4.6009502,-16.285051,5.184,0,0,0
0.51195,-13.543951,1.506,0,0,0
2.1070502,-9.45405,3.0580502,0,0,0
-1.50495,-5.20905,1.0830001,0,0,0
-0.76995003,-5.2519503,2.60805,0,0,0
-2.79795,-4.254,2.6250002,0,0,0
-1.2889501,-6.15705,-2.29905,0,0,0
2.538,-17.92995,-11.005051,0,0,0
1.7550001,-10.58895,-8.698951,0,0,0
-2.8189502,-18.426,-4.7200503,0,0,0
-8.07495,-2.43705,5.4880505,0,0,0
-5.6280003,-7.8019505,3.5820003,0,0,0
3.5359502,-14.985001,4.8900003,0,0,0
3.42195,-8.51295,4.7530503,0,0,0
-2.32395,-9.40695,-4.2319503,0,0,0
-1.5700501,-9.052051,1.5450001,0,0,0
-1.9429501,-8.63595,-0.58995,0,0,0
1.0870501,-9.712951,-2.115,0,0,0
2.157,-10.6039505,0.99600005,0,0,0
3.8880002,-12.8230505,0.50100005,0,0,0
1.67595,-12.8880005,-1.45395,0,0,0
0.27495003,-14.176051,-4.5810003,0,0,0
-1.3249501,-10.632001,5.7520504,0,0,0
-2.23005,-13.720951,2.66295,0,0,0
-1.7350501,-12.651001,-0.33600003,0,0,0
-0.82305,-7.1179504,2.0359502,0,0,0
0.46905002,-5.9710503,2.2750502,0,0,0
-0.291,-5.097,2.00895,0,0,0
-0.32700002,-3.4450502,0.67305005,0,0,0
4.5040503,-14.39595,-7.9240503,0,0,0
1.00605,-16.04805,-11.10105,0,0,0
-5.6130004,-9.814051,-3.3769503,0,0,0
-7.8229504,-13.441051,-2.283,0,0,0
-3.35595,-4.5270004,4.2720003,0,0,0
0.75705004,-17.133001,4.2720003,0,0,0
3.6150002,-9.259951,7.3560004,0,0,0
2.28705,-8.490001,-3.1690502,0,0,0
-2.4460502,-10.00695,-1.43295,0,0,0
-2.1370502,-8.463,-0.89205,0,0,0
0.031050002,-9.262951,-0.87705004,0,0,0
2.3850002,-10.43805,2.59605,0,0,0
1.41795,-11.808001,-0.18105,0,0,0
3.9100502,-13.491,-2.127,0,0,0
5.181,-15.595951,-0.80295,0,0,0
-2.295,-13.225051,0.74505,0,0,0
-5.74305,-15.124051,5.6509504,0,0,0
-1.0309501,-11.7310505,-2.055,0,0,0
-2.6899502,-7.7310004,5.2770004,0,0,0
-0.45600003,-4.7070003,2.778,0,0,0
-0.777,-4.3429503,1.96905,0,0,0
-1.11,-4.017,0.82395005,0,0,0
-0.20505,-12.27,-5.46705,0,0,0
1.245,-14.905951,-10.897051,0,0,0
-3.08505,-6.4950004,-3.7219503,0,0,0
-6.885,-18.025951,-2.328,0,0,0
-3.3919501,-3.936,4.25295,0,0,0
-2.8840501,-10.245001,3.2730002,0,0,0
2.8470001,-15.567,5.80905,0,0,0
1.7190001,-7.73295,2.4469502,0,0,0
0.49095002,-10.668,-2.838,0,0,0
-1.146,-7.5220504,-0.29505002,0,0,0
-0.873,-9.26805,-0.70995003,0,0,0
0.85695004,-11.724001,1.3750501,0,0,0
3.31395,-11.569051,-3.6000001,0,0,0
2.433,-12.627001,-0.33105,0,0,0
2.0640001,-14.842051,0.112950005,0,0,0
0.52005005,-11.976001,-3.2620502,0,0,0
-5.7790504,-16.11795,6.3760505,0,0,0
-1.641,-11.644951,1.8079501,0,0,0
-0.09,-6.21495,3.834,0,0,0
-0.744,-5.12295,3.8839502,0,0,0
-1.8420001,-4.46505,2.289,0,0,0
-2.5540502,-4.1080503,1.60695,0,0,0
-1.2390001,-13.743001,-6.9540005,0,0,0
1.9969501,-16.479,-9.754951,0,0,0
-4.9669504,-6.15,-3.24795,0,0,0
-5.67105,-13.411951,-2.3860502,0,0,0
-1.7179501,-6.1309505,2.9959502,0,0,0
-3.07095,-11.113951,2.9929502,0,0,0
1.7839501,-11.752951,3.8700001,0,0,0
1.5319501,-8.51295,4.056,0,0,0
-0.528,-12.462001,-0.67605,0,0,0
-2.5540502,-8.47995,-1.473,0,0,0
-1.9650002,-7.7310004,-1.46595,0,0,0
0.37605003,-8.797951,0.23505001,0,0,0
2.4450002,-9.80595,1.6720501,0,0,0
3.0340502,-10.489051,2.3110502,0,0,0
0.12495001,-13.75695,2.3110502,0,0,0
-1.74195,-17.053951,-7.3660502,0,0,0
3.01005,-9.936001,6.183,0,0,0
-4.1070004,-12.474001,6.19395,0,0,0
-0.6,-4.6990504,4.3050003,0,0,0
3.9240003,-9.98805,2.3470502,0,0,0
0.71400005,-7.9170003,1.9519501,0,0,0
-0.61395,-8.370001,2.60505,0,0,0
-2.3740501,-7.5649505,2.66295,0,0,0
-4.07205,-8.21205,-0.70005006,0,0,0
-1.9650002,-10.798051,-3.4510503,0,0,0
3.084,-13.623001,-5.6779504,0,0,0
-1.62705,-8.535001,-1.8330001,0,0,0
-7.9909506,-11.76,-0.51795,0,0,0
-0.95205003,-12.579,1.93305,0,0,0
-0.89400005,-8.44905,3.9919503,0,0,0
-2.352,-11.887051,4.2649503,0,0,0
-2.3089502,-14.776951,4.3440003,0,0,0
3.213,-11.026951,-5.0149503,0,0,0
3.3450003,-10.99905,-0.59505004,0,0,0
-0.15495001,-9.828,-0.85605,0,0,0
-1.8210001,-11.559001,1.7890501,0,0,0
0.15300001,-10.266001,0.43905002,0,0,0
-0.26895002,-11.968051,3.3739502,0,0,0
5.64795,-14.3560505,7.66905,0,0,0
-1.0519501,-17.736,8.562,0,0,0
-2.79795,-13.843051,8.90505,0,0,0
-4.53405,-10.848001,5.1340504,0,0,0
-5.18295,-9.7560005,3.66105,0,0,0
-4.54995,-5.7340503,1.7359501,0,0,0
-3.6529503,1.2760501,0.95295006,0,0,0
-2.56605,7.3380003,0.64005005,0,0,0
-0.32700002,-1.2870001,16.62195,0,0,0
-2.8909502,2.0659502,15.325951,0,0,0
2.3149502,1.728,5.42595,0,0,0
-1.19595,-0.030000001,11.325001,0,0,0
-2.6830502,4.2780004,6.3619504,0,0,0
-0.90900004,2.4540002,9.54405,0,0,0
-0.657,3.38505,8.991,0,0,0
0.49800003,3.2010002,6.94395,0,0,0
-3.801,4.9680004,6.2569504,0,0,0
0.16305001,1.455,12.052951,0,0,0
2.0020502,1.815,11.694,0,0,0
-0.882,2.6239502,8.898001,0,0,0
-0.744,3.1909502,9.594001,0,0,0
0.18900001,3.7110002,9.34305,0,0,0
-0.13800001,2.1660001,9.769051,0,0,0
0.23205002,2.466,9.24195,0,0,0
0.29700002,2.2020001,8.94795,0,0,0
-0.34605002,2.7550502,9.8550005,0,0,0
-0.67395,3.0310502,9.096001,0,0,0
-0.94200003,3.04305,9.35295,0,0,0
-0.72900003,2.25705,9.349951,0,0,0
-1.4260501,3.4399502,8.998051,0,0,0
-0.049050003,2.08005,9.003,0,0,0
-1.43295,3.2650502,10.47795,0,0,0
0.88605005,2.6839502,9.604051,0,0,0
-1.2100501,1.58895,9.313951,0,0,0
-1.24605,2.6839502,9.604051,0,0,0
-2.9850001,5.3050504,9.592051,0,0,0
-0.83505005,2.39595,9.934051,0,0,0
0.88605005,0.45705003,9.67605,0,0,0
-1.5979501,4.14195,8.710951,0,0,0
-3.1330502,6.1789503,8.713051,0,0,0
-0.75495005,4.0410004,8.21805,0,0,0
-0.813,4.32105,8.89995,0,0,0
-0.54195005,3.4810503,8.517,0,0,0
-0.82995003,2.5900502,9.5779505,0,0,0
-1.8349501,2.50395,10.16205,0,0,0
-0.69600004,3.4140003,10.167001,0,0,0
-0.28905,2.19,9.022051,0,0,0
-0.102000006,2.73195,9.88395,0,0,0
0.84495,3.6750002,9.09405,0,0,0
1.23105,2.5210502,10.441951,0,0,0
1.0009501,2.15895,9.66405,0,0,0
1.317,2.25,9.658951,0,0,0
1.3099501,2.50605,9.65205,0,0,0
0.9580501,2.7940502,8.754001,0,0,0
1.60395,2.05395,9.8890505,0,0,0
1.8960001,2.049,9.97305,0,0,0
2.181,2.3100002,9.970051,0,0,0
2.73195,2.5540502,9.11295,0,0,0
1.41495,2.5519502,9.111,0,0,0
1.422,3.0859501,8.7949505,0,0,0
2.5170002,3.1050003,9.048,0,0,0
0.22305001,3.1650002,9.06,0,0,0
0.89100003,3.4039502,9.606001,0,0,0
0.59895,3.423,9.867001,0,0,0
1.42005,3.1720502,9.538951,0,0,0
1.42005,3.1720502,9.538951,0,0,0
1.42005,3.1720502,9.538951,0,0,0
0.56805,3.42105,9.262051,0,0,0
0.79995006,3.4069502,9.004951,0,0,0
0.86700004,3.4110003,8.986051,0,0,0
0.10095,3.6679502,8.673,0,0,0
0.606,3.6720002,9.250051,0,0,0
0.06705,3.4330502,9.004951,0,0,0
0.68505,3.69405,9.027,0,0,0
-0.018000001,3.4069502,8.78295,0,0,0
0.22995001,3.42105,8.77305,0,0,0
0.94305,3.696,9.156,0,0,0
2.3800502,4.2730503,9.40305,0,0,0
0.16800001,4.716,8.244,0,0,0
1.3050001,3.8899503,10.902,0,0,0
0,0,0,0,0,0