accelerometer.x,accelerometer.y,accelerometer.z,gyroscope.x,gyroscope.y,gyroscope.z
0.0,0.0,0.0,0.0,0.0,0.0
-1.4739788,1.2801601,8.628518,-1.7944152,0.67195123,0.25251624
-1.4739788,1.2801601,8.628518,-1.7944152,0.67195123,0.25251624
0.40438703,-0.65084773,11.196017,-0.43524116,-0.6517927,0.37652177
-1.8041883,-1.8329022,9.860822,-0.5238165,0.75686145,0.055206906
-1.119841,-0.6580262,9.755538,0.69302607,-0.61086476,0.5457313
-0.86859465,0.29192436,10.289138,0.76022124,-0.6383537,0.4785362
-1.416551,-0.13160525,8.097312,0.833525,-1.5241076,0.67156947
4.634897,-3.0604203,9.9015,0.56230104,-1.0500766,-0.013820816
1.9405792,-1.0648061,7.2646093,-0.83719015,-0.53328496,1.3276383
3.3643086,-1.3998013,12.404392,-1.1151336,-1.238223,1.1761438
1.7419748,-2.4622145,11.289337,-0.055283263,0.31398448,1.6733876
2.4143581,-0.39720857,8.094919,0.5732966,-0.14110976,0.7473167
1.8185452,-0.7896315,9.982856,0.015577052,0.40500334,0.4088976
1.3830515,0.11006984,7.6139617,-0.032681264,0.21258095,0.16760603
1.8831514,-0.7513463,10.229317,0.6997456,-0.35674503,-0.13660464
1.5816557,-1.1964114,9.664611,0.3497201,-0.20586143,-0.07735075
2.7230322,-1.0241281,9.241081,0.21166465,-0.46975502,0.16332997
5.2283173,-2.5603201,10.27478,-0.6551525,0.13927718,0.26595524
3.749553,-1.6438692,8.987442,0.6343831,-0.28893903,0.5139664
4.922036,-0.38285163,5.3216376,0.8976658,-1.0286963,0.7589231
5.058427,-1.1581261,10.540383,-0.19944735,-0.6560688,-0.4652499
2.8139594,-0.78723866,9.075976,-0.20433427,0.16065744,-0.3192532
3.641876,-1.3830515,10.238888,0.18173227,0.7061597,-0.63201594
1.5960127,1.3016955,8.841479,-0.46273008,1.734856,-0.21662793
1.2299109,0.634098,12.289537,-1.1273509,4.282162,-0.18669555
-2.969493,-0.26081768,8.23131,1.3686426,0.010995566,-0.4004982
0.06460621,1.3136597,7.446464,1.4596614,-1.6603304,0.20670137
0.58624154,3.101098,10.741381,0.39858928,-1.0647373,0.060093824
1.4644074,1.2753744,9.217153,0.5390882,-0.16249003,-1.060843
1.3184453,0.8709874,11.743974,1.6007712,0.194255,-0.7737366
0.6436693,2.1655045,8.365308,1.0467168,2.245539,-0.34124434
-0.9236295,2.2348964,8.082955,-1.2134829,-0.3518581,-0.15554145
1.3543376,-2.0291135,14.641682,-0.017409647,-0.28405213,0.5023599
0.19621146,2.428715,6.6735826,0.89033544,2.1887286,1.1853068
0.41874397,1.902294,8.195417,0.29840744,-1.3860521,0.35941756
1.7395821,0.90448695,10.920842,0.27275112,-1.5931354,-0.19463679
1.0576276,1.1150553,9.944571,0.2696968,0.3695732,0.7118865
1.5577276,2.5722845,8.872586,0.17745622,0.30054548,0.44310603
2.1966112,2.6919255,10.200603,0.45906487,0.26450446,-0.18608469
1.3950156,2.9503503,8.52802,0.07849612,0.8466586,-0.9026291
-0.36131623,2.3425734,8.499306,-0.57390743,-0.26755878,-0.54893833
-0.3493521,3.0699914,9.413364,-0.20799945,-0.055588696,-0.12805253
0.08853444,2.6488547,9.722038,-0.11759147,-0.16859868,0.12851068
0.86141616,3.1657043,9.669396,-0.052839804,-0.026267186,0.15355614
0.7704889,2.8689942,9.3511505,0.008857539,-0.13500112,-0.1494328
0.19621146,2.2612174,9.724431,-0.1432478,-0.12095123,-0.20257804
-0.14117654,2.37368,9.537791,-0.14630212,0.22113305,-0.12744166
0.36370903,2.8283165,9.382257,-0.046731155,-6.108648E-4,-0.11094832
0.2440679,2.3042881,10.080962,0.098654665,0.07269291,-0.20807582
-0.17706887,2.6081767,9.3511505,0.15546508,0.6157517,-0.21968225
-1.0600204,2.292324,8.9826565,-0.062002774,0.23640467,-0.24045165
-0.7896315,2.2971098,8.7984085,-0.10476331,-0.216857,-0.06696605
-0.40677986,2.4646072,9.743574,0.083383046,-0.21991132,-0.03886627
-0.42831525,2.7230322,9.255438,0.13836087,0.07147118,-0.0816268
-0.3924229,2.5866413,9.049655,-0.21716243,0.09529491,-0.12255475
-0.6939186,2.132005,10.0163555,0.22082762,0.09834923,-0.099341884
-0.8111669,2.684747,8.626125,0.20250167,0.07574723,0.036880963
-0.64845496,2.7493532,9.614362,-0.2122755,-0.26755878,0.0045051277
-0.6412765,2.5196424,9.803394,0.05222894,-0.019547673,0.016111558
-0.39720857,2.9838498,9.387043,0.2538143,-0.10690133,-0.0834594
-0.4019942,1.6630118,10.222138,0.27336198,0.2913825,-0.115835235
-0.863809,3.2709885,8.642876,0.6850849,0.9731076,0.1297324
-1.402194,3.548556,8.441878,0.19822562,0.5186242,-0.03886627
-1.7395821,3.455236,8.7984085,0.07177661,0.32131487,0.075976305
-1.4548361,3.5126636,9.147761,0.13530655,0.21135922,0.06620247
-1.7204394,3.2279177,8.415557,0.07299834,0.3744601,0.034437504
-2.120041,3.4097722,7.3770723,-0.34666577,0.1594357,0.11323906
-1.7802601,3.1369905,9.06162,0.44073895,-0.056199558,-0.055970486
-2.132005,3.6251264,7.999206,0.045509428,-0.28954992,0.19876012
-1.3806586,3.2973096,10.023534,-0.4865538,-0.028710645,-0.13171771
-1.847259,2.9240294,8.932407,0.010079269,-0.01527162,0.08697187
-1.3328022,3.3212378,8.56152,-0.19944735,-0.06963859,0.018555017
-1.4141582,2.8594232,8.865408,-0.4639518,-0.1838703,2.290743E-4
-1.524228,3.129812,8.874979,-0.75655603,-0.19914192,0.011835505
-0.5288138,2.4478576,9.401401,-1.1841614,-0.38240135,-0.27282748
0.11724831,0.6197411,7.2215385,-1.8805472,-0.09834923,0.25007278
-0.7920243,0.7728817,8.690732,-2.9489498,-2.9419248,-0.32902706
1.7706888,-1.0576276,7.8580294,-1.2324197,-0.09224058,1.6544509
0.6053841,-4.9196434,13.469198,-0.40347618,1.757458,0.9263001
-1.5720844,-2.7349963,8.066205,1.994168,3.2675157,0.8114575
-0.4354937,-0.74177504,9.135797,-0.9795217,-0.3243692,-0.13171771
-1.6007984,-3.2446675,9.293723,-0.07055488,-1.9315544,0.9904409
1.4356936,1.0671989,8.238488,-1.3130538,1.427591,3.569512
0.634098,-2.7278178,2.2612174,-1.3674208,-2.0360124,2.0228024
-1.8999012,-3.6059837,8.800801,-2.017381,-1.4165955,1.9232314
-6.6855464,-9.064013,12.677175,-2.5390594,-0.78801554,2.5774677
-3.5318062,-5.800202,15.668202,-1.3399318,0.98532486,3.2298713
0.50488555,-3.2303107,12.524034,-0.48044515,0.6829468,3.0038512
-0.16510476,-1.5170496,10.954342,0.03451386,1.2461642,2.2567635
-1.9381863,-2.2372892,9.449257,-0.20799945,1.7354668,0.65813047
-5.252246,-2.7158537,5.4460645,-0.12370012,1.5277728,1.2586105
-8.480164,-4.1922255,5.4628143,-0.56169015,1.0916153,1.2274565
-4.74736,-3.0197423,5.355137,-0.8732312,0.54733485,1.7014875
-5.6685967,-1.6462619,6.506085,-0.77915806,0.033597562,0.22197299
-6.45105,-2.4885356,3.2733815,-0.9947933,0.07208204,-0.9576069
-5.922236,-5.328816,6.9391856,-1.7650938,-0.5583304,-2.2153776
-6.4821568,-9.085547,4.074977,-0.6356048,-0.35857764,-1.0553453
-3.2015967,-7.288538,5.271388,-1.2434152,0.16554436,-1.3815471
-2.1655045,-6.695118,2.8594232,-1.9214752,0.50213087,-2.452393
-6.058627,-9.705289,4.048656,-1.8579452,0.4807506,-2.0296745
-4.8287163,-7.0636125,3.4983068,-0.7956514,1.5534291,0.3814087
-3.778267,-4.9028935,2.0386848,-0.90866137,1.3891065,0.62514377
-6.843473,-9.958928,3.0460632,-1.2733476,0.582765,-1.395597
-3.3690944,-6.3768725,1.2849457,-1.8060217,0.3035998,-1.5648065
-3.1489546,-5.7260246,5.9700923,-2.3893976,1.7403537,-2.0473897
-3.9098723,-8.60459,0.30867413,1.0540472,1.9321653,-2.8244097
-2.495714,-29.778677,3.4432719,2.8145595,-0.82650006,-1.4053708
-0.2321038,-8.286345,-3.3164523,1.5806127,-0.7153227,-1.2941934
1.0049855,-11.531013,-0.4642076,1.7486005,0.79106987,0.60437435
-2.2707887,-9.992428,0.038285162,0.8591813,-1.3744458,0.61964595
-0.7752745,-8.992228,-1.7347964,0.49388418,-1.2748748,0.9372957
2.0267208,-7.6666036,-0.10289137,0.67103493,-2.8283038,0.50419253
4.2568316,-5.5776696,1.8999012,0.43646288,-1.7873904,0.15783219
2.3377876,-6.3864436,2.9168508,-0.12492185,-0.92179495,-0.22640176
0.3278167,-9.623933,4.3238306,0.024740024,-0.8374956,-0.27282748
-0.3900301,-11.380264,6.3744793,0.24281874,-0.5198459,0.29527676
0.97866446,-10.57149,5.9007006,0.40775225,0.086742796,0.47609273
2.2061825,-6.71426,3.4241292,-0.52687085,-0.9450078,0.24396412
2.7756743,-13.033705,3.5844483,-1.6386448,-0.6261364,0.21891867
4.402794,-16.079767,3.7998023,-1.1035272,1.6303982,-0.5513818
2.0219352,-2.656033,-4.871787,-1.2825106,1.4190389,-0.23128867
2.4765713,-8.642876,-2.713461,-0.6734784,1.698204,-0.83176875
-0.44745782,-11.928221,-3.952943,-0.120034926,-0.27672175,-0.8763619
-0.7106683,-10.923235,3.1345978,-3.9605417,-1.9352196,-0.16042836
0.28713873,-10.025927,-1.2083755,0.95020014,0.65667963,0.4473821
0.9499506,-7.446464,-2.5387847,-0.8365793,-0.70860314,-0.19524765
2.213361,-10.530812,0.20817557,-1.4981458,-0.5027417,-0.25450155
0.62452674,-10.655239,5.0656056,-0.9844086,0.6695078,-0.021762058
-2.5531418,-11.909079,-2.2612174,0.9795217,0.4893027,-0.073685564
2.6943183,-15.373885,5.6590257,0.85307264,1.1087196,0.6428588
7.097112,-13.421342,-2.3688943,3.3789985,0.7385355,0.4559342
5.278567,-10.925629,-4.0127635,1.6924008,3.65908,-1.0217477
2.9862428,-6.2979093,1.7850457,1.3588687,1.0995566,0.3343721
1.1030912,-9.243474,-2.7110682,1.438892,-0.85643244,-0.26610798
2.940779,-6.309873,-0.45702913,0.95936316,-0.7562506,0.18287764
2.9623144,-4.2687955,0.15074782,-0.035124727,-0.31826055,-0.2520581
2.1128623,-6.3625154,2.4765713,-1.1921027,0.49296787,-0.23067781
0.20817557,-8.17149,4.0271206,-1.4199551,1.1765256,0.20853396
-0.4019942,-14.0697975,9.930214,0.17684536,0.25656322,0.10102176
3.792624,-10.5690975,6.728617,0.77304935,-0.29871288,-0.13477205
6.142376,-3.0125637,2.5938199,-0.62644184,-0.15271619,0.27450737
0.76331043,-9.243474,-0.89013004,-2.3729043,-0.7519745,0.017944153
10.284351,-23.758335,5.9964137,-0.5977312,4.1410522,-0.1787543
1.7419748,-3.4839497,-5.4484572,-1.3216059,2.0134103,0.13767365
1.550549,-8.221739,-3.8548372,-0.996015,2.290132,-0.17692171
0.6843473,-10.4351,-4.95075,-0.7327323,0.3451386,-0.5782599
-0.63888365,-10.5690975,-1.0049855,-1.5421281,-0.118507765,-0.16531529
-0.059820566,-10.411171,-0.8925229,-1.1560616,3.3780823,0.67156947
1.7754744,-8.013563,-1.9549361,0.13408482,-1.0158682,-0.23739733
0.7728817,-9.23151,-0.6963114,-1.0039563,-0.39278606,-0.49579313
1.1222339,-11.064412,1.8089739,-1.3020582,0.59620404,-0.29787293
0.8135597,-11.420942,-0.7082755,-0.09193515,1.1007783,-0.18547381
0.5982057,-14.160725,2.5866413,-0.8127556,0.6206386,0.023441937
-0.011964113,-12.526426,4.4889355,1.8811581,1.9413283,0.5359575
2.0889342,-13.696517,-5.663811,4.0106325,-1.4251475,0.7778599
4.6468616,-13.816158,-4.0941195,2.3032656,2.1337507,-0.21846052
5.319245,-8.520842,3.7663028,1.171944,0.813061,1.1413245
0.22013968,-7.987242,-6.003592,1.8622212,0.05497783,0.060704686
0.2632105,-8.073383,-1.0169497,1.4944807,-1.2913681,0.9232457
3.641876,-2.9671001,-1.5098711,1.009454,-2.3890922,-0.044364054
4.4434714,-2.5459633,1.8927227,-0.6148354,-0.45142907,0.06436988
1.2323036,-8.889337,5.7762737,-1.1664463,0.050090913,0.028328855
0.89730847,-15.359529,9.817751,0.09376775,-0.4263836,-0.03886627
1.969293,-8.807981,4.773681,-0.46456265,-0.41416633,0.27939427
2.1942184,-7.5589266,-1.902294,-1.3631448,-1.7116431,-0.091400646
8.453842,-17.620747,7.688139,-1.9709553,0.75869405,0.35514152
3.778267,-5.938986,-4.0438704,-0.80664694,0.44104436,-0.093233235
1.4189439,-4.9698925,-2.9431717,-0.80176,0.42760533,-0.27832526
1.9549361,-11.30848,-4.587041,-0.25076,1.5894701,-0.36934412
0.27038896,-9.784252,-3.493521,-1.4022402,-0.41905323,-0.13843723
0.7369894,-10.090533,12.430714,-3.8976228,0.07513637,0.17310381
2.0673988,-8.327023,-2.3234308,0.51526445,1.0219768,0.083306685
2.0434706,-9.564112,-2.5746772,-0.8463532,-0.59253883,-0.39255697
3.4480574,-10.502099,1.0289137,-2.1676536,-0.73120517,-0.18913901
0.11964113,-12.725031,1.7324036,-0.43829548,1.9688172,-0.26305366
0.11485548,-14.19901,0.16749759,-0.0754418,-0.27488914,-0.05535962
1.0767702,-14.115261,3.0580273,2.2189662,1.1917971,0.45959938
2.696711,-12.5958185,-5.979664,3.8359253,-1.2284491,0.53962266
5.2833524,-12.136396,-3.6634114,2.3240352,3.7733119,0.24640758
4.486542,-7.9537425,3.790231,1.5586215,1.4306453,0.39240426
-0.059820566,-8.599805,-5.692525,1.8811581,0.47769627,0.39790204
1.9477576,-5.5872407,-2.2564318,1.994168,-1.5302162,0.21891867
3.2877383,-2.4909284,-0.54317075,0.5067123,-1.409265,-0.31131196
1.0289137,-3.397808,1.1078769,-1.0235039,-0.12339468,-0.12805253
1.6701902,-11.782259,10.54517,-1.5433499,-0.20280711,0.16577344
3.1680973,-15.292529,9.430114,0.7663299,-1.3683372,-0.07246383
5.465207,-4.7138605,2.2660031,-0.16768238,-0.032986697,0.4143954
4.4195433,-21.351156,11.215159,-0.33750278,1.1252129,0.7412081
2.210968,-1.375873,-6.687939,-0.6233875,2.2369869,-0.17081307
5.8097734,-9.375079,-3.359523,-1.9404119,3.343263,-0.63201594
1.2873386,-11.830115,-2.1702902,-2.5518875,-1.3035854,-0.48174325
-0.9451649,-8.559127,5.3479586,-1.9917246,-1.6609414,-0.54099715
1.6414764,-9.836894,-0.44985065,-0.9141591,0.24740024,-0.0034361144
1.6606189,-7.649854,-1.2011969,-1.1059707,0.19975278,-0.21418446
2.8402805,-10.815558,-1.3974084,-1.5543455,-0.4386009,-0.36323547
1.7371893,-11.550155,6.250053,-2.6593997,0.31642795,-0.22334744
-0.61734825,-12.409178,-2.5938199,0.46700612,1.7446299,-0.22884522
0.148355,-14.0602255,7.7001033,0.7467822,-0.45570514,0.24579671
4.2185464,-14.079369,-0.43070808,3.4614654,0.7654136,0.6947823
5.259424,-14.959928,-4.546363,3.4070983,0.65851223,0.1871537
6.7094746,-9.064013,1.2921243,0.7467822,0.98776835,1.0796272
3.225525,-6.695118,-3.1800613,1.8512257,3.4721553,0.3759109
-2.737389,-8.946764,1.5457634,1.6588033,-2.3151774,0.50419253
3.5892339,-4.4674,-3.4648073,1.0809252,-2.1679592,0.19692753
4.359723,-2.359323,-0.06699903,-0.43768463,-0.87292576,0.34109163
1.2705889,-6.300302,4.211368,-1.5757257,0.25778493,0.20547964
1.2634103,-18.484554,13.727624,-0.16340633,-0.076358095,0.12728895
1.8664017,-10.942378,5.797809,0.49571678,-0.31276277,0.46876237
2.5196424,-4.7784667,-0.12203395,-1.1328487,-1.4294236,-0.3174206
5.802595,-15.768702,0.4881358,-1.4156791,0.4404335,0.30566147
3.522235,-5.06082,-7.149754,-0.9477567,1.7971642,0.28183773
2.2851455,-3.0795627,-2.8474588,-2.1419973,1.540601,0.058261227
3.0556345,-10.822737,-3.711268,-0.23487751,1.4398082,-0.74808025
0.85184485,-9.032906,-2.952743,-1.4761547,-1.1081088,-0.771904
-0.85902333,-11.837294,10.794023,-3.8939576,-0.8955278,-0.13110685
1.7754744,-9.19801,-1.6797615,0.28985533,2.2534802,0.17676899
2.0434706,-9.025727,-2.1248264,-1.0693188,-0.7391464,-0.40416342
2.115255,-10.506885,1.7491534,-1.5042545,-0.42088583,-0.27893612
-0.74416786,-11.420942,0.13160525,-0.2159407,1.7757839,-0.25022548
-0.92602235,-14.110476,0.4546363,-0.3271181,-0.25717407,0.18165591
3.9242291,-13.122239,6.259624,2.1395538,1.6633848,0.6306415
2.5794628,-14.411971,-6.4869423,4.066832,-0.411112,0.89209163
6.9152575,-16.173088,-4.211368,2.4138322,3.9419105,0.4314996
4.1587257,-6.963114,4.833502,1.5690062,2.0073016,0.8132901
-0.28713873,-7.5110703,-2.2444677,2.2941027,-1.4776819,-0.12194388
2.8402805,-4.9674997,-1.5601203,1.4456115,-0.6872229,0.47792533
2.5986054,-1.8161523,-1.8831514,0.040011644,-0.8026763,-0.33880088
0.7896315,-5.393422,3.0173492,-1.7046182,0.6921098,-0.13171771
-1.5098711,-14.277973,12.047862,-1.3539817,-0.0036651888,-0.05291616
0.94755775,-13.282558,7.826923,1.0082324,-1.1276563,0.2372446
3.9146578,-4.979464,2.0338993,0.6203332,-1.4672972,0.13400847
4.6612186,-6.640083,-4.2831526,-1.0222822,-0.59437144,-0.211741
7.2382884,-13.490734,-7.865208,-0.4847212,2.692692,-0.3589594
2.012364,-2.9312077,-5.089534,-1.3246603,3.0555456,-0.16959134
3.5365918,-13.095919,-3.8237305,-1.8658864,2.0500622,-1.2019528
-1.7754744,-10.485349,0.6580262,-3.0521858,-1.7941098,-0.8562033
0.22253251,-9.183653,2.1870399,-0.7363975,1.2052362,-0.06513346
1.5553347,-8.997013,-1.2179468,-0.8940006,-0.971275,-0.26610798
1.524228,-8.458628,-0.3278167,-1.0228931,-0.5192351,-0.3351357
2.6656044,-10.746166,0.4953143,-1.7021747,-0.29199335,-0.28932083
-0.3469593,-12.2991085,2.115255,-0.521984,2.0427318,-0.44020444
-0.42592242,-11.916257,-1.1365907,-0.123089254,-0.5522218,-0.009544762
2.2157538,-11.602797,6.3744793,0.946535,1.3512329,0.14133884
1.6295122,-12.763316,2.5004997,3.7015352,1.0574069,0.65324354
2.6871397,-15.94577,-5.5226345,3.35884,-1.0286963,0.73265594
4.847859,-11.224731,1.146162,0.038789913,3.153284,1.5903101
1.9166509,-7.422536,-4.8215375,2.0155482,0.2290743,0.66790426
0.64845496,-8.051848,-0.91884387,1.4437789,-1.0836741,1.120555
4.0773697,-4.089334,-2.1702902,1.1395682,-2.430631,0.28000516
4.9363933,-3.359523,1.4141582,-0.09560034,-0.9120211,-0.00160352
1.146162,-6.489335,3.8237305,-1.068708,0.17776164,-0.37178758
1.0839486,-13.177275,7.2646093,-0.5561924,-1.0629047,-0.36567894
-1.2370893,-11.251052,7.068398,-0.13041963,-0.16737695,0.3276526
2.5627131,-9.202796,4.199404,-1.0876447,-0.36712974,0.14989094
5.8672013,-14.3258295,-0.6843473,-1.275791,-0.51373726,0.017333288
4.7042894,-7.2670026,-2.0697916,-0.92332214,1.1856885,0.2164752
1.9118652,-2.7062824,-2.885744,-1.0784818,1.1899645,-0.39438957
2.9312077,-11.38505,-3.4839497,-0.5024363,0.84238255,-0.60269445
1.2873386,-9.525827,-2.8881369,-1.1798853,-0.74647677,-0.63201594
0.078963146,-11.129018,8.322237,-3.5292714,-1.9908084,-0.19036074
1.3328022,-9.209974,-1.1030912,0.56352276,1.7372994,0.124234624
2.359323,-8.932407,-2.5842485,-0.878729,-0.3903426,-0.40477428
2.9240294,-9.659825,1.3423735,-2.0943499,-0.7648027,-0.3436878
-1.2753744,-12.897314,1.1772687,-0.013744458,1.6823215,-0.40477428
0.32303107,-13.8448715,1.2993027,0.023518294,-0.98532486,0.052763447
2.6871397,-12.466606,4.436293,2.6306891,1.5668682,0.46143198
1.7180467,-14.565111,-6.398408,3.8450882,-1.3347396,0.92507833
7.1186476,-15.850058,-3.5796626,1.9153665,3.64503,0.58543754
3.8691943,-7.2646093,2.2588246,1.6233732,2.1710134,0.7082214
-0.5886344,-8.200203,-3.9361932,1.8768821,-1.4795145,0.15599959
2.6368906,-6.0777693,-1.375873,1.4987568,-1.0250311,0.78396857
3.2063823,-2.6991038,-1.8855443,0.2623664,-1.3866631,0.017944153
3.9888353,-3.2566316,1.8376877,-1.41629,0.08491021,-0.22273657
0.09810573,-12.401999,8.633304,-1.3833033,0.1753182,-0.28015786
-0.20338993,-15.309279,11.569298,0.18967351,-0.06352994,0.26534438
1.9238294,-4.613362,3.117848,-0.43218684,-0.7977894,0.28367034
2.8474588,-7.91785,-4.199404,-1.3704752,-1.2125666,-0.09628756
7.8963146,-24.241686,4.314259,-2.2409575,0.75930494,0.1871537
3.0747771,-2.0865414,-2.3521447,-0.68997175,1.5015056,-0.26122105
3.507878,-7.611569,-4.551149,-0.65698504,1.2027928,-0.11522437
3.0388846,-9.870394,-3.7088752,-0.75777775,0.26389357,-0.2202931
0.33499518,-7.432107,-2.6679974,-1.7406592,-1.0311397,-0.63934636
-0.91166544,-10.973485,3.7615173,-0.7938188,1.0097594,0.25618142
2.2229323,-8.346166,-3.1728828,0.22021675,-0.18081598,0.037491824
3.6777685,-9.406186,-0.715454,-1.5140283,-0.5870411,-0.27404922
0.863809,-11.365908,2.2875385,-1.1749984,0.9089668,-0.6020836
-0.28235307,-11.586047,-1.9573289,0.023518294,0.96516633,-0.09995275
1.4500505,-13.227524,3.0005996,-0.26847506,-0.37323838,0.06253728
1.8137596,-13.9573345,2.7421749,2.7296493,1.1924081,0.78274685
4.685147,-13.493127,-5.910272,3.543932,-0.46242464,0.510912
6.6592255,-11.52862,-3.5892339,1.4535527,4.2394013,0.81451184
2.6775684,-8.015956,1.5314065,1.7510439,1.6432263,0.4455495
0.07178468,-9.188439,-2.4023938,1.6936226,-1.1533127,0.2683987
3.318845,-4.6492543,-2.0338993,1.5030328,-1.5748094,0.3172679
3.4241292,-2.251646,-0.53359944,0.35460702,-0.87536925,-0.0193186
2.1870399,-3.790231,0.94277215,-1.6777401,0.28221953,-0.23861906
-0.6029913,-12.38525,9.688539,-1.623984,-0.39767298,-0.2447277
0.94277215,-17.781065,8.212168,1.2880083,-1.1636974,0.3276526
3.3930225,-1.4356936,3.2183464,0.64293516,-0.4386009,0.7393755
4.024728,-10.377672,-6.7573314,-2.1920884,-2.2504258,-0.52144945
10.918449,-21.135803,-2.1918256,-0.13652828,1.8606942,0.07231112
2.0841484,-2.8642087,-3.4719856,-1.7174463,2.7684393,0.014278964
3.629912,-11.6339035,-3.4600215,-0.8994984,2.5088217,-0.7566324
0.5024927,-9.533006,-5.2977095,-1.8964297,-0.9437861,-0.94294614
0.1052842,-9.47797,8.640483,-2.3637412,-0.93401223,-0.28076872
0.8470592,-10.085748,-1.5361922,-0.47189304,1.3720022,-0.16348268
0.79920274,-8.032705,-1.4213367,-0.8805616,-0.3591885,-0.29115343
2.548356,-10.356136,0.4953143,-1.8298454,-0.8662062,-0.22823435
1.5625132,-11.140983,3.5389848,-0.83719015,1.5118903,-0.34246606
-0.61734825,-11.440085,-2.376073,0.046731155,0.51251554,-0.04130973
1.0719845,-13.830515,6.6448684,0.24648394,0.9193515,0.10529782
1.5050855,-14.31865,1.1581261,2.9306238,0.6835577,0.71738434
5.15414,-13.514663,-5.209175,3.195739,-0.37384924,0.17615813
7.070791,-9.025727,-1.3639089,0.6343831,2.5363107,1.5243367
3.6394832,-7.9944205,-1.0480564,1.7088943,3.2473571,0.63491756
-1.6319051,-7.8293157,-2.388037,1.5720605,-1.9254458,0.33376125
1.6558332,-5.704489,-2.309074,1.4993676,-1.6487241,0.25495967
3.278167,-3.5102708,-0.6939186,0.053450666,-1.2956442,0.04176788
0.26081768,-4.8382874,0.96909314,-1.8561126,-1.0042617,0.027107125
-0.02632105,-18.288343,17.245073,-0.80664694,-0.6536253,-0.16959134
3.0364919,-11.820544,5.733203,1.2586869,-1.2608249,0.52801627
2.565106,0.18903299,1.227518,-0.9007201,-0.27244568,0.54145527
4.4817567,-13.048062,-3.8691943,-1.5231913,-1.8814635,-0.27221662
5.302495,-8.477771,-8.295917,-1.0564907,2.3701553,0.45532334
1.5050855,-2.1631117,-3.3810585,-1.8145739,1.9181154,-0.23128867
2.6536403,-11.454442,-4.5248275,-0.1065959,0.84054995,-0.8928552
0.7896315,-9.4636135,-4.5726843,-3.0094254,-3.3634214,-0.92523104
-0.83030945,-11.452049,8.4012,-0.86223567,1.5858049,-0.11094832
1.375873,-8.508878,-3.65384,-0.558025,0.007941242,-0.0834594
2.7349963,-9.21476,-1.5122639,-1.4052944,-1.0005965,-0.3577377
2.7852457,-11.358729,5.2546387,-2.008218,0.10995566,-0.3107011
-2.050649,-12.330215,-1.7706888,0.535423,1.1020001,-0.44386962
-0.55513483,-13.485949,5.178068,0.32039857,-0.49357873,0.22930336
3.548556,-14.009976,-2.0745773,3.7326891,0.41294459,0.49380782
3.9673,-16.630117,-5.276174,3.29531,-0.5534435,0.6446914
6.2548385,-11.047662,-0.9284152,0.51404274,2.3524404,1.4632503
3.6107693,-6.1734824,-0.7800602,1.8219042,2.4917173,0.5805506
1.820938,-5.611169,-4.8095737,1.5861104,-1.7959424,0.23663375
2.5746772,-5.13739,-1.6558332,1.5964952,-1.4355322,0.16332997
4.072584,-2.6249263,-0.42831525,-0.52870345,-0.88758653,-0.13110685
0.62931234,-5.3096733,0.55752766,-2.501186,0.023212861,-0.28015786
-0.70348984,-24.1699,18.061026,0.16157374,-0.6658426,0.24457498
3.3762727,-7.6953177,4.85743,1.199433,-0.010384701,0.4870883
0.4761717,-4.6612186,0.33738798,-1.3771946,-2.1850634,0.09308052
12.574283,-24.145973,7.429714,0.23609924,1.571755,0.035048366
2.6703901,-0.7393822,-5.5704913,-1.2666281,2.1844525,-0.07063124
4.56072,-10.906486,-3.034099,-1.167668,2.254091,-0.63690287
1.2801601,-10.0163555,-4.536792,-0.96730435,-0.33353218,-1.0724494
-1.9764715,-10.301102,7.1042905,-3.4211483,-2.3805401,-0.48174325
1.2514462,-9.686146,-1.2634103,-0.228158,0.948673,0.069867656
1.5816557,-8.1020975,-1.6175481,-1.0393864,-0.44532043,-0.16226095
3.6059837,-9.856036,-0.19860429,-1.6972878,-0.61025393,-0.34429866
0.19621146,-11.619547,3.5174494,-1.0247257,1.3451242,-0.53916454
-1.2323036,-12.44507,-2.6368906,0.04978548,-0.33841908,-0.2917643
1.6366907,-13.201202,6.7166533,0.18173227,-0.5668825,0.19753839
4.23051,-14.129618,1.9716859,3.2568257,0.6878337,0.73326683
5.8217373,-14.976677,-4.486542,3.6636615,0.618806,0.0796415
7.960921,-9.085547,1.9334008,0.6013964,1.4336996,0.90064377
2.7900312,-7.649854,-3.2231321,2.1334453,3.555233,0.24396412
-1.1892328,-7.338787,-0.8781659,1.9000949,-1.721417,0.2042579
3.0412776,-3.5150564,-2.5435705,1.2293653,-1.3939934,0.27145302
2.9479575,-1.8257236,-0.66759753,-0.43646288,-0.8845322,-0.045585785
-0.34456646,-6.4965134,5.0847483,-2.071748,-0.19303326,0.015500694
4.007978,-22.045074,17.017756,0.54275334,-0.7153227,-0.25999933
3.7591243,-7.769495,6.4127645,0.65698504,-0.17348559,0.3105484
-0.35174492,-8.178668,-3.345166,-1.3429862,-1.1936297,-0.037033677
8.623733,-16.041483,-3.845266,0.19456044,2.1380267,0.2635118
4.0558343,-3.5844483,-3.3164523,-1.7046182,2.304793,-0.27160576
2.8785655,-11.808579,-3.4767714,-1.3759729,1.3854413,-1.0186933
-0.04546363,-9.559326,-0.11006984,-2.4321582,-2.9382596,-0.6662244
1.2035898,-9.434899,4.855037,-0.9453133,-0.02565632,-0.31497714
0.09092726,-10.140782,-1.1844472,-0.77854717,0.20280711,-0.23800819
1.4835501,-7.314859,-2.4358935,-1.1627811,-0.12583815,-0.30153814
4.101298,-11.212767,0.2105684,-2.2598941,-1.0598503,-0.1909716
2.3186452,-11.413764,0.4546363,0.5732966,2.2192717,-0.41576985
-2.4789643,-13.971691,-2.120041,0.00641408,-0.48869184,-0.29604036
2.0291135,-13.009777,8.130812,1.7608178,1.5784746,0.40462157
1.7467605,-13.567305,-5.757131,3.6184576,-0.7299834,0.6434697
4.699504,-14.222938,-3.6275191,2.3942845,2.3774858,0.348422
3.2877383,-8.839087,3.4337006,0.80176,2.1123705,1.1510984
2.644069,-6.5659056,-4.6875396,2.057698,0.9694424,0.59032446
1.1724831,-7.1377897,-0.083748795,1.6899574,-1.888183,0.43088874
4.024728,-3.5557344,-2.605784,0.63132876,-2.0085235,0.1645517
4.2664027,-2.0793629,0.7800602,-1.0632101,-0.8008437,0.08697187
1.4189439,-14.151154,11.727223,-1.5213587,-0.7354812,0.1211803
3.0029924,-13.138989,8.760123,1.1401792,-0.55100006,0.26412266
3.2398818,-4.9435716,2.7158537,-0.28069237,0.54855657,0.8267291
0.5910272,-15.125031,-3.3164523,-0.74128443,-1.4208715,-0.19646938
5.749953,-7.972885,-8.403593,-0.27885976,1.8649702,0.4730384
3.737589,-5.029713,-3.2327034,-1.5390738,1.955989,-0.4218785
3.1202407,-12.189038,-3.682554,-1.1688898,0.5986475,-0.75174546
0.8063812,-8.980264,0.6867401,-2.9080217,-3.3231044,-0.8763619
0.552742,-10.277173,2.9838498,-0.44745845,1.5815289,-0.2361756
1.3686945,-8.200203,-2.5004997,-0.8304707,-0.15027274,-0.3174206
2.4909284,-9.760324,-1.6319051,-1.4834851,-0.78984815,-0.4011091
2.7278178,-9.810573,6.1160545,-2.0014985,0.33353218,-0.21968225
-0.6628119,-12.277573,-2.3114667,0.2770272,1.5595378,-0.2966512
-0.1698904,-13.328022,6.4606214,0.25625777,0.22663084,0.43638653
3.2279177,-15.486348,-1.1700903,3.4932303,0.6560688,0.59032446
6.855437,-14.25883,-3.8261235,2.7785184,1.0561852,0.2757291
5.704489,-7.1808605,3.5030923,0.38698283,2.547917,0.8029054
2.0434706,-5.7786665,-5.1613183,2.0210462,1.7458515,-0.009544762
0.05742774,-9.305687,2.8929226,1.4926481,-1.6169591,0.2531271
4.386044,-5.072784,-2.158326,0.8805616,-1.3402374,0.33742642
3.5246277,-3.182454,0.078963146,-0.72723454,-0.5064069,0.2079231
0.9523434,-5.9820566,2.658426,-1.6740749,0.36468628,0.04848739
0.863809,-15.026926,9.109476,-0.90194184,-0.5742129,-0.20257804
3.5724843,-13.304094,6.788438,1.69179,-1.0531309,-0.12133302
5.168497,-4.4482574,2.9072795,-0.00763581,-0.02932151,0.6740129
-1.0073783,-7.173682,-3.0867412,-0.6325505,-1.0848958,-0.3278053
14.124832,-24.394827,18.010777,-0.9080505,1.6151265,0.37713265
1.6462619,-1.8496519,-7.5182486,-1.2892301,2.5045457,0.108963005
3.2183464,-10.894522,-2.78046,-1.0406082,2.0836596,-0.61918783
-0.07178468,-9.530613,-5.1589255,-2.2849398,-1.5259402,-1.0351868
0.09810573,-9.064013,8.7673025,-1.9721769,-0.5247328,-0.20807582
1.605584,-9.454042,-2.0315065,-0.5207622,0.72448564,-0.09812015
1.5433706,-7.972885,-2.024328,-0.9514219,-0.2706131,-0.31314456
2.7493532,-11.08834,1.0552348,-1.9782856,-0.97249675,-0.27282748
1.6295122,-10.490134,3.1800613,-0.06933315,1.9498804,-0.17447825
-0.74895346,-11.598011,-3.3906298,0.46273008,0.30054548,-0.2966512
1.3950156,-12.528819,4.587041,-0.6356048,-0.26083925,0.29833108
2.644069,-12.14836,3.8141594,2.9006915,1.6810999,0.28183773
2.3808584,-15.050855,-4.74736,3.57081,-0.7489202,0.91286105
6.108876,-14.07219,-1.8448663,0.5867356,3.717112,1.1431571
3.830909,-6.802795,0.6652047,2.0222678,2.4972153,0.6459131
0.21296121,-6.424729,-2.2085752,1.6300926,-1.9132285,0.14805835
2.8546374,-5.9581285,-1.4476577,1.271515,-1.2253947,0.32520914
2.8235307,-2.737389,-1.7970098,-0.15485422,-1.3994912,-0.2606102
1.1174482,-4.8646083,1.0743774,-1.7608178,0.24862197,-0.16165009
1.052842,-14.773287,9.391829,-1.587943,-0.44470957,-0.40171996
1.8568304,-12.447463,7.6546397,0.86529,0.10995566,0.3832413
2.3234308,-2.8642087,0.4761717,-0.71318465,-0.9779945,0.20731224
3.790231,-12.818351,-2.7613173,-1.0595449,-2.3542728,-0.17447825
6.3864436,-12.157932,2.2636101,-1.1322379,0.2046397,0.20303617
1.3471591,-0.49052864,-3.940979,-1.1279619,2.7806566,-0.0712421
3.9481573,-9.21476,-5.723632,-0.47922343,1.9028438,-0.3229184
2.7948167,-11.277373,-3.237489,-0.78709924,-0.7837395,-0.7291435
-2.5962126,-11.806187,29.264221,-3.7058113,-3.3090546,-0.5672643
1.3519448,-9.229117,-3.8141594,0.82619464,1.3591741,0.18165591
2.5914268,-7.91785,-2.8163524,-1.081536,-0.18570289,-0.27343833
3.735196,-9.4229355,-1.3615161,-1.7296636,-0.9761619,-0.48540843
-0.2632105,-11.392229,7.460821,-1.4120139,-0.4752528,-0.5648208
1.1365907,-11.186446,-3.1226335,0.69302607,0.77702,-0.19646938
-0.06699903,-12.710674,8.147561,0.47739083,-0.43615746,-0.13171771
1.9381863,-13.919049,0.6771688,3.1951282,-0.091629714,0.3502546
4.206582,-13.794622,-4.2568316,3.3472335,-0.49541134,0.2512945
6.020342,-10.99502,-1.8783658,1.1823288,2.3695445,1.0967313
2.7182465,-8.602198,-0.44985065,1.687514,2.4507895,0.6153699
-0.5766702,-7.920243,-3.7854455,1.4089596,-1.9657629,0.5817723
2.5579274,-5.9748783,-2.8570302,1.2281437,-1.8472551,0.6404154
4.718646,-3.4695928,-1.026521,0.0021380268,-1.6230677,0.40645415
3.2709885,-5.003392,1.2442678,-1.7950262,-0.56627166,-0.23067781
3.8763726,-15.70888,14.476577,0.017409647,-1.0195333,-0.45853037
-3.0125637,-12.201003,6.1902323,-0.5555815,1.7000366,0.88353956
-2.617748,-6.2237315,1.1629118,-0.652709,-0.8973604,0.5096903
10.561919,-24.04069,9.298509,0.38820457,-1.2235621,0.37896523
4.7449675,-1.98365,-6.9990063,-0.05650499,1.662163,0.030161448
4.429115,-4.6396832,-3.6634114,-1.3185517,2.0256276,-0.4579195
4.6612186,-12.454642,-4.156333,-0.70707595,-0.70982486,-0.94600046
0.65324056,-9.075976,0.80159557,-3.1041093,-4.7146544,-0.8122211
-0.14117654,-11.251052,4.4841495,-0.15118903,0.8998038,-0.3161989
0.997807,-8.71466,-3.5676985,-0.58001614,0.27427828,-0.019929463
3.0987053,-9.82493,-1.7994026,-1.5396847,-0.5503892,-0.20868668
4.139583,-10.382458,4.9196434,-2.1536038,-1.6224569,-0.14393501
1.1437693,-11.564512,-0.9882358,0.9111048,2.9657485,-0.29237515
-2.5148566,-12.507284,-3.101098,0.059559315,-0.6499601,-0.24900375
2.605784,-11.854043,9.025727,1.502422,0.26816964,0.33498296
4.54397,-13.612768,-3.4504502,3.517665,-0.9920444,0.45349073
6.4175506,-14.601004,-4.6229334,2.1096215,3.8075202,0.30443972
3.2398818,-8.41795,4.752146,1.135903,0.84360427,0.46570805
1.4691931,-7.396215,-6.1974106,1.8048,0.20952661,0.046654798
1.3615161,-7.6426754,0.5288138,1.3564253,-1.653611,0.23480114
4.9435716,-4.2257247,-1.8951155,0.34361145,-1.2351686,0.17127122
4.3334017,-3.6323047,0.5072784,-1.2293653,0.10445788,-0.033979353
2.0315065,-9.195618,4.6396832,-1.7131703,0.67378384,-0.099341884
-1.0241281,-14.481362,11.763116,0.2678642,0.6658426,0.32582
3.0963125,-8.724232,5.087141,-0.28924447,1.6468915,0.51946414
1.0695918,-7.6402826,0.94755775,-0.5708531,-1.8344269,-0.20624322
6.74776,-17.778673,-1.1581261,-1.7211115,0.2950477,0.6086504
4.359723,-4.2185464,-0.70348984,-0.8182534,1.0696242,0.14561489
2.5435705,-1.9310079,-4.395615,-0.5861248,3.6346455,-0.20563236
3.8476589,-12.320643,-6.5371914,-0.7669407,0.9248493,-0.41576985
1.1940185,-10.140782,-1.902294,-0.92026776,-0.5564978,-0.8708641
-1.9166509,-10.174282,3.3044882,-3.1627524,-0.41905323,-0.6924916
1.4715859,-9.305687,0.51206404,0.1291979,1.50456,0.5438987
3.225525,-8.281559,-2.4023938,-0.34300056,0.26328272,0.23541202
2.7110682,-9.147761,-0.6364908,-0.946535,0.64812756,-0.3644572
-0.06699903,-10.573883,0.4354937,-1.0308343,0.17226386,-0.42981973
1.8807586,-10.63849,-0.7680961,-0.18600832,0.99143356,0.046654798
4.0127635,-10.389636,0.21774685,-0.56718796,0.9346231,0.07536544
1.160519,-11.913864,4.5152564,0.08888082,2.4923284,0.09185879
2.2731814,-15.105889,-0.29192436,2.437045,1.3994912,1.0008255
7.690532,-12.593426,-3.2063823,3.2177303,0.9431752,0.2775617
5.8193445,-8.439486,-3.641876,0.6386591,3.6914558,0.84933114
2.062613,-7.0205417,-0.03589234,2.2317944,1.1979058,0.1297324
1.9549361,-9.119047,-0.050249275,0.95508707,-0.23823726,0.18837543
3.1250265,-5.1493545,-1.4333007,0.6013964,-0.4147772,0.018555017
2.4909284,-5.453243,-0.17467605,-0.6349939,-0.22479823,-0.16042836
1.079163,-6.687939,1.7730815,-1.4266747,0.7342595,-0.17325652
0.567099,-10.317851,3.5605202,-1.6575816,0.8063415,0.07475458
-0.72502524,-12.658031,6.2524457,-0.30512697,0.9150754,0.43027788
2.0889342,-10.262816,6.786045,0.07910699,0.49174616,-0.013209951
3.9098723,-7.6163545,0.97866446,-0.44257152,-1.3408482,-0.16898046
3.546163,-11.32523,-0.8997013,-1.474933,-0.082466744,0.19814926
6.515656,-12.631711,5.285745,-1.3093886,0.5564978,0.22136213
2.172683,-4.802395,-3.4456646,0.21166465,1.1551453,-0.3351357
3.07717,-10.535598,-6.4366927,-0.27336198,1.9462152,0.03138318
3.182454,-10.04507,-2.87378,-1.4511093,0.77946347,0.0014508038
0.86141616,-8.578269,-0.87338024,-0.8683443,0.7305943,-0.19524765
-1.9812572,-12.019148,2.2947168,-2.0589197,2.2577562,-0.29054257
0.849452,-8.980264,-0.30388847,-0.46944958,2.1826198,0.09369139
1.2370893,-8.941978,-0.6891329,-0.6557633,0.42760533,-0.28321218
0.62931234,-9.446864,-0.18664017,-0.56291187,0.07574723,-0.43287405
-0.16749759,-11.085947,-0.52163535,-0.5335904,0.9138537,-0.27160576
2.5148566,-10.593026,0.34217364,-0.80114913,0.55955213,0.34536767
4.5918264,-11.679367,2.713461,-0.36438084,0.7513637,0.10468695
0.44506502,-13.016955,0.2321038,0.82558376,1.5228859,-0.008933897
1.8592232,-12.466606,1.7443677,2.915963,1.0561852,0.7631992
5.4963136,-14.167903,-4.4315076,2.7675228,1.11605,0.31482443
5.6757755,-8.5423765,2.8378878,0.8188642,1.3775,0.723493
1.6797615,-9.327223,-3.7184465,2.2672246,1.2070688,-0.04925097
2.065006,-7.585248,0.13160525,1.3955206,-0.38545567,0.65324354
2.7876384,-5.139783,-0.47377887,1.0290017,-1.5253294,0.020998476
3.199204,-4.2281175,0.9954142,-0.30146176,-0.047647454,-0.20990841
1.2203395,-5.4795637,1.5744773,-1.3057234,0.55955213,-0.45547605
-1.0648061,-13.519448,8.439486,-0.869566,-0.064140804,-0.3504073
-0.20817557,-12.619746,7.795816,-0.18784092,0.050090913,0.34658942
2.1487548,-6.8745794,4.125226,-0.038789913,-0.4263836,0.28367034
4.7210393,-8.834301,-1.6510476,-0.8958332,-1.626733,-0.2031889
13.098311,-24.08376,8.018349,-0.90499616,0.32375833,0.045433067
1.9238294,-0.8805587,-5.3647084,-1.2916735,2.127031,-0.27404922
2.7565317,-9.085547,-3.0388846,-0.56718796,1.8631376,-0.5000692
1.2753744,-12.394821,-3.778267,-0.7290671,0.06108648,-0.5135082
0.73459655,-9.114262,-1.4500505,-2.6288567,-1.1050544,-0.21051927
1.5864414,-10.334601,-0.80877405,0.52687085,2.33106,0.20364705
1.8783658,-8.444271,-3.6753755,-0.3179551,0.012217295,-0.021151192
2.8378878,-8.784052,1.1078769,-1.2831215,-0.6243038,-0.09506583
1.6271194,-9.150154,0.09810573,-0.6148354,0.8429934,-0.37911797
1.1557333,-10.112068,-0.73459655,-0.62949616,0.16859868,-0.5519927
0.9284152,-10.755738,-0.9523434,-0.48349947,0.3274235,-0.07612903
2.7732813,-12.057433,1.2586247,-0.7852667,-0.05497783,0.20181446
1.0767702,-13.110275,3.4695928,0.8713986,1.8619158,0.14805835
1.713261,-13.746766,1.0169497,2.736369,0.1802051,0.60803956
5.721239,-11.937792,-4.3669014,2.8273876,0.90957767,0.24152066
4.8693943,-8.657232,1.5409778,0.6966913,1.8399247,0.931187
1.4835501,-10.255638,-3.3379877,2.071137,0.9932661,0.29833108
0.6652047,-8.1020975,0.715454,1.3173299,-0.04703659,0.9507347
2.2420747,-3.9290147,-1.3591232,1.0852013,-1.8533638,0.20547964
2.2348964,-5.209175,0.5766702,-0.28435755,-0.91996235,0.074143715
1.2035898,-5.8504515,0.7968099,-1.0241148,-0.7024945,-0.05780308
3.0317063,-13.004992,9.403793,-1.0027345,-0.26328272,-0.18547381
-0.086141616,-10.47817,5.682954,0.03329213,-0.3500255,0.3417025
-0.5072784,-6.5252275,2.6632116,-0.5158753,-0.31276277,0.22075126
3.603591,-9.915857,-1.416551,-1.0002911,-1.8991786,-0.13232858
10.542776,-23.531017,6.3050876,-1.1297944,0.28038692,0.22563818
2.6919255,-1.9310079,-3.5581272,-0.47922343,0.6988293,-0.42615455
2.6201408,-7.314859,-3.1752756,-0.49205157,1.3555089,-0.3345248
3.2566316,-11.751152,-3.8907297,-0.4883864,0.42088583,-0.17081307
1.2035898,-8.365308,-4.965107,-2.0607524,-1.4129303,-0.5049561
0.3493521,-10.69831,5.17089,-0.18417573,1.6475023,0.10407609
2.3282163,-8.142776,-3.9146578,-0.4065305,0.126449,-0.112780906
2.7613173,-8.886943,-1.1557333,-1.2263111,-0.68050337,-0.27832526
2.6105695,-9.980463,1.8376877,-1.6081015,-0.33353218,-0.40843946
-0.9020941,-11.68176,0.26799613,0.0033597562,1.6597196,-0.34735298
1.1389836,-11.485549,-0.7106683,-0.33994624,-0.6884446,0.014278964
1.0600204,-12.1148615,3.723232,0.64721125,0.786183,-0.19891284
1.4739788,-12.256038,3.2446675,2.573268,0.5839867,0.37041312
2.7948167,-14.263616,-5.1086764,3.40832,-1.5522074,0.6477457
4.4315076,-11.136196,-2.6895328,1.2953387,3.1661122,0.88231784
1.7515461,-8.532805,0.18185452,1.9960006,0.844826,0.6569087
0.076570325,-8.8701935,-2.2947168,1.316719,-1.241888,0.7100539
2.914458,-6.975078,-2.8187451,1.4547745,-2.2467606,0.7436515
4.469793,-4.338187,-0.42831525,0.5317578,-1.5625921,0.42966703
3.8691943,-3.8548372,0.8781659,-0.9080505,-0.51801336,-0.07918335
3.3643086,-9.712467,4.388437,-1.4413354,-1.1453714,-0.5843685
0.18424734,-15.8309145,12.617353,0.91904604,-0.2809978,0.14317143
1.5744773,-8.2456665,4.1228333,-0.15424335,0.6023127,0.8743766
1.2346965,-7.5924263,-1.2993027,-0.8713986,-2.4611742,-0.34613127
6.4821568,-15.768702,-1.6366907,-1.569617,-0.028710645,0.38079783
4.7784667,-4.2927237,-1.8664017,-0.7492257,0.18997894,-0.027259842
1.1557333,-3.3212378,-4.8502517,-0.18356487,2.4043639,-0.50190175
2.9240294,-12.083755,-6.829116,-0.49571678,1.3078614,-0.03886627
0.91884387,-9.0544405,-2.5292134,-1.2360849,-0.5338958,-0.42981973
0.14356937,-10.834701,4.965107,-3.8817403,-1.7519602,-0.22701262
1.5194423,-9.619147,0.29910284,0.53297955,1.8044945,0.11873684
2.1631117,-9.02812,-2.6321049,-0.77304935,-0.5363393,-0.25266895
3.6323047,-9.5665045,0.849452,-1.5531237,-0.7666353,-0.22212571
0.24885355,-10.628919,1.9334008,-0.5335904,1.2779291,-0.4579195
1.4500505,-11.353944,-2.9312077,-0.08643737,0.24312419,-0.05902481
1.8520447,-12.356536,3.318845,-0.6148354,0.13316852,-0.17936517
-0.04546363,-11.590833,2.3569303,1.1566725,1.1001675,0.1645517
0.46660042,-14.825929,-3.0245278,3.5634797,-0.6847794,0.7894664
5.2833524,-14.230116,-3.95055,2.9849908,0.44654214,0.46998408
6.62094,-9.044869,4.1371903,0.21166465,1.8185445,1.3667336
1.2155539,-8.257631,-6.4271216,1.931249,0.5216785,0.4767036
0.20578274,-7.475178,-0.19381863,1.6526947,-1.1527019,0.7583123
3.3667014,-4.278367,-2.388037,1.0436624,-2.4715588,0.017944153
4.2448673,-2.8642087,0.4211368,-0.36071566,-0.7110466,-0.012599086
1.5409778,-7.594819,3.0125637,-1.5134175,-0.44470957,-0.39988735
0.81595254,-17.938992,14.739787,0.008857539,-0.4508182,-0.17814344
0.91166544,-9.138189,5.1828537,0.13408482,0.74097896,0.78824466
1.8687944,-5.871987,-2.8091738,-1.1957678,-2.3585489,-0.22823435
11.100305,-22.033112,6.597012,-1.0748166,0.5009091,0.19265148
3.2015967,-3.4911282,-4.5535417,-1.0283909,0.7287617,-0.3333031
1.4811572,-5.304888,-3.5174494,-0.4725039,1.3683372,-0.32536185
1.9740787,-12.624533,-5.1158547,-0.40103272,0.43554658,-0.4004982
1.2370893,-9.078369,-2.5196424,-1.5873321,-0.85459983,-0.27282748
1.3734802,-10.430314,10.420743,-0.97463477,0.962112,0.033826638
1.1916257,-8.623733,-4.398008,0.20189081,0.82833266,-0.10789399
2.3784657,-8.980264,-1.5361922,-1.2562435,-0.7843504,-0.29726207
3.35713,-9.827323,1.68694,-1.7870849,-0.5381719,-0.29237515
-0.2009971,-11.8588295,0.80159557,0.09560034,1.8038837,-0.34124434
1.1820544,-11.734403,-1.4069797,-0.20005822,-0.72753996,-0.09445497
0.74895346,-12.263216,5.3647084,1.1297944,1.2089014,-0.012599086
1.5457634,-15.050855,-2.9862428,3.6276205,-0.6298016,0.7387646
4.7712884,-14.115261,-4.211368,2.8628178,0.20402883,0.47120583
5.0081778,-8.606983,2.2037897,0.6514873,1.9535456,1.2769364
1.5720844,-8.817552,-4.2831526,1.9801182,0.650571,0.49502954
0.2416751,-8.82473,-0.7082755,1.5708388,-1.3231331,1.0332015
3.735196,-4.601398,-2.400001,1.3038908,-2.4294093,0.3759109
4.7832522,-3.1752756,0.8063812,-0.37659815,-0.916908,0.2164752
2.5674987,-4.883751,1.1389836,-1.4382812,-0.478918,-0.38278314
0.86141616,-17.46282,15.017355,-0.118202336,-0.82527834,-0.31864235
1.9262222,-12.241681,6.762117,0.19883649,0.31642795,0.623922
1.8161523,-4.213761,1.1964114,-0.3735438,-1.043357,0.14683662
7.2095747,-15.627524,4.3501515,-0.22999059,0.23457208,-0.15431972
3.2159536,-3.8763726,-6.352944,-1.0735948,1.5796963,0.29100072
3.603591,-6.7573314,-2.9671001,-1.4950916,2.376264,-0.66744614
0.023928227,-12.957134,-2.4023938,-1.587943,-1.3487895,-0.7566324
1.9046868,-8.212168,2.5268207,-1.7424918,-1.6346742,-0.23189954
1.1724831,-9.937392,0.043070808,-0.70890856,0.17287473,-0.21846052
0.8925229,-9.176475,-0.782453,-1.0748166,0.21380267,-0.05291616
2.481357,-8.717052,-1.0408778,-1.5659518,-0.012217295,-0.19036074
2.7086751,-10.303494,1.2490535,-1.5543455,-0.4905244,-0.35101816
0.8255238,-11.468799,0.83748794,0.286801,1.5326598,-0.23189954
0.94755775,-11.590833,-2.2971098,3.054324E-4,-0.70493793,-0.01687514
-0.52163535,-12.825529,5.2307105,0.9300416,1.5094469,-0.1372155
2.2181466,-13.600804,1.2610176,2.817003,-0.07819069,0.60132
5.2809596,-12.787244,-3.6777685,2.9055784,0.25045455,0.05337431
4.3645086,-9.171689,-0.44985065,0.83719015,2.5961752,1.338023
1.7730815,-9.035298,-4.1850467,1.795637,0.9309579,0.7271582
-1.052842,-9.702896,0.89013004,1.5903865,-1.2583815,1.0295362
3.76391,-5.6350975,-1.8687944,1.3191625,-2.692081,0.58665925
4.8358946,-3.522235,-0.80159557,-0.041233372,-1.1814125,0.51763153
3.7974095,-3.6753755,0.26799613,-1.4602723,-0.18509203,-0.16714787
2.7014968,-12.765709,8.829515,-1.1041381,-0.9450078,-0.7609084
-0.66041905,-14.440684,10.028319,0.118202336,0.45142907,0.49441868
2.5986054,-3.7280176,1.9645073,-0.5861248,-0.171653,0.46998408
2.6991038,-12.564712,-3.6681972,-0.846964,-2.4471242,-0.39011353
7.6307116,-15.254245,4.907679,-1.1640029,0.5430588,0.21769693
1.7252251,-0.3182454,-4.089334,-0.8347467,1.8454225,-0.28870997
3.318845,-9.104691,-5.3072805,-0.43218684,2.0928228,-0.44203702
2.969493,-11.940185,-3.8739798,-0.8970549,-0.20402883,-0.29726207
0.72502524,-9.138189,0.7369894,-4.132195,-3.7189448,-0.5831468
1.0671989,-11.102697,-1.8999012,1.0009019,2.28158,0.23052509
1.9094725,-7.503892,-4.287938,-0.3979784,-0.4856375,-0.10117448
3.615555,-9.564112,-1.4404793,-1.6264275,-0.9792162,-0.1805869
3.897908,-9.839287,4.692325,-2.0528111,-0.61269736,-0.33880088
0.66999036,-11.200803,-3.158526,0.71135205,1.9700389,-0.2758818
1.5098711,-11.504691,-0.08853444,-0.60689414,-0.8833105,-0.13782637
0.043070808,-11.662618,4.089334,1.0406082,1.8191553,0.22991423
2.065006,-13.579268,-0.26081768,3.308749,-0.46914417,0.6935606
4.5726843,-14.395221,-4.3070807,2.9825473,-0.3090976,0.4718167
4.587041,-9.671789,1.2490535,0.21410811,2.9022186,1.4485894
1.6606189,-9.152547,-3.3619158,2.0528111,0.11484258,0.4736493
1.0695918,-7.9944205,-0.30149564,1.8573344,-1.2137883,0.6245329
2.9479575,-4.974678,-2.1822543,1.6862922,-2.602284,0.04054615
4.0366917,-4.089334,-0.021535404,-0.00763581,-0.8081741,-0.008323032
2.321038,-4.3669014,0.5407779,-1.3136647,-0.08552107,-0.2777144
1.6438692,-14.098511,11.282159,-1.1224641,-0.71226835,-0.44631308
2.2660031,-13.471592,7.8891363,0.2244928,0.48991355,0.50846857
2.2995026,-0.9667004,0.6580262,-0.95325446,-0.3573559,0.4076759
3.8787656,-12.251252,-3.9242291,-1.3417645,-2.109927,-0.073685564
10.169497,-19.925034,5.15414,-1.4755439,1.8643593,0.17676899
0.9236295,-1.2849457,-3.8548372,-0.90377444,0.9315688,-0.4237111
2.8354948,-9.585648,-4.388437,-0.10231985,1.8313726,-0.12621993
2.0602202,-10.092926,-3.546163,-0.878729,0.086742796,-0.24350597
0.863809,-8.693125,1.0169497,-3.7314675,-2.6725335,-0.38767007
0.8662018,-10.439885,0.63888365,0.43707374,1.9437717,0.19265148
1.9764715,-8.013563,-3.4528432,-0.6655372,-0.5931497,-0.18425208
2.821138,-9.241081,-1.2586247,-1.3069452,-0.4489856,-0.26855144
2.8378878,-10.372886,3.2709885,-1.786474,-0.11362085,-0.35285076
-0.5024927,-11.566905,-1.8305093,0.39186975,1.5008948,-0.18425208
-0.2943172,-14.07219,1.1365907,-0.3668243,-0.3781253,0.030161448
1.7324036,-14.277973,0.2536392,2.2861614,0.7684679,0.73265594
4.912465,-11.952149,-2.268396,3.3973246,-0.27183482,0.7198278
9.413364,-11.566905,-3.2542388,1.7889175,3.086089,0.9024764
3.37388,-8.755338,2.254039,1.6307036,2.5332563,0.54145527
0.28235307,-9.030513,-7.6546397,1.660025,-0.637132,0.06436988
2.981457,-7.322037,-0.7800602,1.8206825,-0.8637628,0.5127446
3.842873,-3.6179478,-1.3495519,0.82375115,-1.6432263,0.03810269
3.534199,-3.182454,0.43788654,-1.1780528,0.06536253,-0.30764678
0.32063824,-8.154739,3.8117664,-1.9617922,0.79045904,-0.17142393
-1.1557333,-19.08994,13.797015,-0.44073895,0.12828161,-0.028481571
1.5361922,-10.109675,5.300102,0.3197877,-0.15027274,0.3691914
2.0051854,-4.8047876,-0.1363909,-1.2165372,-0.9309579,-0.16348268
10.24846,-22.753351,2.0195422,-1.0858121,0.47830713,0.24029893
3.0987053,-3.5437703,-3.400201,-0.85612696,1.477071,-0.2850448
2.2085752,-5.426922,-3.76391,-0.92087865,2.0219624,-0.324751
3.6658044,-12.677175,-4.9459643,-0.1951713,0.32009315,-0.4701368
0.86141616,-9.066405,-2.1487548,-1.1591159,-0.7696896,-0.57337296
-2.1008983,-11.753545,13.239488,-2.9220717,1.2583815,0.11384992
1.9214365,-8.135597,-2.7996025,0.3839285,0.69638586,0.08452842
2.5004997,-8.609376,-1.3567305,-1.14079,-0.72815084,-0.39011353
1.6677973,-10.260424,2.2995026,-1.7767003,-0.19120067,-0.5623774
-0.38524446,-11.720045,-0.8350951,0.13164136,1.084285,-0.013209951
3.414558,-13.799408,1.1533405,-0.17684536,-0.61086476,0.22685991
2.1774685,-13.277773,1.0959128,1.8622212,2.1563528,0.3655262
4.9052863,-11.911471,-2.0003998,3.6221228,-0.042760536,0.6172025
7.396215,-12.471392,-3.5174494,2.3576326,2.850906,0.3728566
4.319045,-8.530413,2.6991038,1.75532,1.9694281,0.039935283
-1.3304094,-9.743574,-1.9357935,1.393688,-0.20097451,0.15661046
3.505485,-5.7667027,-1.3710874,1.434616,-0.754418,0.4229475
3.35713,-3.7686956,-0.16031912,0.5543598,-1.1563671,-0.03886627
2.7182465,-4.063013,1.4452649,-0.8042035,0.12889247,-0.055970486
0.8446664,-7.298109,3.9481573,-1.7162246,0.58032155,-0.0193186
0.63170516,-17.261822,11.777473,-0.31917685,-0.31826055,-0.005268709
2.969493,-9.487542,5.6279187,0.3594939,-0.4838049,0.14011711
3.6490545,-5.3312087,0.13878371,-1.3264929,-1.1276563,-0.05291616
9.454042,-19.96332,0.97866446,-1.6190971,1.0134246,0.25495967
2.428715,-2.589034,-4.517649,-1.1890483,1.6798781,-0.4389827
2.1248264,-6.1471615,-3.5246277,-1.2464696,1.9773693,-0.46219558
2.8187451,-12.581462,-3.5940197,-0.19089524,0.64079714,-0.41882417
-0.6723832,-9.513863,0.849452,-3.7168067,-2.1917827,-0.7260891
1.0145568,-10.628919,-0.038285162,0.5280926,1.50456,0.22685991
2.37368,-7.6139617,-2.7972097,-0.7724385,-0.77824175,-0.03642281
2.37368,-8.745767,-0.30388847,-1.3148865,-0.6707295,-0.35285076
1.8903298,-10.904093,2.617748,-1.6710206,0.13072506,-0.33085963
1.2035898,-12.021541,0.2943172,0.14019346,1.3072506,-0.040088
-0.60059845,-14.677574,-0.85902333,0.3045161,-0.12034036,-0.27404922
0.33260235,-12.916456,4.426722,1.1120794,1.2840377,0.41867146
2.8139594,-12.497713,-0.81595254,3.6111271,-0.8338304,0.61964595
5.5800624,-12.239287,-4.141976,2.790125,1.6432263,0.18898629
5.6183476,-8.961121,4.6468616,0.83719015,1.2614357,0.9238566
-1.1772687,-9.911072,-6.9128647,1.3930771,0.39828384,0.7577014
1.5672989,-6.6568327,-0.95473623,1.6594142,-0.98654664,1.0839032
3.8285162,-2.9910283,-1.2394822,0.90743965,-2.213774,0.31360272
4.3908296,-2.833102,0.25603202,-0.54580766,-0.65790135,0.08147409
1.8113668,-8.396415,4.7712884,-1.5659518,-0.031154104,-0.3174206
-2.617748,-19.750359,14.715859,0.67286754,-0.80573064,0.26778784
1.942972,-5.508278,2.9862428,-3.054324E-4,-0.16859868,0.68500847
3.830909,-9.434899,-4.9459643,-1.1823288,-2.3542728,-0.31009024
13.643875,-25.536203,9.8632145,-0.86040306,0.7189878,-0.04925097
1.7252251,-2.0315065,-4.290331,-0.6960804,2.0616686,-0.5306124
1.9238294,-7.6666036,-5.3312087,-0.44257152,1.2443316,-0.45364347
1.3974084,-11.327622,-4.331009,-1.3246603,-1.1490366,-0.39805475
2.778067,-9.88475,-2.359323,-3.481624,-3.3670866,-0.07857248
1.0815558,-10.693524,0.552742,0.5891791,2.268141,-0.13660464
1.4907285,-8.128419,-3.8476589,-0.54764026,-0.29565856,-0.35101816
3.6107693,-9.643075,-1.5002998,-1.3808599,-0.93401223,-0.3418552
1.375873,-11.420942,3.979264,-0.9269873,1.0366375,-0.34552038
0.47138608,-11.949757,-1.1772687,0.15974113,0.21380267,-0.3662898
-0.57906306,-12.437892,5.6207404,0.70768684,1.1148282,-0.028481571
2.2085752,-14.409578,1.5026926,3.3686137,0.5222894,0.7570905
4.254439,-13.574483,-5.168497,3.5512624,-1.2877029,0.5096903
5.386244,-9.846465,-1.7898313,0.6557633,2.7922628,1.3264165
2.1750758,-7.556534,-2.6464617,1.9679009,0.96822065,0.6709586
-2.4239295,-9.406186,-0.57427746,1.2061526,-2.0488405,0.9501238
3.1944182,-6.0418773,-3.2638102,1.1786636,-2.6981897,0.5463422
5.5872407,-3.1848469,0.5694918,-0.06383537,-1.4672972,0.49380782
4.5942197,-3.4217365,1.1030912,-1.222035,-0.43982264,-0.03642281
3.4528432,-13.655839,9.65504,-0.73028886,-0.48869184,-0.3974439
-1.253839,-11.229517,6.273981,0.27763805,0.27672175,0.58788097
0.32542387,-8.532805,4.371687,-0.5091558,-0.48991355,0.50358164
2.5842485,-10.624132,-0.66041905,-0.68019795,-1.7183626,-0.0834594
10.707881,-22.004396,5.1493545,-0.8817833,1.178969,0.22991423
4.4195433,-0.27756742,-3.885944,-0.7009673,1.802662,-0.46097383
3.5413775,-10.083355,-2.416751,-0.56902057,2.173457,-0.7444151
-0.7537391,-12.287145,-3.629912,-1.5702279,-1.3341287,-1.0638974
-0.50488555,-9.243474,4.5918264,-2.0253222,-2.5418084,-0.2410625
1.0217353,-9.147761,-1.5361922,-0.16340633,-0.16371176,-0.18974987
2.309074,-8.458628,-2.201397,-1.4095705,-0.53511757,-0.24778202
4.0390844,-10.667203,1.2394822,-2.1248932,-1.1081088,-0.211741
1.8161523,-11.196017,2.6129622,0.033902995,1.9230024,-0.55443615
-1.0432707,-13.064812,-3.6394832,0.19883649,-0.4508182,-0.3748419
1.6151553,-15.610775,4.0390844,0.8952223,-0.6169734,0.5982657
5.1158547,-9.851251,1.1796615,2.8377724,-0.21868959,0.50907946
5.0273204,-8.236095,-3.792624,2.8658721,1.088561,-0.005268709
4.7952166,-11.497513,0.23449662,0.9752456,1.3762784,0.4021781
0.3182454,-11.052447,-3.182454,1.4205661,1.9816453,0.63613933
1.8185452,-6.3338017,-0.44745782,1.5622866,-0.7440333,0.727769
3.6466618,-3.5772698,-1.402194,0.9685261,-1.4501929,0.2787834
3.629912,-2.4933212,-0.22253251,-0.3930915,-0.64324063,-0.10483967
0.8470592,-8.738588,4.9531426,-1.2342523,-0.15760311,-0.2013563
2.2899313,-16.146767,10.372886,0.017409647,-0.015882485,0.029550584
-2.9072795,-6.9296145,4.28076,-0.3912589,0.5259546,0.70028013
1.2035898,-9.652647,-3.615555,-1.5952734,-1.4239258,0.036270097
15.749558,-28.383661,10.504492,-0.56291187,-0.14844014,0.5445096
3.1752756,-0.58624154,-4.3405805,-0.6679806,1.8918482,-0.31864235
2.684747,-4.5894337,-5.54417,-0.9300416,2.2663083,-0.64789844
4.9028935,-13.033705,-5.1900325,-0.25442517,-0.34391686,-0.23128867
0.8422736,-9.183653,-1.8999012,-1.2342523,-1.5619812,-0.9020182
-3.7304106,-13.03849,19.721643,-3.3234098,1.5228859,-0.07979421
2.1655045,-7.9226356,-3.8524444,0.56352276,1.0555743,0.18043418
2.9886355,-9.243474,-2.0985055,-1.1023055,-0.78801554,-0.51778424
2.1176481,-11.380264,2.4430718,-1.9911138,-1.011592,-0.68393946
0.11964113,-11.571691,0.29671,0.2525926,1.6022983,-0.010155627
2.8426733,-12.784851,3.4456646,0.56535536,-0.6365211,-0.22701262
0.52163535,-13.354343,2.6608188,2.893972,1.3927717,0.41500625
1.8640088,-14.404793,-6.5635123,3.7693412,-1.9211698,0.9379065
7.487142,-11.600404,-1.564906,1.3545927,2.9785767,0.863381
2.524428,-8.207381,-1.8400806,1.994168,2.4495678,0.4730384
-1.0719845,-9.090333,-3.979264,1.5433499,-1.5858049,0.64957833
3.0532417,-4.6372905,-3.6586258,1.5488477,-2.0714424,0.7131083
4.1874394,-3.022135,-0.9092726,-0.066889696,-2.0763295,0.11384992
2.8929226,-4.881358,2.1655045,-1.2434152,-0.82100224,-0.14454588
4.7042894,-15.845271,11.827723,-0.34300056,-0.89247346,-0.3161989
-1.550549,-11.296515,4.9842496,0.08277218,1.7110323,0.8236748
0.021535404,-4.709075,-0.4354937,-1.1334596,-1.7605124,-0.3491856
6.2117677,-15.828522,-2.8283165,-1.1902701,-0.8136719,0.18959716
5.989235,-7.587641,1.5696917,-1.7565417,1.1343759,0.36002842
1.8711873,-0.8781659,-3.548556,-1.1212423,2.7116287,-0.39561132
4.089334,-10.693524,-4.816752,-0.49082986,0.82650006,-0.21907139
1.6462619,-9.4229355,-2.725425,-0.62827444,-0.8955278,-0.7651845
-3.3284163,-11.949757,6.8075805,-3.9715374,-2.0488405,-0.853149
0.93559366,-8.992228,-1.579263,0.4951059,1.2076796,0.2690096
3.629912,-9.269794,-2.6536403,-1.0204496,-0.36163196,-0.22884522
5.1493545,-9.257831,0.71306115,-1.7577634,-0.8649845,-0.130496
-1.0815558,-12.607782,0.5479564,0.1744019,1.8350378,-0.5116756
0.44027936,-12.882957,1.9764715,0.16157374,0.1386663,0.011835505
0.6843473,-12.732209,5.905486,1.7376049,1.5772529,0.3013854
2.2085752,-13.359129,-6.927222,4.1700683,-1.0787872,0.91347194
6.087341,-15.196816,-4.338187,2.6532912,2.5161521,0.52312934
1.5840486,-9.035298,5.9318075,1.176831,0.99143356,0.88170695
-0.7537391,-7.932207,-4.486542,1.59283,-1.8167119,0.27084216
3.3906298,-4.3357944,-2.2588246,1.493259,-1.874744,0.60193086
4.9579287,-2.8785655,-0.9212367,0.34055713,-1.206458,0.15111268
3.926622,-3.9361932,1.4763715,-1.4077379,0.08307761,-0.22762349
1.2753744,-11.062019,6.0107703,-1.823126,-0.10384701,-0.14515674
-1.9645073,-18.082561,13.703695,0.5506946,-0.08613193,0.48403397
1.7994026,-4.345366,2.3162522,0.14691298,-1.3267983,0.5946005
1.8089739,-8.236095,-4.843073,-1.3588687,-2.7635522,-0.1598175
18.357735,-26.706293,7.391429,-1.5170827,0.3933969,0.2201404
1.6295122,-2.2325034,-3.3643086,-0.9483676,2.6542075,-0.40416342
2.254039,-5.773881,-4.4195433,-0.6722567,2.6309946,-0.25633413
1.6701902,-12.574283,-4.912465,-0.3808742,-0.8319978,-0.8189406
0.38524446,-9.956535,-0.8781659,-4.0821037,-4.1850348,-0.6405681
1.3830515,-9.745967,-1.5266209,0.8732312,1.9547673,0.53717923
3.3523445,-7.537391,-3.0652058,-0.69730216,-0.58154327,-0.28687736
3.4193435,-9.389436,-0.6053841,-1.696677,-0.9144646,-0.3400226
0.15792629,-11.41855,4.1180477,-0.67836535,1.3335178,-0.3003164
0.21296121,-12.677175,-1.4691931,0.116980605,-0.61086476,-0.28015786
1.282553,-12.717853,6.4008007,1.0760384,1.5699224,0.1523344
2.5387847,-14.249259,-3.4911282,3.6312857,-0.61147565,0.7613666
5.022535,-15.328422,-3.938586,2.7186537,1.2791508,0.2201404
4.8693943,-8.717052,3.493521,0.6856957,1.9132285,1.1853068
2.416751,-7.1138616,-6.1495543,1.9660683,1.341459,0.37530005
-1.3256238,-8.724232,0.65084773,1.5012002,-1.6139047,0.86460274
4.3812585,-4.0366917,-2.7445676,1.0430516,-2.2131631,0.40462157
4.063013,-2.9359934,1.6199409,-0.44440413,-0.66156656,0.32826346
2.5866413,-6.410372,4.7042894,-1.3154973,0.1197295,-0.32047492
0.9499506,-16.957933,11.980863,0.18051054,-0.70493793,-0.20379977
1.3974084,-11.217552,6.6185474,-0.029626941,0.26389357,0.7436515
-1.0049855,-5.812166,2.4071796,-1.0485494,-0.82833266,-0.13782637
2.8307092,-10.590633,0.1268196,-0.88911366,-0.08124501,0.14011711
8.118847,-13.696517,-0.28713873,-0.64537865,-0.64629495,-0.21846052
2.416751,-5.6446686,-4.465007,-0.6349939,1.9480478,-0.22762349
2.0578275,-10.332209,-2.754139,-0.6270527,1.0616829,-0.5587122
1.605584,-9.432507,1.2346965,-2.0821326,-2.2828016,-0.07246383
3.2542388,-8.039884,2.7445676,-0.8848376,0.22846343,-0.25083634
-0.7800602,-10.12164,-0.8350951,-1.181107,0.7458659,-0.6155226
-1.5601203,-8.719446,-0.83748794,-1.2739584,-0.29932374,-0.41027206
2.885744,-10.741381,1.026521,-1.1395682,-1.1508693,-0.1787543
2.6129622,-9.631111,-0.5982057,0.06933315,0.54916745,-0.23495387
1.3830515,-12.777673,-3.17049,-0.10109812,-0.51068294,-0.30825764
-0.0741775,-12.559926,8.269595,0.016187917,1.2076796,-0.16348268
0.8446664,-13.036098,3.5318062,2.8078399,0.28405213,0.614759
3.2997024,-12.825529,-4.570291,3.4565783,-1.1691952,0.50541425
6.9152575,-14.459827,-2.6009982,1.5812235,3.3261588,1.0386992
3.2231321,-7.9513497,-0.28235307,1.8054109,1.9443825,0.46265373
-0.13399807,-7.793423,-5.3216376,1.6343687,-0.618806,0.3362047
2.5268207,-6.302695,-1.4739788,1.6190971,-1.802662,0.63919365
3.4791641,-2.4598217,-1.2035898,0.03329213,-1.1667517,0.09796744
3.5437703,-3.4121652,1.3280165,-1.4627157,-0.06291907,-0.28932083
0.8039884,-17.364714,13.316058,-0.25014913,-0.82161313,-0.49334967
1.0600204,-11.607583,6.6257257,0.5183188,0.100181825,0.5738311
0.33260235,-2.6129622,0.74416786,-0.2886336,-0.72937256,0.5157989
5.4388857,-11.444871,-1.7395821,-1.0809252,-0.8949169,0.017944153
10.837093,-17.170895,3.4217365,-0.92148954,0.7855721,0.04054615
1.8927227,-3.9098723,-5.218746,-1.063821,1.9926409,-0.42981973
1.1940185,-11.796616,-2.6799614,-0.7864884,1.0677916,-0.975322
-0.11485548,-9.757931,1.713261,-2.9996514,-2.981631,-0.108504854
2.4478576,-9.265009,0.9451649,-0.24709481,0.73792464,-0.12377647
-0.21535404,-9.8321085,-1.9740787,-0.80786866,-0.44532043,-0.4163807
1.3639089,-8.408379,-1.6462619,-1.3503166,-0.478918,-0.14149155
4.4841495,-9.963714,2.184647,-1.9935572,-0.69394237,-0.043142326
2.0602202,-10.834701,-0.44027936,0.47311476,1.7440189,-0.5287798
-1.5936198,-13.088739,-3.4911282,-0.083383046,-0.1875355,-0.39133525
2.349752,-11.739188,8.068598,-0.26175556,1.0183116,0.07658717
2.1415763,-14.407186,1.0815558,2.942841,0.27122396,0.44127345
3.0364919,-11.387443,-5.3096733,3.223228,-1.129489,0.28855726
5.4221363,-10.73181,-0.72741807,1.1157445,3.5039203,1.0997857
2.5938199,-8.946764,-0.36370903,1.4767656,1.5821397,0.8438333
-1.6486548,-9.631111,-1.457229,1.2794563,-1.197295,0.92813265
3.050849,-5.4341,-1.8711873,1.3881903,-2.032958,0.565279
4.476971,-3.7615173,-0.2656033,0.4639518,-1.5106686,0.3105484
2.6153553,-4.429115,0.7369894,-0.98685205,-0.6969967,-0.21051927
1.4596218,-12.009577,7.479964,-1.0650427,-1.3787218,-0.3815614
-1.68694,-16.158731,8.776874,0.98501945,-0.9248493,0.5133555
0.52163535,-2.7086751,1.3423735,0.010690134,-1.0048726,0.75525796
5.276174,-11.46162,-1.0815558,-0.9306525,-1.892459,-0.2984838
7.908279,-15.6873455,-2.8283165,0.58123785,0.8772018,0.31238097
1.847259,-1.6342978,-4.436293,-1.1688898,1.0018182,-0.3540725
3.9290147,-12.346965,-2.9048867,-0.30329436,1.395826,-0.96493727
2.7349963,-9.145369,2.9575288,-3.0143123,-3.8472264,-0.021151192
1.3974084,-9.430114,0.6029913,-0.3594939,0.90774506,-0.33757916
-0.30149564,-9.827323,-0.9906286,-1.2061526,-1.1178825,-0.31680974
2.0075781,-8.635697,0.8446664,-0.996015,-0.6230821,-0.15187626
2.3186452,-9.327223,-1.0456635,-1.181107,-0.017104214,-0.3125337
3.048456,-11.083554,2.0745773,-1.5824453,-0.57482374,-0.23495387
1.9597218,-11.595618,-2.1918256,0.6349939,1.3518437,-0.26977316
-2.2157538,-15.675381,1.9142581,0.14874557,-0.9138537,-0.33941174
0.6125626,-14.13201,0.79920274,2.4675882,0.6860011,0.66484994
4.2831526,-10.41835,-3.5820556,3.6111271,-2.1331398,0.28672466
4.3070807,-10.770095,-2.9575288,1.7583742,2.028682,0.5762746
1.7036897,-11.050055,0.0047856453,1.5854995,1.1728604,0.73815376
-1.5218352,-10.193424,-1.416551,1.23975,-0.9902118,1.2024109
3.5174494,-6.0825553,-2.8187451,1.3295472,-1.8600832,0.8933134
4.5320063,-3.5437703,-1.3423735,0.44379327,-1.6200134,0.69905835
4.5415773,-3.9601214,0.91884387,-0.74433875,-0.8692606,2.290743E-4
4.45065,-12.437892,8.719446,-0.5177079,-1.6114613,-0.7688497
-2.7278178,-13.043276,5.95095,-0.19822562,-0.48685923,0.48953176
0.4139583,-9.114262,2.2971098,-0.0021380268,-0.07024945,1.0594686
3.5892339,-11.71526,-1.4189439,-0.33322674,-1.5851941,0.0881936
7.0492554,-9.923036,-5.3623157,-0.098654665,0.5809324,0.18409938
2.8187451,-3.103491,-4.0773697,-0.91477,1.4715732,-0.60452706
3.4169507,-13.079168,-4.7832522,-0.38637197,0.20402883,-0.84887296
2.5531418,-8.30788,3.505485,-2.952615,-4.296212,-0.04925097
1.2586247,-10.313066,0.21774685,-0.3582722,0.8148936,-0.17936517
-0.4331009,-9.4229355,-1.9764715,-0.928209,-0.7037162,-0.1390481
3.2709885,-9.45165,-0.5910272,-1.7174463,-0.7483094,-0.07551816
4.776074,-10.083355,3.6370904,-1.5311326,-0.5619956,-0.16042836
2.440679,-10.588241,-0.148355,0.2623664,1.5729768,-0.31558803
-0.51206404,-12.679567,-2.7421749,0.110871956,0.16065744,-0.61857694
-1.5984055,-11.856436,7.867601,0.47189304,0.7110466,0.09735657
3.737589,-13.481163,-3.3643086,3.6942048,-1.789223,0.6117047
4.199404,-14.44547,-3.5557344,2.889696,-0.11423171,0.20181446
5.1182475,-9.688539,1.6151553,0.3753764,2.588845,1.2549453
2.9479575,-7.1306114,-3.3714871,2.198197,1.0048726,0.5237402
-0.9451649,-9.056833,-0.021535404,1.85428,-1.8038837,0.5958222
3.5581272,-4.7808595,-3.1226335,1.4889829,-2.2278237,0.5103012
5.245067,-2.5842485,-0.22731815,-0.228158,-1.1850777,0.45959938
2.400001,-6.017949,2.9312077,-1.4083488,-0.81061757,-0.3210858
2.928815,-17.520247,14.433506,0.41141742,-1.2669336,0.042378742
1.5290136,-10.147961,5.642276,0.10537417,0.5094612,0.510912
-1.3854443,-8.207381,6.0514483,-0.3582722,-1.364061,0.18593197
8.583055,-17.833708,4.4004006,-0.4761691,0.365908,0.546953
5.3886366,-2.4095724,-5.0536413,-0.8457423,1.4306453,0.082084954
3.7304106,-9.296116,-3.792624,-0.6130028,1.3469568,-0.87514013
0.7393822,-11.009377,-1.5553347,-2.0650284,-3.3163848,-0.39011353
2.1798615,-8.343773,5.4173503,-1.2904519,-0.5235111,-0.13293944
-0.39720857,-10.454242,-0.9595219,-1.4859285,-0.3536907,-0.18669555
1.2251252,-7.702496,-0.65084773,-1.2250893,-0.57787806,0.014889829
4.5822554,-9.645468,-1.4045869,-1.4382812,-0.2828304,-0.2850448
2.8498518,-10.392029,6.3888364,-1.1218531,-0.39095345,-0.22884522
0.9834501,-11.753545,-2.7852457,0.39492407,1.9529347,-0.40294167
-4.955536,-15.720845,3.0652058,-0.015577052,-1.4251475,-0.18425208
5.288138,-14.194224,-1.98365,3.399157,-0.49174616,0.60376346
6.2380886,-12.318251,-4.1228333,3.0277512,-0.3695732,-0.06207913
8.066205,-8.633304,2.1415763,1.3246603,0.64812756,0.55367255
2.3401806,-9.458828,-1.8281165,1.7064508,3.8600545,0.4730384
-0.1268196,-7.21436,-2.4598217,0.82191855,-0.93889916,0.8187879
2.5339992,-5.5130634,-1.2993027,1.2391392,-1.3677262,0.6190351
4.0151563,-2.6009982,-0.3469593,0.088269964,-0.75502884,0.28183773
1.1533405,-4.3932223,1.1270195,-1.1078032,-0.68905544,-0.12744166
0.35653058,-16.692331,13.021741,-0.4401281,-1.3066398,-0.26427537
2.8139594,-13.30888,7.9513497,0.83596843,-0.59498227,0.33253953
3.1944182,-3.9744785,2.8642087,0.17745622,-0.092851445,0.78824466
3.3882368,-11.239088,-2.8785655,-1.0204496,-1.9553782,-0.4163807
5.3766723,-13.349558,-5.259424,0.39492407,1.5931354,0.2928333
4.5559344,-4.759324,-4.503292,-0.697913,1.4624103,-0.50556695
1.8305093,-14.715859,-3.4121652,-2.0845761,-1.1178825,-0.6283508
1.4285151,-7.6809607,4.9531426,-2.6612325,-1.8460333,-0.22945608
1.8329022,-8.956335,1.3399807,-0.90194184,0.6035344,-0.11400264
0.44506502,-9.506684,-0.12921242,-1.537852,0.20647229,-0.324751
0.12921242,-8.451449,-0.23688944,-1.402851,-0.016493348,-0.4426479
2.1966112,-10.671989,2.292324,-1.3625339,-1.0451896,-0.27649269
1.9597218,-10.346565,-0.05742774,0.2525926,0.75930494,-0.20990841
2.024328,-11.298908,-2.78046,0.016187917,-0.15027274,-0.2520581
-2.3712873,-13.849657,7.6546397,0.25686863,0.38606653,-0.22518003
2.87378,-13.909478,-0.7848458,2.9898777,-1.4844015,0.4406626
5.1421757,-13.225131,-3.117848,3.1358743,-0.62919074,0.0026725335
4.194618,-10.143175,-2.2707887,1.2024873,2.6554291,0.9079741
1.8951155,-9.236296,1.4811572,1.8713843,1.3194679,0.63613933
-0.16271193,-8.082955,-3.859623,0.90743965,-1.1239913,0.85421807
1.3639089,-7.5900335,-1.538585,1.36681,-1.76601,0.81573355
4.3932223,-4.1898327,-0.7848458,0.35582873,-1.806938,0.4125628
3.9553359,-4.3262234,1.3399807,-0.81031215,-0.7208204,-0.15065452
3.1776686,-12.177074,7.7240314,-0.87384206,-1.540601,-0.43592837
-0.1363909,-10.49492,5.5465627,-0.44196066,0.16859868,0.31421357
-1.5984055,-9.41815,4.5822554,-0.033902995,0.3536907,1.0680207
3.9290147,-9.080762,-3.062813,-0.31184646,-1.2620466,-0.06696605
6.195018,-19.185652,6.8602223,-0.98868465,-1.2901465,0.022831071
3.562913,-2.3784657,-3.6849468,0.01924224,2.9150467,-0.31375542
3.9290147,-10.183853,-5.139783,-0.41935867,1.3322961,-0.7413608
2.225325,-9.623933,-3.9242291,-2.3228133,-3.2241442,-0.5183951
2.347359,-9.879965,15.11546,-2.7052147,-2.9486444,-0.24350597
-0.043070808,-10.633704,-2.7589245,-0.10293072,1.4917318,-0.09873102
2.0482562,-8.2145605,-2.6775684,-1.0845904,-0.10079269,-0.16653702
3.6873398,-9.750752,2.7014968,-1.8188499,-1.4886775,-0.19769111
2.120041,-9.990034,0.9906286,0.11575887,1.531438,-0.3730093
-0.53359944,-11.485549,-3.4911282,0.21655156,0.3836231,-0.38400486
1.4931214,-12.933207,9.052048,-0.3265072,-1.1184934,0.08575014
2.6273193,-15.414563,-4.1922255,3.1389287,-0.25717407,0.44677123
2.2827528,-12.49532,-4.4243293,2.5812092,-0.60781044,0.36980227
2.9766715,-8.362915,0.31345975,0.6997456,3.2650723,1.3569597
4.022335,-9.243474,-2.5052853,1.8506149,1.4929535,0.98066705
-0.35174492,-8.260024,-2.9718857,1.8597778,-2.9266531,0.40401068
2.766103,-6.829116,-1.4045869,1.0198387,-1.7770057,0.64957833
4.7832522,-4.2424746,-0.33020952,0.08277218,-1.5247185,0.3569741
1.3543376,-6.4941206,0.71306115,-0.83596843,-1.8442007,-0.4579195
4.9196434,-12.870993,10.734202,-0.31551164,-2.0225732,-0.49518228
0.19860429,-11.083554,5.608776,-0.04734202,0.5907062,0.55367255
1.9166509,-5.5130634,1.0839486,-0.09315688,-0.7648027,0.39301512
2.2157538,-9.686146,-1.6247265,-0.8542944,-1.9462152,0.3569741
11.844472,-24.866213,-0.1794617,-2.2098033,-0.7202096,0.37652177
1.2586247,-2.9599216,-1.0073783,-0.4621192,1.477071,-0.4896845
3.3619158,-9.889536,-5.6279187,0.883005,1.1679734,-0.09873102
2.201397,-8.736196,-4.469793,-1.2006547,-0.4960222,0.0240528
2.5292134,-10.516456,5.6757755,-3.277595,-4.2009172,-0.130496
0.66999036,-9.705289,-2.239682,0.16829325,1.1056652,-0.117056966
2.1391835,-8.616554,-2.388037,-1.0589341,-0.035430156,-0.16103923
3.0867412,-9.949356,0.47856453,-1.5781691,-1.4746276,-0.37423104
0.6795616,-10.47817,2.4263222,0.0876591,1.0146464,-0.39438957
1.5170496,-11.083554,-3.3690944,0.21532984,0.6084213,-0.25572327
0.6029913,-12.80878,3.1633115,-0.23060146,-1.2895355,-0.48357582
-0.04546363,-14.493327,-0.997807,2.17926,0.18142684,0.23785548
2.5962126,-12.665211,-1.9980069,3.372279,-1.6652174,0.18837543
4.0965123,-11.58844,-4.0845485,2.0515893,2.4587307,0.63552845
1.6390835,-9.363115,1.1533405,1.4547745,0.8197805,0.8096249
1.0671989,-10.033105,-4.3669014,1.8561126,-0.89247346,0.6617956
0.54317075,-9.0233345,-1.7084754,0.98685205,-1.2956442,1.3050362
4.304688,-5.572884,-0.8709874,1.0131192,-2.426355,0.4834231
5.4795637,-3.4289148,0.634098,-0.046731155,-1.2748748,0.24457498
3.3547373,-7.4177504,2.4215364,-1.0076214,-1.4208715,-0.3033707
3.9050865,-12.425928,9.88475,0.20983206,-1.0024291,-0.324751
-1.4811572,-13.397414,7.456035,-0.4499019,0.8155045,0.678289
-0.3900301,-5.6374903,2.0673988,-0.40408704,-1.1093304,0.23785548
4.8693943,-11.397015,-2.629712,-1.0882556,-1.0225877,0.21281002
6.9822564,-11.820544,3.2039895,-1.4260638,-0.38851,-0.021151192
1.308874,-1.3926228,-2.3353949,-0.5592467,2.285856,-0.74808025
3.0077782,-12.940385,-4.800002,0.22266021,0.6377428,-0.54221886
1.1126626,-9.147761,-6.7645097,-1.8573344,-3.3487606,-0.38828093
0.8997013,-9.499506,9.008977,-0.7217367,0.40011644,0.022220206
1.6271194,-8.458628,-3.7184465,-0.09498947,0.14110976,0.086361006
3.089134,-8.657232,-1.9166509,-1.4462224,-0.6383537,-0.20502149
3.7543387,-10.258031,1.4644074,-1.8322889,-1.3982695,-0.4011091
2.103291,-11.32523,1.3447664,0.39736754,1.5955788,-0.19219333
-0.069391854,-14.151154,-2.8091738,0.094378605,-0.3090976,-0.48479757
-0.7752745,-12.619746,8.547162,0.85612696,1.2547163,-0.0077121677
2.0051854,-12.528819,-0.72741807,3.5811949,-1.4654646,0.3154353
3.5270207,-12.782458,-3.4839497,3.233002,-0.36712974,0.15294527
6.0394845,-10.033105,-0.07178468,0.75411254,1.6169591,1.1535418
1.672583,-8.690732,-2.8426733,1.7632612,1.477071,0.6813433
-2.7038896,-9.128618,-0.09332009,1.1640029,-1.4776819,1.4039963
4.1467614,-4.74736,-2.5818555,1.1591159,-2.7165158,0.39606944
5.9413786,-3.3906298,0.57427746,-0.047952887,-1.4104868,0.42172578
3.5676985,-8.616554,3.6873398,-1.1224641,-1.2315034,-0.2532798
3.0388846,-13.880764,11.107483,0.558025,-0.4648681,0.05337431
-3.979264,-9.377472,3.751946,-0.80298173,1.0543526,1.256167
2.28036,-7.999206,-1.2921243,-0.6911935,-1.8619158,0.023441937
9.729217,-16.307087,0.21774685,-1.2171481,-0.88697565,0.12056944
5.235496,-3.940979,-3.2949169,-0.90866137,1.3494003,-0.45303258
0.8255238,-3.6346977,-3.9888353,-1.086423,1.5986332,-0.5782599
3.0915267,-13.3352,-3.804588,-0.22266021,0.08491021,-0.31375542
0.031106694,-7.865208,-5.3407803,-1.696677,-1.3072506,-0.44570222
0.6580262,-11.066805,3.2231321,-0.15546508,1.0012074,0.2494619
1.9980069,-7.8029947,-2.9647074,0.023518294,-0.46364638,-0.037644543
2.4622145,-9.075976,-2.0578275,-1.0845904,-0.2706131,-0.23006694
4.462614,-10.358529,-0.47138608,-1.9843942,-1.1856885,-0.13782637
0.5168497,-11.7463665,3.8285162,0.058337588,1.4874557,-0.39133525
-0.02632105,-11.456835,-1.8975084,-0.2764163,-0.34574947,-0.46586075
-0.4761717,-11.724831,5.5633125,0.40469792,0.6524036,-0.21784966
0.55513483,-14.66561,1.9980069,3.1517568,-0.43676832,0.5946005
3.4313076,-13.99562,-4.9579287,3.6538877,-2.023184,0.6257546
6.9152575,-10.432707,-3.345166,1.4272856,3.4446664,1.242728
2.8235307,-8.750552,1.0504491,1.8719951,0.72815084,0.759534
-1.8664017,-9.946963,-1.7826529,1.6740749,-1.1514801,1.0038799
3.991228,-5.0081778,-3.2327034,1.3735294,-2.272417,0.48403397
4.9172506,-3.2949169,-0.15074782,0.13347395,-1.4746276,0.16210824
3.2327034,-3.5294135,0.61016977,-1.1682789,-0.5516109,-0.360792
4.615755,-13.131811,9.592826,-1.005178,-0.5112938,-0.4566978
-0.6987042,-13.232309,6.771688,-0.13041963,0.85643244,0.41317368
-0.5288138,-4.438686,2.120041,-0.7192933,-0.7733548,0.24396412
4.101298,-10.10489,-3.792624,-0.8677334,-1.2345577,0.08025236
11.133803,-25.564917,7.834101,-2.740645,-1.7091997,0.23846634
1.8376877,-0.03589234,-3.830909,-0.36621344,1.3585633,-0.66683525
2.8378878,-10.3848505,-4.165904,-0.20433427,0.8045089,-0.22762349
1.268196,-10.913664,-3.330809,-0.7046325,0.098960094,-0.24594943
-0.4761717,-8.499306,4.4482574,-3.6196792,-0.93889916,-0.415159
0.9810573,-10.310673,-0.45942193,0.29840744,0.57787806,-0.05902481
2.5411777,-8.3174515,-1.8424734,-0.8304707,-0.72387475,-0.23678645
3.900301,-9.722038,0.13160525,-1.339321,-0.3017672,-0.22456917
0.30867413,-10.738988,3.6275191,-0.92271125,1.5436553,-0.3504073
-1.5481563,-12.672389,-3.010171,0.377209,0.42210758,-0.1824195
4.141976,-11.32523,6.8506513,-3.054324E-4,-0.3915643,0.2201404
1.0432707,-14.806787,-0.25124636,3.0753987,0.26389357,0.47059494
4.208975,-11.990435,-3.7854455,3.2531605,-0.9810488,0.45837766
8.267202,-9.793823,-0.23928227,1.1866049,3.0469935,0.9036981
1.8664017,-9.47797,-1.7946169,1.9544618,0.77213305,0.039935283
-0.7537391,-8.839087,-0.83748794,1.5146393,-0.6524036,0.8865939
3.8787656,-4.9052863,-1.8687944,1.1963787,-1.8997895,0.22319472
3.8213377,-3.6729827,-0.0023928226,0.024129158,-0.76235926,0.102854356
2.3832514,-5.5106707,1.5577276,-1.339321,0.2498437,-0.04741838
1.7611175,-13.600804,9.267402,-1.2073742,-0.27366742,-0.27404922
0.009571291,-12.153146,7.4153576,0.27763805,-0.064140804,0.5353466
-0.75613195,-3.9696927,1.4524434,-0.5665771,-0.076358095,0.57016593
6.530013,-14.502898,-2.0602202,-1.1273509,-1.883907,-0.109726585
7.5326056,-18.168703,-0.8781659,-1.501811,0.52656543,-0.0956767
1.564906,1.3854443,-4.0007997,-1.2586869,0.5522218,-0.37789622
3.694518,-10.983056,-2.4933212,-0.40408704,1.5479313,-0.3088685
2.8689942,-10.794023,-3.5988052,-0.13530655,0.8179479,-0.59108806
-1.9453648,-10.281959,3.4600215,-3.5744753,-2.8441863,-0.71875876
0.36131623,-10.822737,-0.047856454,0.5195405,1.0128138,0.18104506
2.9742785,-8.018349,-2.3258235,-0.6820305,-0.49296787,0.16394083
3.3786657,-8.26481,-0.19142582,-1.2195915,-0.100181825,-0.1787543
2.2707887,-9.5760765,-0.22971097,-1.3154973,-0.19181155,-0.5916989
-1.0049855,-13.129417,1.6366907,-0.42607817,0.37934703,-0.3314705
3.735196,-13.036098,0.9834501,0.113926284,-0.43554658,0.0881936
0.05503492,-14.433506,1.7946169,1.9691226,1.3652828,0.101632625
1.6342978,-14.493327,-1.7802601,3.6355617,-0.5393936,0.54023355
5.410172,-11.66501,-3.9314077,2.6600106,1.8863504,0.26045746
4.6636114,-8.384451,1.7060826,1.4413354,0.75869405,0.37713265
-2.3976083,-11.521441,-2.804388,2.008218,-0.014660755,0.23602287
3.7758741,-4.8358946,-2.507678,1.6624686,-1.2461642,0.60803956
3.9194436,-2.806781,-1.0983056,0.6545416,-1.2052362,0.21952952
2.9216363,-2.7900312,0.31345975,-0.84024453,-0.22296564,-0.10300707
2.1008983,-6.869794,3.6873398,-1.890932,-0.5253437,-0.23006694
-0.3589234,-20.700308,17.65664,0.9837977,-0.20341797,0.38934994
2.0219352,-3.7974095,3.1561332,-0.20250167,0.10140356,0.82611823
7.9968133,-17.312073,-5.5537415,-1.6936226,-2.9681919,-0.093233235
6.1304116,-6.920043,-3.9888353,-0.950811,2.3548837,-0.28015786
1.4333007,2.2995026,-4.2592244,-2.1267257,3.7287185,-0.40294167
1.7180467,-11.114661,-3.1776686,-0.33322674,-0.3921752,0.02527453
1.3351951,-12.717853,-2.8785655,-2.0387611,-3.9241953,-1.4469095
-0.9523434,-9.537791,1.2921243,-0.2886336,1.1844668,0.4486038
2.37368,-8.336594,-2.5962126,-0.5378664,0.16065744,0.22624904
2.536392,-8.10449,-0.33020952,-1.8066326,-0.80389804,-0.14637847
2.4765713,-9.865608,0.0071784677,-1.0528255,-0.07696896,-0.47868893
0.45942193,-10.676775,3.629912,-0.7681625,1.0818415,-0.28137958
0.15314065,-12.246467,-3.7878382,0.46700612,0.15760311,-0.20685409
1.969293,-14.007584,7.389036,0.28130323,0.17409647,0.047265664
2.3952155,-14.567504,-0.97866446,3.0167558,-0.15149446,0.44799295
5.276174,-10.691132,-3.7423747,3.4516914,-0.17043127,-0.37545276
8.087741,-7.3028946,-1.0648061,1.2183698,2.9602506,0.9574542
0.5694918,-10.298709,-3.3714871,1.926973,0.89002997,-0.10911572
-1.1389836,-9.35833,-0.086141616,1.4059052,-0.08796453,1.1449897
2.8594232,-4.4434714,-0.8422736,1.1194097,-1.8374813,0.34048074
3.644269,-3.2446675,-0.05503492,0.16096286,-0.8796453,0.26045746
1.9334008,-4.520042,0.5766702,-1.3045018,-0.22052218,-0.03092503
3.0915267,-12.909278,9.413364,-1.1328487,-0.62552553,-0.16409355
-0.9403793,-15.328422,9.702896,0.4951059,-0.3701077,0.47693267
2.7110682,-4.1347976,2.0793629,-0.3582722,-0.63705564,0.7170025
5.800202,-16.481762,-3.3044882,-1.4022402,-2.225915,-0.05146536
5.895915,-7.8628154,0.62931234,-0.4657844,0.70318174,0.0016798781
2.0003998,0.6436693,-4.7712884,-2.098015,2.7501895,-0.16630794
2.9647074,-10.710274,-3.4169507,-0.12247839,0.6048325,-0.59391326
1.0648061,-11.73201,-3.8572302,-0.9007201,-0.5497019,-0.5988002
-0.11724831,-10.700703,5.2235317,-4.3863144,-2.0603704,-0.3159698
0.66999036,-10.406385,-1.3423735,0.6496547,1.9426264,0.23808455
1.8951155,-7.3435726,-3.1657043,-0.61117023,-0.71463543,-0.12476913
2.7469604,-8.772088,-1.4763715,-1.2696824,-0.4165334,-0.2933678
1.4117653,-11.07159,3.8117664,-2.12978,-0.3334558,-0.59757847
-0.4881358,-12.406785,-0.7178468,0.45234537,1.0965786,-0.21090107
1.5218352,-13.414164,6.1447687,0.9111048,-0.38782278,0.005345067
3.2207394,-15.436099,-0.95473623,3.728413,-0.18990259,0.398742
5.099105,-14.062618,-4.6468616,2.9544475,0.6152172,0.21670428
3.2614172,-7.097112,1.3040884,1.0583233,2.4826307,1.0737475
0.6029913,-9.3200445,-5.123033,2.324646,-0.3749946,0.19654575
0.43070808,-8.5423765,-0.997807,1.3527601,-1.1935534,1.2600614
3.818945,-4.6612186,-2.07697,1.1078032,-2.4617088,0.344375
5.326423,-3.6346977,0.41156548,-0.23060146,-0.79771304,0.44333512
3.3284163,-4.4602213,0.40677986,-1.493259,-0.3249037,-0.102778
4.2592244,-14.450256,11.583654,-0.57390743,-0.31451902,-0.549931
-2.321038,-13.112668,7.520642,-0.15790854,0.7520509,0.69317883
-0.3397808,-3.952943,2.0602202,-0.82191855,-0.3352884,0.3846921
5.3503513,-14.888143,-3.0795627,-1.2916735,-1.4458406,-0.27015495
6.216553,-11.205588,-1.1676974,-1.3112212,0.36476263,0.09025527
1.4333007,0.31345975,-3.845266,-1.3045018,1.8833724,-0.56703526
3.6514473,-11.152946,-3.9553359,-0.6520982,1.3598614,0.22403465
2.0458634,-10.195817,-2.9240294,-0.48594293,0.015347977,-0.7160862
-4.211368,-11.5621195,11.492727,-3.6917613,-0.6993638,-0.54382235
1.2849457,-9.473185,-1.8640088,0.9581414,0.48265955,0.07315106
3.1130621,-7.9537425,-2.0171494,-0.90682876,-0.96753347,0.05177079
3.9290147,-9.195618,0.5766702,-1.3698642,-0.1465312,-0.09911281
0.3493521,-9.77468,2.3976083,-1.1206315,0.7416662,-0.56153744
-0.65324056,-10.260424,-2.5746772,0.32833982,0.67996883,-0.26160285
2.7302105,-11.267802,-0.40677986,-0.7009673,-0.8221476,0.0707076
2.4789643,-11.4903345,5.5465627,0.074830934,1.1252893,-0.10461059
1.8329022,-14.687145,0.79441714,2.7656903,-0.58635384,0.56367546
4.7856455,-11.131411,-2.4670002,3.233002,-0.37927067,0.1348484
7.678568,-9.071191,-3.2159536,1.6490295,4.711066,1.125671
2.1248264,-9.202796,0.50488555,1.8206825,0.4710531,-0.028252495
-1.847259,-10.21496,-0.96909314,1.3686426,-0.56924963,0.47082403
3.8117664,-5.572884,-1.4691931,1.3228277,-1.4995967,0.24724752
3.9481573,-4.668397,0.73459655,0.61544627,-0.8551343,0.0481056
1.6079768,-4.6085763,0.8039884,-0.8042035,0.11369721,-0.170584
0.62452674,-8.310273,4.4434714,-1.2244785,-0.14469859,-0.1876882
0.36370903,-14.569897,11.609976,0.17623448,-0.6089558,-0.14920372
2.7086751,-10.944771,6.1232333,0.41935867,-0.06284271,0.35353798
2.9479575,-4.168297,1.1700903,-0.66431546,-1.7805945,0.004123337
4.517649,-13.713266,-0.5599205,-1.8701625,-1.3536,0.26068655
7.6331043,-15.014962,0.67477596,-1.0632101,1.0819179,0.29550585
1.2897314,-0.39720857,-4.4195433,-1.7907501,1.8711551,-0.32146758
3.2829528,-11.236695,-2.993421,-0.33872452,1.438052,0.099418245
1.026521,-10.585847,-2.8594232,-0.5378664,0.12713623,-0.38866273
-2.361716,-10.322637,8.066205,-2.9819365,-1.3273329,-0.100945406
1.98365,-9.726824,-1.7659031,0.5439751,0.8546762,0.19226968
3.1465619,-8.082955,-2.5004997,-1.2678498,0.16317725,0.020616686
2.940779,-9.071191,-0.078963146,-1.4376702,0.11491894,-0.2554942
1.3998013,-9.836894,1.8400806,-1.2983931,0.22670719,-0.45280352
0.040677983,-11.241481,-0.47138608,0.05650499,1.207756,-0.26526803
1.6534405,-12.0023985,-0.55034924,-0.46822786,-0.31146467,0.063377224
-2.6919255,-16.079767,2.589034,1.5366304,0.6879101,0.20265439
2.1894326,-13.074383,-1.7611175,2.9306238,-1.8636721,0.54290605
5.1852465,-11.152946,-3.6681972,3.028362,1.0348814,0.34193155
6.960721,-8.513663,1.4835501,1.3924663,1.1118503,0.29856017
1.0217353,-10.073783,-3.1633115,1.9666792,2.0635777,0.2509127
-1.3136597,-9.209974,-0.7369894,1.836565,-1.1947751,0.45677415
3.0556345,-4.792824,-1.4668003,1.2134829,-1.9058218,0.15256348
4.132405,-2.0602202,-0.63888365,0.04978548,-0.7128028,0.08659008
1.402194,-5.8839507,2.1870399,-1.2531891,-0.5319869,-0.22800528
2.6416762,-14.112868,11.626725,-0.059559315,-0.5924625,-0.37400195
0.4833502,-12.906885,8.779266,0.2819141,0.4899899,0.42378744
1.1772687,-2.6823542,-0.83748794,-0.422413,-2.5844924,-0.04657844
4.759324,-14.957535,-2.5220351,-1.2641847,-1.9076544,0.75976306
6.5898337,-6.5084777,1.6462619,-1.840841,-0.41470084,0.32971427
-0.09092726,0.62931234,-3.7471602,-1.344208,3.1380887,-0.12232567
2.8019953,-11.923435,-5.534599,0.20066908,1.537623,0.21853687
2.8019953,-10.667203,-3.37388,-0.9764674,0.2511418,-0.42042768
-2.2564318,-10.475778,13.320844,-1.8151847,-0.7690024,-0.053908817
1.0025927,-9.908679,-2.115255,0.3930915,2.04403,0.23686282
2.8594232,-8.126026,-3.0556345,-1.082147,0.68485576,0.07009673
2.7756743,-9.35833,0.016749758,-1.6850705,-0.9528727,-0.27259842
-0.2105684,-10.246066,4.2711883,-1.0583233,-0.027412556,-0.36178467
0.5240282,-9.856036,-0.41635114,-0.033902995,1.3195443,-0.17974696
2.2612174,-10.073783,-1.3734802,-0.62888527,-0.024358233,-0.06918044
2.2037897,-11.69851,1.1222339,-0.7706059,-0.2540434,-0.23777911
-0.6652047,-15.433706,1.9214365,1.7614286,1.3378702,-0.1962403
3.9433718,-16.424335,-1.3854443,3.69787,-1.5441898,0.5233584
6.046663,-13.294522,-4.429115,3.2226171,2.310978,-0.08872811
4.802395,-6.168697,2.9766715,1.9929464,-0.08605558,0.53129965
3.7878382,-11.143375,-6.1567326,2.952004,1.2101995,-0.3349066
-0.25603202,-11.207981,2.565106,2.7473643,-0.5790235,0.5648972
2.4119651,-4.4554358,3.048456,2.2030838,-1.6859105,0.50991935
1.524228,-5.3982077,1.9764715,0.75777775,-1.3340523,0.67546374
3.3523445,-5.359923,3.4719856,0.41141742,-0.45135272,0.57894707
2.1559331,-5.302495,3.211168,-0.19761476,-0.8875102,0.5807797
2.3114667,-5.096712,3.0867412,-1.0760384,-0.021303909,0.6699659
0.18185452,-6.7094746,3.682554,-1.6416991,-0.39148796,0.74143714
-0.6221339,-8.532805,4.0797625,-1.9666792,-0.45379618,0.8648318
0.46899325,-8.879765,5.3479586,-1.5231913,-1.2185988,1.0841323
10.351351,-23.978476,3.0197423,-1.4022402,-1.3474914,0.88926643
5.625526,-5.682954,-17.017756,1.3955206,3.0598981,-0.2102902
2.524428,1.8664017,-4.4339004,-1.1749984,-2.0286055,0.040775225
-3.3020952,-21.104696,7.5613194,-0.9007201,0.17600541,-0.7832814
5.556134,-7.1449685,1.6558332,-0.46761698,-0.6566033,0.2784016
2.0841484,-10.19821,0.43788654,0.027794348,-0.14469859,-0.19196425
2.4717858,-10.296316,2.0985055,-0.37659815,-0.061620984,-0.066126116
1.9549361,-9.497113,0.7393822,-0.09315688,0.44112074,0.19715661
2.861816,-7.759924,2.87378,0.12125666,-0.58696467,0.05299252
1.4859428,-10.652846,1.9142581,-0.43890634,0.042226028,-0.5994111
0.023928227,-9.004191,1.591227,-0.02046397,0.09414954,-0.03008509
2.754139,-8.681161,2.629712,-0.22510368,-0.48556113,0.13607013
3.2757742,-9.705289,1.2586247,-0.1517999,-0.028023422,0.14889829
-0.4019942,-9.676575,0.86141616,-0.14935644,-0.712192,-0.27931792
2.3641088,-10.459028,1.2203395,-1.2611303,-4.6730394,-0.6012437
4.24726,-7.0899334,-3.5940197,-0.3808742,0.058108512,0.2790125
3.2997024,-9.671789,-0.8039884,1.0131192,1.9426264,-0.11682789
1.9334008,-10.552348,-0.20338993,0.25076,0.9524146,-0.2451095
1.3878372,-7.759924,1.7730815,-0.30329436,-0.6181188,-0.23411393
3.182454,-10.533205,1.6654046,0.36560258,0.03611738,-0.13454297
2.036292,-10.224531,1.8903298,0.06933315,-0.9577596,-0.009926553
3.5174494,-8.760123,1.0480564,-0.2819141,-0.99746585,0.20693044
3.249453,-9.410972,1.3447664,0.70951945,-1.1770601,0.14278965
4.0414777,-10.033105,2.239682,0.39675668,-0.94309884,-0.11255184
3.3284163,-10.657632,2.0554347,0.39736754,-0.08422298,0.24785839
3.2159536,-9.238688,0.4977071,0.05589413,0.03611738,0.7072287
2.7469604,-9.827323,1.5481563,-0.33139414,0.38797548,1.071915
1.8233309,-9.142975,1.8496519,-0.13836087,0.4014145,1.5838196
1.861616,-9.236296,0.7848458,0.6050616,0.0019089525,1.3846778
-0.59581286,-9.602397,1.9118652,0.45967576,0.13507748,1.0609194
-1.1174482,-10.762917,2.1559331,0.9770782,0.1295797,1.5025747
-1.847259,-8.989835,2.1296122,0.61178106,0.091706075,1.3932298
-3.2949169,-10.284351,3.034099,0.082161315,0.40569058,1.0474803
-4.4721856,-11.162518,3.3020952,-0.64660037,0.81313735,1.8202243
-2.6608188,-9.102298,1.8017955,-0.054061532,-0.098272875,2.6522222
-2.536392,-7.173682,1.4715859,-0.19822562,-0.13858995,1.7945681
-6.6975107,-10.183853,2.8139594,0.07666353,-0.7066942,1.0083851
-4.4171505,-5.697311,2.036292,-0.09560034,-0.27175847,1.4097232
-10.34178,-9.992428,0.2943172,-0.98685205,0.8839977,2.3541203
-4.35733,-5.0751767,2.5196424,-0.6820305,-0.55458885,0.6192642
-3.7280176,-4.658826,4.1084766,-0.02535089,-1.6804127,-0.019089524
-5.723632,-7.4584284,8.968299,1.655749,-1.1483494,-2.8840454
-10.269995,-8.671589,6.283552,1.8359541,-0.9376011,-1.0844377
-6.2237315,-4.759324,6.1064835,2.039372,-1.6278783,-0.4411971
-3.9194436,-2.8833513,8.523234,1.867719,-2.085416,-1.4301871
-6.1184473,-4.766503,7.3052874,1.6508621,-1.9650756,-1.4527892
-3.5030923,-3.5318062,10.332209,1.9788965,-2.6657376,-1.2444843
-2.8091738,-3.749553,11.399407,2.053422,-1.1055889,-1.1772891
-1.430908,-4.261617,8.748159,2.6416848,-1.0457242,-1.4454588
-1.4500505,-5.0344987,9.645468,1.976453,1.2230277,-0.6110175
1.2873386,-2.5387847,8.118847,2.2592833,0.5791762,-0.12904519
0.08853444,-2.201397,7.0229344,1.556178,0.63293225,0.052381653
0.95473623,-0.7082755,5.7379885,0.34300056,0.6396518,1.0059416
-5.4628143,-4.3812585,12.332608,0.19700389,1.1289545,-0.8034399
-0.16031912,1.7371893,9.932607,0.33139414,-0.2192241,-1.3935353
2.1655045,0.83748794,8.446664,0.25503606,-0.7292962,-0.90484345
-0.023928227,1.0241281,9.461221,0.27214026,-0.060399257,-0.79000086
1.5936198,1.4452649,9.312865,0.5855139,0.019013166,-0.23228133
0.062213387,2.5603201,8.839087,1.1194097,0.66897327,-0.45524698
-0.39481574,3.5557344,7.9513497,0.32956156,0.10942116,-0.011148282
-0.85184485,3.2039895,9.80818,0.09010255,0.006185006,-0.23411393
-0.8997013,3.1393833,9.071191,0.35338527,0.092927806,-0.12476913
-1.9716859,4.139583,-1.4739788,0.5244274,1.108185,0.40423977
-0.485743,2.821138,8.039884,-0.14752385,-0.9388228,-0.43142325
