AccelerationX,AccelerationY,AccelerationZ,GyroscopeX,GyroscopeY,GyroscopeZ
0.05848693848,0.02714538574,-1.359313965,0.5995792747,3.059517145,0.2456065714
0.06669616699,0.002868652344,-1.145202637,3.718776941,0.2204452902,0.4377504289
-0.2890167236,-0.4634399414,-0.4866638184,0.3604031801,-4.227332592,-2.389440775
0.2265014648,-0.367980957,-0.7572021484,-1.8716259,1.425367236,0.006456301548
-0.106842041,-7.63E-05,-0.7654876709,-1.494791865,-1.69307673,1.350693464
-0.71043396,0.06205749512,-0.8216247559,0.2752802968,-5.491213322,2.746825457
-0.6034240723,0.3143463135,-0.4010620117,-0.5458771586,-4.964662075,2.032242298
-0.7989959717,0.7303314209,-0.3341064453,0.994749248,-7.038150311,4.064108849
-0.5804290771,1.210128784,-0.09748840332,2.837841034,-8.464112282,6.680179596
-1.732559204,0.9751739502,0.2135162354,0.6877053976,-2.510782242,6.822508335
-3.106445313,0.2264556885,-0.3659667969,1.719665408,-2.506877422,2.505932331
-2.517807007,-0.1832733154,0.2081451416,1.54369843,-0.7513837218,-0.8029515743
-1.277053833,-0.2805023193,1.073059082,0.060282249,-1.540702581,-2.426620245
-0.4372711182,-0.03369140625,0.9833068848,-0.6783201694,-1.357267499,-2.706134081
-0.880569458,0.441696167,0.1211090088,1.111972809,-0.7976987362,-2.66732955
-0.5855255127,0.5770568848,0.07048034668,1.969985485,-0.9379530549,-1.22792387
-0.3444976807,1.155151367,-0.0225982666,3.036948442,-2.531785727,0.5603413582
-0.9275512695,1.014938354,-0.03811645508,0.2406301796,0.5959882736,0.5769940615
-0.8655090332,0.8679656982,-0.0891418457,-0.9209237695,1.707251072,1.507884979
-0.8980865479,0.6450500488,0.2220001221,-1.324390531,2.131629705,1.987247348
-0.6739044189,0.5076446533,0.2145843506,-0.6560516357,-0.09159623086,2.304946899
-0.8037414551,0.2881317139,-0.05184936523,0.3946485221,-1.108960271,2.499251842
-0.8531646729,0.4652557373,-0.1080169678,0.912997365,0.6661066413,1.990908623
-0.5985107422,0.8548126221,0.060546875,0.557736516,0.7333642244,0.8013379574
-0.5038757324,0.8294067383,0.02987670898,0.8743144274,0.30507496,-0.2887545824
-0.3879852295,0.8152313232,0.3529968262,-0.1677490473,1.882026672,1.392576814
-0.5091400146,0.7967224121,0.1840667725,-1.216307521,2.07449913,3.268445492
-1.119125366,1.363739014,-0.2105712891,-0.5726797581,-0.1355218738,0.8008548617
-0.9268035889,1.146713257,0.154876709,-1.760626674,-0.5851854086,-1.712871194
-0.4127807617,1.044998169,0.02793884277,-1.118081808,-0.2147788852,-3.145048857
-0.1279449463,1.006866455,0.4669952393,-2.349656343,-0.5407817364,-0.5519893765
-0.44140625,0.8211975098,-0.148147583,-1.143151522,0.2268320769,-0.09880381078
-0.1632995605,0.688949585,-0.03407287598,0.07628198713,-0.6080713272,0.004728176165
-0.1731719971,0.4402313232,-0.01313781738,1.24601078,-1.143412232,1.318894029
-0.324508667,0.3788452148,0.2142028809,1.280661464,-1.974023938,2.235871315
-0.5504150391,0.8575897217,1.128860474,-0.5789269805,0.2644127309,0.5579551458
-0.626159668,1.915985107,0.1981811523,1.399123907,2.316490412,0.3450860083
-0.008666992188,1.636825562,-0.5256958008,0.9994433522,0.518953681,0.5169704556
0.08404541016,0.4128570557,-0.1449127197,0.1325431317,-0.3887320459,1.164622426
0.07794189453,1.264633179,-0.3094787598,1.041356683,-0.2997545004,2.219604969
0.03901672363,0.9859466553,-0.1959381104,2.37104845,-0.7331655622,1.027006745
0.0576171875,0.8241577148,-0.03868103027,2.513282299,-1.776699185,0.9979913831
0.01652526855,0.9077453613,0.262512207,1.856582999,-2.555878639,1.451970816
-0.01078796387,0.9345245361,-0.05223083496,1.625497699,-2.45299077,1.911174893
-0.03564453125,1.039779663,0.0763092041,0.2912273109,1.671505094,1.411625624
0.124206543,1.15234375,-1.53E-05,-0.198190853,1.660962701,-0.4091057479
-0.2511138916,1.093109131,0.003173828125,-0.07004486769,-0.2013173997,-0.1709499061
-0.3620605469,1.396972656,0.6240386963,-3.381877661,0.9742221236,-1.346219182
0.2220916748,1.351364136,-0.3750305176,-2.533777475,-1.356918097,-0.8012002707
0.668258667,1.683197021,-0.5595245361,-3.578320503,1.908061981,-0.4579417408
0.4406890869,0.9021759033,-0.2074127197,-2.134802341,1.708752275,0.1622661352
-0.09660339355,0.5155487061,-0.04843139648,-0.6779390574,0.3833990395,-0.4760088921
-0.05032348633,0.610748291,-0.2243041992,-0.5267535448,-0.6115579009,-0.2421042472
0.2130126953,0.190612793,-0.2023620605,0.1538883597,-1.154917836,0.5656881928
0.03861999512,0.6238098145,0.3400115967,0.5160236955,-3.971397877,0.4502316117
-0.1575622559,1.96925354,1.1456604,1.084544897,-0.1649327576,-0.57051301
-0.03884887695,0.7866668701,0.8152008057,1.351727366,0.2845659554,-0.1059032604
0.5137786865,1.744918823,0.9706268311,-1.898522496,2.676851034,0.178777203
0.4568328857,0.4608612061,-0.1990661621,0.6444271803,-1.29500711,0.8196168542
0.3046875,1.125549316,-0.2085113525,0.9126498699,-2.501960039,0.5667366385
0.1024627686,0.8013916016,-0.2166595459,2.014237165,-2.663918972,0.191535607
0.06173706055,0.8603820801,-0.1686096191,3.022438288,-1.518464446,-0.484015137
0.0503692627,1.080871582,0.1741485596,2.045174122,2.778012991,-0.6419965029
0.165725708,0.8707122803,0.1629638672,1.94068563,1.777352452,0.2722445726
0.1278381348,1.04006958,0.3471221924,0.7409089804,0.03437262028,0.3181939423
-0.1253509521,1.235427856,0.09164428711,-0.435993284,-0.9379128814,0.1910469234
-0.2914581299,1.31338501,0.06803894043,-0.5935898423,0.03836390004,-0.6663894653
-0.2214202881,1.328521729,0.3147125244,-4.094436646,0.2929027081,-1.467242479
0.1937408447,1.533416748,-0.3694152832,-2.38352561,-1.887349486,-0.7496385574
0.5684509277,1.600662231,-0.630569458,-2.733186722,2.711332321,-0.9983631372
0.5066833496,0.7305450439,-0.07656860352,-2.361334085,1.053915858,0.02868677117
0.04333496094,0.443649292,-0.01202392578,-0.7969341874,0.2837688625,-0.05510745943
0.0472869873,0.575378418,-0.254776001,-0.3998076022,-0.7304952145,0.1207794175
0.2223205566,0.2209472656,-0.2015991211,0.4744626582,-1.187391162,0.4901593328
-0.4571380615,1.023452759,1.041213989,0.9233112931,-2.100161552,-0.7956888676
0.1742706299,1.60647583,0.9996643066,0.3352794647,-0.677823782,-0.05314843729
0.9834442139,1.5519104,0.23777771,1.378553152,0.6450192332,0.3571325541
0.3374328613,0.5916595459,-0.7141113281,0.9600448012,1.15824759,0.7564354539
0.3009796143,0.7807922363,-0.1555633545,0.0316266343,-0.8843726516,1.181241155
0.0655670166,1.006896973,-0.3159332275,0.9970672727,-2.619338512,0.5431975126
0.01948547363,0.8633575439,-0.2334289551,2.92235136,-2.842875957,0.07322175056
0.05168151855,0.9287719727,0.0671081543,3.496840239,4.542476177,-0.4087406397
0.1274871826,1.120758057,0.1988525391,1.63978231,1.803115606,-0.04055275396
0.2198181152,0.7934417725,0.2223205566,1.732007861,-1.634983063,0.4181011021
0.2555541992,1.0806427,0.4100952148,0.500171721,0.0213146098,0.2612513006
-0.07553100586,1.114532471,-0.06224060059,-0.6779790521,-0.3684400916,0.1527772993
-0.07916259766,1.239761353,0.04081726074,0.04125369713,1.302205086,-0.3402465284
-0.1510772705,1.22454834,0.5169067383,-4.271358013,2.346947432,-1.742275119
0.002655029297,1.486373901,-0.3328857422,-2.331835508,-2.659122467,-1.415945768
0.4559783936,1.662124634,-0.4204559326,-2.71841979,2.75768137,-0.2161072642
0.4622039795,0.9106750488,-0.1159973145,-1.013318419,1.981535912,-0.8834996819
0.1738739014,0.4535217285,-0.04011535645,-0.92626369,-1.516778111,-0.09297148883
0.1582183838,0.522064209,-0.2440948486,-0.5498892069,-1.10258007,0.1524366736
0.2440032959,0.3099975586,-0.1953887939,0.7263612151,-1.129552603,0.2899916172
-0.01344299316,0.9254150391,0.727142334,-0.01073094085,-3.303986549,-0.1892644614
0.2104187012,1.46836853,0.5837402344,1.666304469,0.7739566565,-0.3647750318
0.5897369385,1.505691528,-0.001876831055,1.352699876,-0.2874346972,0.5292547941
0.4200134277,1.011657715,-0.1817474365,-0.2056349218,1.236634612,0.5537332296
0.1820983887,0.6502532959,-0.091796875,-0.156829834,-1.958821774,0.634180963
0.1106567383,1.029571533,-0.308380127,1.273134232,-3.255353451,0.2424174249
0.04083251953,0.7404937744,-0.221786499,2.662060976,-2.01830864,-0.2221339941
0.06799316406,0.9195404053,-0.1390838623,2.872096062,-1.065620184,-0.5667760968
0.1224365234,0.9979095459,-0.05630493164,2.026088238,2.592858791,-0.2647738755
0.2303314209,1.146469116,0.2189788818,2.334621429,4.220734596,-0.01588096283
0.09690856934,1.048477173,0.4626464844,-0.8591826558,-1.52699554,0.3343191147
-0.2689361572,1.176620483,0.002105712891,-0.1953564435,-1.356102109,0.2600030899
-0.2897338867,1.360580444,-0.03160095215,-0.4356247187,-0.2916536927,-0.648825407
-0.0657043457,1.238342285,0.4165039063,-3.995523691,1.569818139,-1.563184977
0.2989959717,1.507659912,-0.4156494141,-1.863341928,-0.07796537131,-0.7656625509
0.4564208984,1.420501709,-0.2773590088,-3.517665625,2.127778053,-0.7943908572
0.3668518066,0.7565612793,-0.2518310547,-1.311859846,-0.4936909378,-0.1752429157
0.02690124512,0.5295562744,-0.003158569336,-0.9489420652,0.06987389177,-0.2544858158
0.2053985596,0.55519104,-0.1745147705,-0.3565802276,-1.131317496,0.212021172
0.2469787598,0.2562866211,-0.115737915,0.3708116114,-1.677801609,0.4633154571
-0.1559906006,1.184555054,0.8596801758,0.08897061646,-1.279707432,-0.2560192645
0.1274871826,1.297851563,0.4977722168,1.823104143,0.6797963381,-0.350584656
0.4677581787,1.363128662,0.01148986816,1.256647706,-0.1345852464,0.3636392057
0.5083007813,1.004745483,0.07719421387,-0.2624851465,0.2654580474,0.4542979896
0.2351531982,0.5642547607,-0.1612243652,-0.2955895662,-1.390038252,0.7438595295
0.09143066406,1.093536377,-0.3456726074,1.012957811,-3.038480043,0.3382917643
-0.006683349609,0.754196167,-0.213470459,2.525116205,-2.576062202,-0.2176931798
0.05549621582,0.8742980957,-0.1569366455,3.142775536,-1.281488299,-0.7840969563
0.1321411133,1.019119263,-0.08822631836,2.489484787,2.29429245,-0.6021077037
0.2264709473,1.071853638,0.3511810303,2.273032188,5.577000141,-0.04644925892
0.01388549805,1.148742676,0.4359893799,-0.7385563254,-2.563740969,0.5817446113
-0.2698974609,1.151611328,-0.007675170898,-0.2228085846,-0.8008103967,-0.0493260026
-0.2849273682,1.357421875,0.1192321777,-2.244493723,2.56364274,-0.776878953
-0.2256622314,1.236633301,0.03189086914,-3.583245516,0.7354888916,-2.049958706
0.3412322998,1.701126099,-0.3628845215,-0.9962518215,-1.248214841,-0.4548079967
0.4979858398,1.457839966,1.300918579,-4.086813927,4.040257454,-0.8667873144
0.1679077148,0.6317749023,-0.0498046875,-0.6256127357,-0.3849820495,-0.6155323982
0.1940460205,0.5778961182,-0.178894043,-0.7849904299,-1.687851548,-0.08217263222
0.328994751,0.3996124268,-0.2283935547,-0.225014478,-0.635831058,0.392264992
0.2299041748,0.2565155029,-0.03266906738,0.3506584167,-3.110902071,0.6618202925
-0.3494110107,1.77406311,1.666275024,0.4887033701,-0.06779955328,-0.4311918616
0.4061737061,1.590911865,1.145446777,-0.3771845698,1.668840647,0.1043280065
0.4231414795,0.8643951416,-0.4063110352,0.4914259315,1.038755298,-0.1313526928
0.206817627,0.3497009277,-0.05743408203,-0.2834266424,-1.195297241,0.9727376699
0.1091308594,1.341339111,-0.2950592041,0.8390552402,-3.44583106,0.3500389755
0.07376098633,0.8173980713,-0.1778717041,2.534887075,-3.739966631,0.03753965348
0.1888885498,0.7740020752,0.08329772949,3.16113162,2.757924795,-0.6066672802
0.07612609863,1.0284729,0.05709838867,1.688408375,1.392100334,-0.418943733
0.06910705566,0.8101654053,0.006225585938,1.77122736,-0.3417962193,0.0966700837
0.4126434326,1.15802002,0.496963501,1.125820756,2.013364077,-0.1394819915
-0.08532714844,1.162826538,0.04289245605,-1.081135511,0.4985868931,0.3559338748
-0.5191650391,1.422180176,0.1807250977,-0.7015999556,0.7676228881,-0.5737836361
-0.2781066895,1.171813965,0.7440948486,-4.317819118,0.4419190884,-2.103590727
0.1879272461,1.534118652,-0.3825531006,-2.394414902,-2.16921401,-0.8068243265
0.4497070313,1.62437439,-0.6203460693,-0.2818356752,1.337125778,-1.296256065
0.4444885254,0.8328704834,-0.01760864258,-2.388344526,2.723708391,-0.8780958652
-0.07383728027,0.4547576904,0.0007171630859,-0.5076184869,-2.549957514,-0.7163496017
0.2572174072,0.509262085,-0.2190551758,-0.10220626,-1.478539109,0.2234256268
0.3396453857,0.2001495361,-0.2243499756,0.4546220899,-1.579702735,1.024604559
-0.2680511475,1.669326782,1.914794922,-0.3302508891,-2.305554628,-0.2398195118
-0.1240081787,1.514068604,0.5644683838,-0.2571609616,2.255864859,-0.5510737896
0.6053771973,1.51473999,-0.3598327637,0.8336991072,-0.1243017092,-0.1167154312
0.2072906494,0.1411895752,-0.02456665039,0.7180755734,-0.4071533978,0.09249851108
0.4560241699,1.237228394,-0.1983032227,0.1839266866,-1.627341032,0.6729999781
0.1101226807,0.6402587891,-0.1650238037,0.8100353479,-2.17792058,0.4706093371
0.04737854004,0.8282012939,-0.1621704102,2.17074275,-2.777605772,0.1397568285
-0.01358032227,1.076477051,-0.1667175293,3.35042882,-2.55843997,-0.4789626002
0.2155456543,1.12449646,0.4602661133,2.137674093,5.465907097,-1.083587766
0.4499359131,1.096984863,0.6678009033,0.3456127942,2.332389832,0.07318259776
-0.1219329834,1.191223145,0.1045532227,-0.6100934744,-1.734789014,0.4341059029
-0.3896636963,1.302734375,0.107421875,-1.044357061,-0.164618507,-0.451202333
-0.2250671387,1.290313721,0.2949829102,-4.149980068,0.5191369057,-2.11067152
0.2867584229,1.576065063,-0.3692779541,-1.985178351,-0.8596470952,-0.529792726
0.4038848877,1.440765381,-0.3089294434,-3.843656778,4.014468193,-1.055370808
0.3260192871,0.6477813721,-0.2150268555,-0.8107247949,-0.4420365393,-0.255772382
0.08773803711,0.4877471924,0.001861572266,-0.9282967448,-1.000762105,-0.08607789129
0.187286377,0.6029815674,-0.2910614014,-0.2539028525,-0.9030973315,0.4170012176
0.1423492432,0.2250213623,-0.3475036621,1.264663577,-1.942148328,0.2640036941
-0.1128234863,1.738418579,2.302978516,-0.1901915073,-1.167519689,-0.3077484965
0.01440429688,1.192123413,0.7448883057,0.1740956306,0.7970113754,-0.3730897009
0.633605957,1.69303894,-0.4592437744,1.00325942,-0.6798027754,0.3766817749
0.4627990723,0.4026184082,-0.1674957275,0.4930762947,-0.3534752429,0.5847196579
0.3123016357,1.009338379,-0.2276763916,0.553442955,-1.06806767,0.5010883808
0.07606506348,0.7986602783,-0.2598724365,1.379348874,-0.97822088,0.276787132
0.003540039063,0.7671356201,-0.137512207,2.357104778,-0.8820365667,-0.05139527842
-0.04434204102,1.078170776,-0.1079711914,3.120813847,-0.5820945501,-0.1279936582
-0.07876586914,1.153259277,0.3181915283,1.864339232,4.819603443,-0.5677928925
0.0133972168,1.04208374,0.6717987061,-0.4396631122,-0.644274056,0.09200955182
-0.2213592529,1.262161255,0.05741882324,-0.1135782301,-1.634709239,-0.003825897118
-0.1248626709,1.34336853,0.1597290039,-1.304510355,0.8889804482,-0.5906052589
-0.122543335,1.147613525,0.285446167,-4.012383461,1.02288878,-2.032302141
0.2294158936,1.569488525,-0.2967071533,-1.992712617,-2.315347433,-0.6229786277
0.4479064941,1.571838379,0.5364685059,-3.864154339,4.40474987,-0.9467175603
0.1859283447,0.5657501221,0.03588867188,-0.9770315289,-0.5648761988,-0.6749110818
0.119430542,0.4443969727,-0.1185760498,-0.8314732313,-1.382496715,0.003120159497
0.1746520996,0.5631103516,-0.2228088379,0.05939621478,-1.031558871,0.3477430642
0.2279663086,0.3562164307,-0.2955627441,1.882516146,-2.323033571,0.3851372898
-0.1275939941,1.789352417,2.198394775,0.2730240822,-1.178143263,-0.1696287096
0.06575012207,1.007720947,1.025588989,0.326592505,1.194703937,-0.2879185975
0.7984771729,1.927932739,-0.3769836426,-0.1602482647,0.4838806391,-0.01442048419
0.2469940186,0.2843933105,-0.09289550781,0.623460114,-0.2351733744,0.6098074317
0.3895263672,1.254058838,-0.1957855225,0.6800243258,-1.652584076,0.9161628485
0.06690979004,0.7262878418,-0.2056427002,1.474548817,-2.065164804,0.3300721943
0.03904724121,0.874206543,-0.1824035645,2.567833662,-1.260115981,-0.3333896697
-0.008834838867,1.061660767,-0.06211853027,3.025356531,4.135510445,-0.4784685671
0.06634521484,1.084823608,0.2901763916,1.602972865,4.019771099,-0.1128509194
0.03588867188,1.015808105,0.5856170654,-0.2560525537,-2.100434542,0.3947803378
-0.2554168701,1.304855347,-0.03514099121,-0.02829715237,-0.8512051105,-0.05904388055
-0.3545532227,1.595840454,0.04823303223,-1.462848544,0.1923926175,-0.8903490901
0.2894592285,1.184402466,0.3946533203,-3.680903435,1.419353485,-1.611704588
0.4779663086,1.271865845,-0.3895568848,-1.941964746,0.9290578365,-0.5352298617
0.6604309082,1.449707031,0.9159393311,-3.414569855,1.637550592,-0.4221485853
0.09741210938,0.559173584,0.02947998047,-1.852521777,0.9601028562,0.07223451883
-0.00569152832,0.6492156982,-0.1854248047,-1.147279978,-0.01860670745,0.09056825191
0.2099151611,0.3511352539,-0.09927368164,0.2971259654,-1.496382475,0.3267962337
0.008651733398,0.6553955078,0.06657409668,1.468823075,-2.184636831,-0.1559712291
0.03793334961,1.509872437,0.8634643555,2.350755215,0.2217395902,-0.1168658957
0.2545776367,1.162063599,0.3894500732,0.7448342443,-1.285598874,0.3066139817
0.6347351074,1.260375977,1.771484375,-0.3022339046,0.223094061,0.215532288
0.1928405762,0.4041900635,-0.1883392334,0.5310047269,-1.761493564,0.6212755442
0.134185791,1.067016602,-0.3869171143,1.399570227,-1.959481955,0.3846054673
0.005599975586,0.7016296387,-0.2202301025,2.075687408,-0.6389157772,-0.3791755438
0.04196166992,0.924041748,-0.156036377,2.586441278,0.04780480638,-0.4524372518
0.03973388672,1.101913452,-0.06832885742,2.804026127,0.08923959732,-0.2977336943
0.1954040527,1.21812439,0.8236236572,1.209602952,4.958289146,-0.4936424792
0.05020141602,1.124511719,0.04931640625,-0.933167398,-2.89566803,0.5556933284
-0.2795257568,1.335968018,0.1391906738,-0.1143817008,-0.3714787364,-0.05559455231
-0.1885986328,1.342437744,0.4170074463,-3.717640877,2.958061934,-1.330988526
0.1231689453,1.159439087,-0.2596740723,-2.824952841,-1.928009868,-1.103453636
0.4341430664,1.67565918,-0.4438171387,-3.627511024,3.331878185,-0.488316685
0.375869751,0.7705688477,0.03341674805,-1.217787385,0.04518745095,-0.7355368733
0.06370544434,0.4571380615,-0.09605407715,-1.562778831,0.1323202252,-0.1569352895
0.1451721191,0.4836273193,-0.1594390869,-0.6229695678,-1.059876084,0.3054432571
0.08869934082,0.07769775391,-0.4932556152,1.807221413,-2.422930717,0.543797791
-0.2626342773,1.844268799,2.745422363,-0.2298446447,-0.1190006882,-0.2998716831
0.03758239746,1.256698608,0.6815338135,0.5993334651,0.666876018,-0.3601773679
0.5287017822,1.76071167,-0.5677337646,1.461336374,-1.114002705,0.2746201158
0.3640289307,0.3475494385,-0.06098937988,0.4675003588,0.05827928707,0.3796533048
0.3558807373,1.064956665,-0.1927032471,0.7800667882,-1.154541016,0.4435750544
0.1205444336,0.8046264648,-0.1850738525,1.545367599,-2.387391567,0.4105081558
-0.02777099609,0.8172912598,-0.1786651611,2.692493916,-2.206383467,-0.1435209513
-0.002731323242,0.9399871826,0.07783508301,2.669497013,2.461205959,-0.544273138
0.1079559326,0.9346160889,0.01072692871,1.699194789,1.928581595,-0.1327575147
0.2814788818,1.277786255,0.3937072754,1.629076958,2.392491341,-0.1990182996
-0.1403656006,1.33821106,0.3137512207,-0.6304269433,0.368383348,0.224650681
-0.1731109619,1.235458374,0.2708892822,-2.39467907,0.5947009325,-0.480045706
-0.21925354,1.245101929,0.08222961426,-3.913332462,-0.4611396492,-2.053690195
0.3019866943,1.64225769,-0.4344024658,-1.633318305,-1.937871575,-0.03049239516
0.4500732422,1.675018311,0.9422912598,-4.285830498,6.141741753,-1.125427604
0.295135498,0.5521850586,0.04725646973,-1.189233541,-0.3728928864,-0.4638885558
0.1906280518,0.3684234619,-0.1860961914,-1.55324471,-0.1969881654,0.496591121
0.2184448242,0.2572631836,-0.1674194336,-0.5252144933,-1.548891068,0.727765739
-0.3497772217,0.6261749268,0.2444152832,2.23937726,-2.622441053,-0.7286712527
-0.1063995361,1.861877441,1.718215942,0.9194563627,-1.459215164,-0.3980110288
0.6279449463,1.12121582,0.8902587891,0.2382703573,-0.7077097297,0.3943166733
0.5106658936,1.233810425,0.9553070068,-0.2687041759,2.024931908,0.2805767953
0.1836547852,0.3913879395,-0.2448883057,0.3495225906,-0.5036250353,0.8231980205
0.1425323486,1.225128174,-0.3084411621,1.492258668,-2.430097103,0.5676051378
-0.07688903809,0.739151001,-0.2307281494,3.106864214,-2.571472883,0.02257828042
-0.01905822754,0.8261108398,0.07495117188,3.300157785,4.019888878,-0.6262934804
0.105682373,1.133636475,0.1550750732,1.633687377,2.930863857,-0.02272688411
0.220993042,0.8787078857,0.3579406738,1.918997169,-1.1719594,0.4991392493
0.1625518799,1.201080322,0.3731536865,-0.4191013873,-0.6243890524,0.406678021
-0.3885345459,1.312789917,-0.1101074219,-0.1675879359,0.7642409205,-0.05969661847
-0.3039093018,1.408325195,0.2620544434,-1.479437947,3.750715256,-1.091165781
0.001617431641,1.1065979,0.1369934082,-3.543480396,-0.2011389732,-2.295943975
0.1906890869,1.711593628,-0.337387085,-1.703032136,-2.999166012,-0.7849251628
0.5269470215,1.613311768,0.8801116943,-4.202658653,3.856106043,-0.7016894221
0.2546691895,0.4792175293,0.0803527832,-1.505898833,-0.9014395475,-0.7938313484
0.1770172119,0.5417633057,-0.2091827393,-1.126425266,-1.397208571,-0.03811090067
0.2725524902,0.07345581055,-0.333114624,0.07968364656,-1.079819679,0.007142864168
0.07197570801,0.123550415,-0.1685028076,2.741272688,-4.203724861,0.5790343285
0.04287719727,2.760772705,2.736404419,1.175396204,-0.595903039,-0.4713174701
1.079025269,2.111557007,0.9210357666,1.020780802,0.5006934404,0.2676229179
0.3481140137,0.4923553467,-0.2096252441,0.493506372,-0.5710421801,0.7492390871
0.1797180176,0.4279174805,-0.2760314941,0.2227579802,-0.8989127278,1.103913069
0.1318511963,1.086883545,-0.3685913086,1.224102259,-0.5796162486,0.5664732456
-0.07800292969,0.7001190186,-0.2009124756,2.645972252,-1.418417692,0.1665205359
-0.1486816406,1.052444458,-0.1456451416,3.839639187,-1.750566602,-0.6860585213
0.06092834473,1.033294678,0.4465026855,2.505053997,6.158941746,-1.345536828
0.6189575195,1.053726196,0.5419464111,1.303350806,1.490364552,0.3597970605
0.09671020508,1.125961304,0.004455566406,0.2136773914,-1.991164327,0.6512967944
-0.328918457,1.305877686,0.09426879883,-0.5148407221,0.5448979139,0.07808575034
-0.4228210449,1.368484497,0.3634338379,-3.249726534,1.330174088,-1.446924925
0.002731323242,1.365371704,-0.253326416,-3.398451805,-1.085259199,-2.070443153
0.5551757813,1.851699829,-0.5795440674,-1.32042408,0.4850748181,-0.2251391113
0.5974273682,1.005859375,0.01383972168,-3.076651096,1.965241075,-0.6120135784
0.03213500977,0.3365783691,-0.02467346191,-1.572732449,-0.3161904514,-0.2909053266
0.1272125244,0.5254211426,-0.3153076172,-1.236259818,-1.742957711,-0.05660548806
0.224319458,0.3543395996,-0.2774505615,0.03154274449,-1.521389127,0.003942277282
0.1144714355,0.7374725342,0.3012390137,2.072613001,-3.102700949,-0.3584492207
0.3645019531,1.602218628,1.206161499,2.114961624,-0.9277861714,-0.1622397751
0.5481109619,1.222717285,1.17868042,0.723251164,-0.1116895154,0.1132059172
0.2808227539,1.280227661,0.007659912109,0.1708404571,0.4831410944,0.2192135751
0.08003234863,0.2848052979,-0.05114746094,-0.4708753824,-1.259813666,0.7944505215
0.2194824219,1.227233887,-0.5355987549,1.008624792,-0.4685238004,0.07323080301
0.1071777344,0.5833740234,-0.2489471436,2.505854368,0.888564229,-0.3180256486
0.1188354492,0.8574829102,-0.1146087646,2.741749525,-0.1083853319,0.005764412228
0.04681396484,1.16897583,-0.136138916,3.001776218,-1.826762319,-0.03779824451
0.2109680176,1.325271606,0.3208618164,3.752518654,8.255950928,-0.6329843998
0.210144043,1.055435181,0.5316162109,-1.230719209,0.06431001425,0.2069742233
-0.4636077881,1.229705811,-0.1071472168,0.5641038418,-1.033916593,-0.04092186689
-0.4711761475,1.350021362,0.3380432129,-2.574056864,1.760733724,-1.086766839
-0.1081390381,1.394226074,-0.06826782227,-3.854326248,-1.345811367,-2.28524375
0.5675048828,1.912017822,-0.5608062744,-1.270888686,-0.3516999781,-0.1203913912
1.11138916,1.355499268,1.34161377,-5.41147995,4.005666733,-0.5088360906
0.1338043213,0.4179382324,-0.2884216309,-1.101699352,-0.5061425567,0.2212429047
0.004425048828,0.3821258545,0.01054382324,-1.101693034,-0.9925244451,0.1179034635
0.06649780273,0.4817352295,-0.2581787109,0.004024302587,-1.713722587,0.2714887559
0.04493713379,0.4332427979,-0.2769165039,1.341505289,-2.396276951,-0.3678054512
0.2268829346,1.773849487,2.502426147,0.691121161,-0.5605546832,-0.2268991917
0.4512939453,1.150878906,0.8939666748,0.1080598906,1.089374542,0.1824505031
0.5152740479,1.641494751,0.07861328125,0.4056319296,1.796566367,0.02957573533
0.1129150391,0.1785736084,-0.03816223145,0.0310279578,-0.1514595598,0.7111085057
0.2601928711,1.242935181,-0.3661956787,0.606537044,-2.280403852,0.6853570342
0.05863952637,0.7599029541,-0.2607116699,2.128875256,-1.676326513,-0.02468350902
0.05090332031,0.872543335,-0.1801452637,2.949876785,-0.9583507776,-0.5281407833
0.003219604492,1.081619263,-0.1015625,2.827461004,1.735697865,-0.6596921682
-0.02224731445,1.197372437,0.1697845459,2.326365471,5.142649651,-0.4579795599
0.2529602051,1.001922607,0.903717041,-0.1262972206,-1.035251617,0.1903686076
-0.1858215332,1.129669189,-0.0068359375,-0.4647391737,-1.073519945,0.3853607476
-0.42527771,1.383132935,-0.03193664551,-0.3591839969,0.07018281519,-0.6317121983
-0.05218505859,1.268768311,0.7825927734,-4.289080143,1.969816089,-1.649596572
0.265335083,1.46786499,-0.2787017822,-2.690459251,-0.8341486454,-0.9418141246
0.4818115234,1.422286987,-0.4627227783,-1.462503433,1.326037169,-0.8642098904
0.4535217285,0.8615570068,-0.1202087402,-2.604824543,0.3646682501,-0.01819977723
0.07476806641,0.4537506104,0.01675415039,-0.9648174644,0.1812174618,0.07471604645
0.01918029785,0.5314788818,-0.2166290283,-0.04009415582,-1.537728906,0.3227170706
0.07083129883,0.2320251465,-0.2692260742,1.442041516,-2.176897049,0.06320799887
-0.1819915771,1.660110474,2.055130005,-1.536719799,-0.167934671,-0.6079605222
0.4466400146,1.073577881,0.5063018799,0.8577674031,0.9214910269,-0.04097619653
0.5608673096,1.293487549,-0.633026123,1.686743975,1.059620142,0.6177241802
0.451965332,1.029800415,-0.4877166748,0.1684244275,0.6652619243,0.7819589376
0.08671569824,0.500289917,-0.1225280762,0.2085526735,-2.110425472,0.6058552861
0.07807922363,1.078201294,-0.3909759521,1.986394286,-2.860664606,0.3243122995
0.003677368164,0.7980957031,-0.1898345947,2.69344449,-1.38856101,-0.58233428
0.07150268555,0.9372406006,-0.1105957031,2.571702003,0.7671336532,-0.631225884
-0.01573181152,1.111343384,0.1711883545,1.827779651,4.921262741,-0.4342036545
0.08700561523,0.9069061279,0.2947387695,2.090814829,0.02464489266,0.3713421226
0.1155548096,1.195724487,0.480682373,-0.4160568714,-0.9646112919,0.5002998114
-0.3041992188,1.174804688,-0.03997802734,-0.6026845574,-0.2073140442,-0.04331711307
-0.3821258545,1.529724121,0.07202148438,-1.059499502,0.5543609262,-1.027003646
0.01440429688,1.308914185,0.1293792725,-3.933733225,0.0813164264,-1.91263485
0.5664520264,1.595428467,-0.5181274414,-1.455601573,0.8010476828,-0.3952850103
0.8555450439,1.256454468,1.292053223,-4.643810749,2.582054853,-0.1332398057
0.1343688965,0.535369873,-0.287979126,-1.157368779,-0.2551137805,0.0607336536
-0.01429748535,0.6212463379,-0.09426879883,-1.352900505,-0.519536674,0.04621942714
0.08609008789,0.5202331543,-0.2053985596,0.1797173023,-1.537063122,0.3254872859
0.06950378418,0.3147888184,-0.1377105713,2.09361124,-2.633826017,-0.3039433658
0.0357208252,1.919494629,2.174453735,0.1347554177,-2.068798304,-0.4270123243
0.5296783447,0.8199615479,0.5522155762,-0.1940477639,1.910948277,0.01940325834
0.593170166,1.666763306,-0.4360046387,-0.01292645093,1.663808227,0.33430475
0.2168273926,0.7216644287,-0.2623596191,0.1426735222,-0.2704384029,0.7188055515
0.1373443604,0.8237457275,-0.218460083,0.5282731652,-3.103883505,0.6598652601
-0.008865356445,0.93359375,-0.3721923828,1.841682673,-1.996107936,0.07972625643
0.02737426758,0.7465820313,-0.2075958252,2.40802145,0.3698411584,-0.5472524166
0.06571960449,0.9964599609,-0.1406860352,2.509747028,0.9133539796,-0.5741959214
0.08428955078,1.048171997,-0.101852417,3.258147478,3.824735165,-0.4121092558
0.05473327637,1.284515381,0.7271881104,1.416181207,4.235084534,-0.2248024791
0.08822631836,1.038223267,0.1432495117,-1.060997009,-2.651702642,0.7297916412
-0.3041534424,1.218200684,-0.08111572266,0.1118887141,-1.091088891,-0.1292543858
0.06141662598,1.376251221,0.4254760742,-3.100723743,4.416588783,-0.6879917383
-0.09555053711,1.258728027,-0.09613037109,-3.428753614,-0.4142573774,-1.689772248
0.2632446289,1.587814331,-0.3636016846,-1.033839345,-2.093380928,-0.2458577007
0.3886260986,1.343002319,0.5545196533,-3.501620531,5.289375782,-0.7112887502
0.2256469727,0.6215209961,0.1103515625,-0.9544857144,-0.401230514,-0.3796623647
0.1439361572,0.5441894531,-0.1122741699,-0.9338299632,-1.444414973,-0.03537822887
0.2767944336,0.4219818115,-0.2294616699,0.1116386503,-1.033215165,0.4624888003
0.1257171631,0.5057067871,-0.001770019531,1.376507282,-3.332529306,0.03627518192
0.02879333496,1.716583252,1.887680054,1.258169413,-0.08113320172,-0.5988634229
0.05615234375,0.9737091064,0.9503326416,-0.1806669831,0.6819817424,-0.312261492
0.6265411377,1.713241577,-0.3359680176,-1.965587854,1.932619214,0.1468405724
0.4578552246,0.5351104736,-0.303894043,0.32576105,-0.7638268471,0.7954564095
0.1860046387,0.8556213379,-0.2220458984,0.1849022061,-1.624932528,0.5187147856
0.03576660156,0.9853057861,-0.3325042725,1.62301743,-2.251396179,0.3384054899
-0.02003479004,0.8167724609,-0.1812744141,2.579872608,-1.826104999,-0.22534284
0.009323120117,1.007965088,-0.103729248,2.550439358,-1.037035465,-0.5114361048
0.05723571777,0.9856109619,0.1816253662,1.919048071,3.618335962,-0.7658436298
0.3097991943,1.069763184,0.2388458252,2.623921156,3.032340765,0.1467404366
0.09465026855,1.111343384,0.3707122803,-1.154036641,-1.019012451,0.7133995891
-0.4088592529,1.232345581,-0.02307128906,-0.3527617753,-0.2883785367,-0.09158504754
-0.116973877,1.20652771,0.503036499,-3.10340929,2.132624388,-1.191260695
0.001113891602,1.404983521,-0.2046966553,-3.370176315,-1.617360353,-1.616183281
0.4200897217,1.874145508,-0.5838317871,-0.6298328042,0.03715109825,-0.4987051487
0.7389068604,1.160949707,0.9053039551,-4.331668854,5.059069633,-0.8227010369
0.1258087158,0.5309448242,-0.1549530029,-0.6953702569,-1.560704589,-0.4102900624
0.1576690674,0.5545959473,-0.0944519043,-0.9134179354,-0.9619295001,0.00408076169
0.24609375,0.3933258057,-0.2978363037,0.1603249609,-1.14988935,0.4669006169
0.1250915527,0.3316955566,-0.08441162109,0.9028044343,-2.029947996,0.1687850207
-0.1801605225,1.806152344,2.098953247,0.229455024,-0.1729595214,-0.4069621563
0.2438964844,1.124862671,0.8410797119,-0.2916225195,1.665458679,-0.08334761858
0.4708557129,1.628250122,0.3520202637,-0.8932623267,1.880726218,0.0374272652
0.2922058105,0.415435791,-0.1275482178,-0.107227385,0.04845834523,0.7278219461
0.2977752686,1.163116455,-0.242767334,0.4384463131,-1.559554577,0.5677134991
0.1011810303,0.8081054688,-0.2594604492,1.879325867,-2.471704006,0.325432688
0.09678649902,0.904800415,-0.1949462891,2.760110855,-1.679931641,-0.08719695359
0.01774597168,0.9633026123,-0.09886169434,2.629552603,-1.304212809,-0.2919985652
-0.02980041504,1.021240234,0.2380065918,1.647791266,3.850625992,-0.7733343244
0.2700195313,1.112030029,0.2036132813,2.311965466,2.345554113,0.1469516307
0.1364593506,1.100448608,0.4879150391,-0.8874781728,-0.8909791708,0.6015201807
-0.3522644043,1.170120239,-0.0729675293,-0.3431171477,-0.9240178466,0.006333529484
-0.2769165039,1.363739014,0.03164672852,-0.4575363994,0.1431110799,-0.755281508
-0.09020996094,1.303451538,0.3582000732,-3.972774267,0.7473285198,-1.769147515
0.3845062256,1.537460327,-0.395690918,-1.858440876,-0.5503941774,-0.6716673374
0.508102417,1.394134521,-0.362411499,-3.152527094,2.726088285,-0.8440449834
0.4438934326,0.8248596191,-0.1502227783,-1.34219265,-0.3921739161,-0.186837256
0.1522064209,0.5778503418,0.002044677734,-1.103987813,0.05975680798,-0.03354464471
0.1024017334,0.5484771729,-0.1885986328,-0.3983138204,-0.6152250767,0.08342085779
0.1477813721,0.2336120605,-0.1148376465,0.7290387154,-1.766855001,0.4808345437
-0.1992492676,1.012542725,0.7750396729,0.2237236351,-1.688641667,-0.6860702634
0.2158508301,1.588058472,0.7892913818,0.7251595855,0.1582293212,-0.2769274712
0.5945281982,1.026123047,-0.1998443604,1.685238957,-0.1029588729,0.8199121952
0.5333099365,1.477142334,0.5237731934,-0.1951053143,0.9188163877,0.6402942538
0.190536499,0.4776153564,-0.1529541016,-0.03652605414,-1.126091003,0.7293170691
0.08432006836,1.127578735,-0.3187255859,1.113334179,-3.380114317,0.4382021129
-0.02931213379,0.8651580811,-0.264755249,2.51385808,-2.581050873,-0.2126307786
0.08561706543,0.8671722412,-0.1503143311,2.600272894,-0.9427039027,-0.6526041627
0.2593994141,0.9849395752,0.2744445801,1.671938419,4.540357113,-0.7915551066
0.1271362305,0.9537811279,0.08512878418,1.895177007,2.052697182,0.3312591612
0.1374206543,0.9956207275,0.4142303467,1.573685288,-0.8104103208,0.3475169539
-0.1094360352,1.190139771,0.2071380615,-1.146842122,-1.03560245,0.3120596409
-0.2044372559,1.155532837,-0.1378173828,0.01239461824,-0.9010115862,-0.164210245
-0.1066589355,1.357315063,0.3185272217,-2.531213522,1.499805808,-0.8473576903
0.08288574219,1.273498535,-0.1805114746,-3.312723637,0.5025541782,-1.749142408
0.509475708,1.654632568,-0.5288848877,-0.8962621093,2.115136147,-1.056283951
0.6882781982,1.253829956,1.010955811,-4.32740736,1.920776725,-0.05152630806
0.1159057617,0.5713653564,-0.2509613037,-0.8072872162,-0.323587656,-0.04517386854
0.03692626953,0.6562042236,-0.1101989746,-1.078828216,-0.09193258733,0.06956017017
0.1559906006,0.4458312988,-0.2157440186,0.0512400195,-0.9914304018,0.4861555398
-0.08671569824,0.3724975586,-0.08741760254,1.682074666,-3.277853966,-0.1829644889
-0.3934020996,1.839416504,2.078109741,-0.3117885292,-0.1676356047,-0.4286445677
0.3226623535,0.8590545654,0.9804229736,0.3798309565,-0.5751013756,-0.1974049509
0.5697021484,1.644332886,-0.5421142578,-0.4231944084,2.279146671,-0.1168517843
0.3005218506,0.4154663086,-0.1912841797,0.638777554,-0.4857778847,0.4983115196
0.2600708008,0.9666137695,-0.1336517334,0.211409986,-2.461798906,0.5677603483
0.1079559326,0.8601379395,-0.2287750244,0.9362651706,-2.653063774,0.2858178914
0.0835723877,0.8461608887,-0.2390594482,2.200472355,-0.9744399786,-0.245537594
0.07820129395,0.9149780273,-0.149307251,2.881657124,-0.1521924585,-0.3359106183
0.04898071289,1.029373169,0.02696228027,2.793878078,4.202905178,-0.1084593683
0.1214141846,1.106155396,0.3258666992,1.671485901,2.434103966,0.1204776764
0.1527862549,1.108566284,0.4688110352,-0.5829755664,-1.615813375,0.4572783411
-0.3373413086,1.145858765,-0.08901977539,-0.191796869,-0.4271550477,-0.06963527203
-0.4202728271,1.5990448,0.04042053223,-0.7840766907,0.5601828694,-0.9897720814
0.1197357178,1.178955078,0.4332885742,-3.682215691,1.236832976,-1.614962459
0.4762420654,1.497512817,-0.4240570068,-1.878079295,0.8134137988,-0.7875635624
0.7361907959,1.363311768,0.9402618408,-4.378238201,2.837693453,-0.4037035406
0.2304077148,0.6243133545,-0.2934112549,-0.4407177269,0.2554384172,0.0238475427
0.0255279541,0.732925415,0.05035400391,-1.138608932,0.2576946616,-0.06024975702
0.01374816895,0.5978393555,-0.09838867188,-0.3316825926,-1.354122281,0.1243794784
0.2360687256,0.3382110596,-0.07621765137,0.8784316778,-1.226787806,0.5908536911
-0.1007232666,0.9785461426,0.7404785156,0.1266255826,-1.483211398,-0.1990779489
0.1817474365,1.615280151,0.8810119629,0.7852916121,0.271038413,-0.2986072004
-0.0498046875,0.4998779297,0.00927734375,1.636772156,-1.106679559,0.4568674266
0.2962188721,2.080337524,1.824890137,-2.439953327,3.968506336,0.08507947624
0.3685150146,0.5540008545,-0.1226043701,0.546207428,-1.252661467,0.7133393884
0.2802581787,1.012435913,-0.2073059082,0.5911796689,-1.117762804,0.444290638
0.1179351807,0.7569885254,-0.1856689453,1.085028052,-0.8022184372,0.02776798233
0.125869751,0.8390808105,-0.1956787109,1.982363343,-0.4279928803,-0.2508407533
0.1656494141,1.027023315,-0.1153717041,2.392497301,-0.982727766,-0.06349828094
0.1152648926,1.019256592,0.04373168945,2.41183567,-2.291581631,0.1405890733
-0.1379241943,1.163314819,0.4985351563,2.188035011,5.205924034,-0.8356336355
0.1148986816,0.9710998535,0.4448394775,-1.347778916,-0.956073761,0.4518305659
-0.1921691895,1.304855347,-0.04264831543,-0.004480235744,-2.205363989,-0.03919400647
0.0125579834,1.400970459,0.2942657471,-2.561862469,3.335994959,-0.5354226828
0.09774780273,1.290435791,-0.1812896729,-3.711489201,0.8707780242,-1.177025795
0.4255371094,1.625045776,-0.4631347656,-1.380692959,0.9212249517,-0.3337641358
0.5955200195,1.153076172,1.349029541,-4.457239151,3.495276213,-0.3610761762
0.2425994873,0.5455627441,-0.2723083496,-0.8194687963,-0.03635321558,0.09974603355
0.08088684082,0.606918335,-0.1184844971,-1.161164045,-0.2728608251,0.1897928417
0.1437835693,0.4822387695,-0.1211242676,-0.1178688481,-0.787648797,0.4048026204
0.08180236816,0.5232849121,0.08215332031,1.534398913,-2.263761997,0.04213760048
-0.3114624023,1.525482178,1.729370117,0.1975160092,-0.5304899812,-0.6504123807
0.5285491943,0.9834136963,0.6985626221,0.5733503699,1.106821179,0.01806262322
0.7005004883,1.694671631,-0.2061462402,-0.289357245,1.434765458,-0.04614618793
0.1797790527,0.4906921387,-0.2581176758,-0.3494413495,0.05471970513,0.5425533056
0.1901702881,0.9962921143,-0.1863098145,-0.05147517473,-3.338696957,0.5152995586
0.02481079102,0.9239807129,-0.3060302734,1.80408442,-3.354101896,0.02146294713
0.06523132324,0.8738708496,-0.2356872559,2.873304605,-1.703080535,-0.8154482245
0.1410522461,0.9311828613,-0.1335144043,2.557998419,1.433017135,-0.6735113263
0.08325195313,1.059356689,0.1052093506,1.740642905,4.738541126,-0.2834298611
0.1309967041,1.000549316,0.2089996338,2.057215691,-0.1935705245,0.4177317321
0.2347412109,1.109603882,0.4651947021,-0.1678470522,-1.376214862,0.4204713106
-0.3075408936,1.210113525,-0.08938598633,-0.3558963239,1.062941313,-0.03345063329
-0.4017486572,1.463562012,0.1015930176,-0.4362297654,1.80919373,-0.883223772
-0.1046447754,1.168457031,0.4140930176,-3.942425489,0.7470582128,-2.013393641
0.344833374,1.638946533,-0.4058227539,-1.696456552,-1.261005759,-0.6563613415
0.5489349365,1.470092773,0.2423095703,-4.254026413,2.69726181,-0.5898845792
0.3257141113,0.5721130371,-0.1483154297,-0.7941884398,0.5329294205,0.06054616719
0.103302002,0.4715270996,0.06422424316,-1.131905198,-0.5338695049,0.2313887477
-0.006332397461,0.6330718994,-0.2273406982,-0.4134784043,-1.031783938,0.06878358871
0.1733703613,0.2565460205,-0.1660766602,1.01293838,-1.609775186,0.1540939659
-0.2903289795,1.322387695,1.379699707,-0.4446110129,-0.9112612605,-0.5652117133
0.3315734863,1.29359436,0.5911407471,0.7857829928,0.235172838,-0.01746367849
0.4858398438,1.583694458,-0.2799835205,1.853511333,-0.5940689445,0.4613388479
0.4229888916,0.8782653809,-0.3268432617,-0.1583824456,1.436121345,0.4427209795
0.1352233887,0.5719451904,-0.09045410156,-0.2812849283,-1.602336407,0.5532474518
0.08662414551,1.028244019,-0.3227996826,1.234955192,-3.468308449,0.2464816868
0.05249023438,0.8163757324,-0.2414398193,2.605107069,-2.070893049,-0.3298396766
0.1044311523,0.9030914307,-0.1620941162,2.558229446,-0.4836007655,-0.6346017122
0.1045837402,0.998260498,-0.09573364258,2.086253881,0.5911365151,-0.2875638604
0.1450500488,1.071289063,0.2800750732,1.996671677,4.372107029,-0.3815111518
0.2330932617,1.021942139,0.4810333252,0.5314172506,-0.4614634812,0.3261575997
-0.1277160645,1.194046021,0.1244506836,-1.009423494,-1.159619212,0.3377311826
-0.2937164307,1.17048645,-0.05838012695,0.1226164624,0.9636943936,-0.257687211
0.1122589111,1.139144897,1.081085205,-3.906044483,2.965528965,-1.185824156
0.003997802734,1.475585938,-0.279510498,-2.586592436,-1.600665808,-1.589186549
0.3919219971,1.687667847,-0.4934234619,-0.3554606438,-0.3873549104,-0.5005168915
0.556060791,1.088897705,0.2261047363,-3.710179567,4.240718842,-0.6494837403
0.2189331055,0.474609375,-0.1023712158,-0.5046096444,0.1107076034,-0.1273576915
0.2213287354,0.5964355469,-0.1613311768,-0.9291502833,-2.162382603,0.401712805
0.219619751,0.5471191406,-0.1897277832,-0.2007637322,-0.9834569097,0.5524581075
0.08488464355,0.5377502441,0.03288269043,1.751683831,-2.642150879,-0.1321596354
-0.2586364746,1.585586548,1.565490723,0.5049318671,0.5325381756,-0.5295775533
0.2084197998,1.524154663,1.025466919,-0.1208236217,-0.07795951515,0.007904262282
0.3370666504,0.9262084961,-0.2306976318,0.7484401464,0.340026021,0.1872673631
0.1575775146,0.09848022461,-0.0641784668,0.7796601057,0.990529716,0.6711158156
0.2993469238,1.408325195,-0.2004089355,0.5248680115,-1.430366993,0.4807349145
0.07078552246,0.8272247314,-0.1707763672,1.281668663,-3.116541147,0.5553971529
0.02537536621,0.988494873,-0.1435852051,2.864498377,0.2364692688,-0.1620512158
0.0320892334,1.033584595,0.05023193359,1.455688357,0.2825504839,-0.5632657409
0.1167449951,0.8859558105,-0.03413391113,1.093326449,-0.4720945656,-0.2874349654
0.2615203857,0.9709014893,-0.05032348633,1.755140543,1.174464107,-0.2261617631
0.3328399658,1.02355957,0.3725280762,1.285313487,3.2728405,-0.1240393892
-0.03074645996,1.159576416,0.08709716797,-1.124773502,-0.09283273667,0.2562211156
-0.424987793,1.280822754,0.03173828125,-0.210641399,-0.548374176,-0.5151341558
-0.01184082031,1.228866577,0.6204223633,-3.599405766,0.9004765153,-0.8276766539
0.1661529541,1.402954102,-0.3526306152,-2.718996525,0.1950954497,-0.7869132161
0.4251708984,1.40234375,-0.4617767334,-0.8797163963,2.502929211,-1.051472425
0.5278167725,0.9930419922,0.2810211182,-3.615672112,1.926216722,0.3402345479
0.1608276367,0.5342559814,-0.2682342529,-0.6123209,0.3519308865,0.09486845881
-0.006790161133,0.7504730225,-0.09013366699,-1.074733019,-0.8368983865,0.03020690382
0.1320648193,0.4729156494,-0.1647491455,0.171404779,-0.712448597,0.3759536445
-0.002899169922,0.4205932617,-0.02517700195,2.1474123,-2.354654312,-0.2053246647
-0.2551727295,1.84979248,2.111480713,-0.2916214764,-1.383608818,-0.4945695102
0.3370361328,0.8754577637,0.6755371094,0.6828912497,0.4995360374,-0.1353162825
0.5211029053,1.786529541,-0.4318237305,1.801072955,-1.286069036,0.5186005235
0.3684082031,0.5193786621,-0.4496917725,0.799777925,-0.08601637185,0.4968648851
0.1158599854,0.6202087402,-0.07015991211,-0.1150509566,-2.252584457,0.3333244324
0.0637512207,0.9554138184,-0.3228607178,0.721239686,-2.827210426,0.2949171364
0.02415466309,0.8030548096,-0.2041625977,2.110764265,-0.8085740209,-0.3560992479
0.0891418457,0.8907165527,-0.1467285156,2.652954578,0.4108461142,-0.4928938448
0.09490966797,1.082733154,-0.08950805664,2.435348749,0.06247776002,-0.3128271401
0.1657104492,1.205596924,0.6222381592,1.940017223,5.698744774,-0.5279940367
0.1819458008,0.9410552979,0.348449707,-0.2153687775,-1.779062986,0.7439188957
-0.2097930908,1.186309814,0.05056762695,-0.2351707071,-1.746265292,0.1165939942
-0.1225891113,1.194320679,-0.01359558105,-0.1710202098,0.2867965996,-0.2855529189
-0.03651428223,1.230606079,0.6209716797,-3.724761009,1.788897276,-1.260741234
0.1485748291,1.397735596,-0.2938690186,-2.528219938,-0.09423915297,-1.02017498
0.4373779297,1.458312988,-0.4370727539,-2.125236511,2.009526253,-0.7183070183
0.4488220215,0.8812255859,0.01669311523,-1.981351852,1.187440395,0.1075640097
0.09066772461,0.5299377441,-0.05395507813,-1.196101785,0.1700148731,-0.03627731279
-0.02624511719,0.7624816895,-0.1602020264,-1.368629098,-0.9814225435,-0.05301741138
0.1970062256,0.4575958252,-0.1373596191,0.384986043,-0.7826915979,0.2332111448
-0.01118469238,0.5270233154,0.08709716797,2.106659412,-2.057013035,-0.3090987206
-0.1393280029,1.554611206,1.817321777,0.2341800034,-0.6653873324,-0.456821084
0.01203918457,0.9640045166,0.7599334717,0.3028544188,0.2629860938,-0.2846442461
0.5528717041,1.694107056,-0.4615936279,1.773575306,-1.00686872,0.3600910604
0.4696350098,0.5918273926,-0.3772583008,0.4119353592,0.3300466239,0.4572711587
0.1808929443,0.8323974609,-0.1302337646,0.01052374765,-1.769910216,0.4104847312
0.1072692871,0.9183502197,-0.3147888184,0.887185514,-2.638010263,0.3769922853
0.0892791748,0.8349609375,-0.2608337402,2.173509836,-0.637291491,-0.2621890008
0.07862854004,0.8897857666,-0.1383361816,2.338935852,0.2114619166,-0.3438444436
0.06185913086,1.016845703,-0.1045532227,2.241985559,-0.09385298938,-0.0996645391
0.06234741211,1.15914917,0.3650360107,2.440859079,5.120941639,-0.5466899872
0.3199462891,0.9663848877,0.6212921143,0.1930629313,-0.09729353338,0.4181088209
-0.1588287354,1.188049316,0.09355163574,-0.7134334445,-1.879617572,0.3456644714
-0.2502746582,1.219314575,-0.06449890137,-0.2374301255,-0.5285258889,-0.5218850374
-0.04911804199,1.227981567,0.5263214111,-3.533262968,1.919634223,-1.158302784
0.2350311279,1.369766235,-0.241897583,-2.737197161,0.3306165338,-0.9745686054
0.4726867676,1.440597534,-0.4667510986,-1.139770865,2.484169722,-1.024195313
0.4773712158,0.9819641113,0.08641052246,-2.412653923,1.22963655,0.147877872
0.1478881836,0.5727386475,-0.06462097168,-0.9594644904,0.15449211,-0.09031924605
0.05390930176,0.7511291504,-0.09907531738,-1.323151588,-0.8191736937,0.05384245887
0.143951416,0.5256347656,-0.1567840576,0.2267505825,-0.5714110136,0.278997004
0.1235656738,0.3946838379,0.05364990234,1.661933422,-2.240608215,0.1518598348
-0.2523651123,1.470794678,1.350479126,-0.0002625876805,-0.7440376878,-0.471919328
0.2655181885,1.138916016,0.6197052002,0.5903604627,0.6514376998,0.02811872028
0.4018859863,1.39515686,-0.3501434326,1.859976768,-1.262553215,0.4597918391
0.5463104248,1.451675415,0.7848815918,-0.08391860127,1.850560904,0.2614324093
0.1374359131,0.3133544922,-0.08839416504,0.1360997856,-0.3195407093,0.3061428964
0.3126373291,1.209335327,-0.2818756104,0.5953115821,-2.325157881,0.533749938
0.1114044189,0.7431640625,-0.2723846436,1.884712219,-0.6680038571,0.01088913344
0.1117858887,0.908203125,-0.1417388916,2.28079772,-0.4185954034,-0.006266151555
0.02508544922,1.132019043,-0.1273193359,2.36541152,-1.652227998,0.09413661808
-0.04689025879,1.05557251,0.4525604248,2.132402897,5.398084641,-0.9336494207
0.375869751,1.05670166,0.3150939941,1.273070574,0.7244290709,0.3101333678
0.1602478027,1.058624268,0.3353729248,-0.7861962914,-1.224694848,0.4611433744
-0.2568359375,1.100097656,-0.08869934082,-0.3261021972,-0.1742357165,-0.1353746057
-0.296875,1.457870483,0.1374816895,-1.735668659,1.358701348,-1.128264189
0.1006164551,1.380950928,-0.0665435791,-3.505424023,1.169795632,-1.703433394
0.618057251,1.60824585,-0.5473632813,-1.003010392,3.117035866,-1.107848644
0.8848724365,1.011795044,0.7612304688,-4.080691814,0.7519704103,0.1931968927
0.2297973633,0.4371490479,-0.2744598389,-1.055957437,1.549346685,0.3280133009
0.0979309082,0.7579040527,-0.06382751465,-1.246444106,0.06120343506,0.4741776884
-0.0343170166,0.6928710938,-0.1043243408,-0.260396421,-0.4496345222,0.3149909675
0.0152130127,0.3166351318,0.05392456055,1.69615376,-2.320830345,0.1685043275
-0.2225646973,1.298599243,1.147628784,0.08559107035,-0.02921860479,-0.4753406942
0.3057556152,1.267089844,0.695098877,0.3535524607,0.3256310821,0.03423280641
0.4063568115,1.090637207,-0.2305145264,1.894489169,-0.533031404,0.3340131342
0.2780914307,1.628067017,1.039627075,-0.04367930442,2.351056814,0.2694351971
0.1473846436,0.2820739746,-0.06434631348,0.1389427036,0.001959820278,0.358247906
0.3320922852,1.223571777,-0.2545623779,0.6608176231,-2.755561113,0.563860178
0.0965423584,0.8221588135,-0.2214660645,1.89347899,-2.316936493,0.1579278409
0.09100341797,0.9450683594,-0.165222168,2.602566719,-1.505431175,-0.1318373978
0.05163574219,1.015487671,0.09773254395,2.057078838,3.947367907,-0.3286087811
0.0604095459,1.050796509,0.05949401855,1.02517426,1.919050217,-0.2086360306
0.18359375,0.9600219727,0.0368347168,1.725853801,0.095597893,-0.06576782465
0.2401885986,0.9954376221,0.2239532471,0.4335834086,0.8492181301,0.2603684664
-0.08853149414,1.172103882,-0.03645324707,-0.4868831038,-0.02662655152,0.1150727943
-0.4135742188,1.544143677,-0.1282501221,-0.2095918357,-2.077410698,-0.4464512467
0.1836853027,1.17956543,0.3023071289,-2.71145153,4.019790649,-0.4429452121
0.6608428955,1.125091553,-0.09146118164,-2.870238543,5.529790878,-1.377873421
0.4686737061,1.102310181,-0.1722259521,-1.681656837,-0.5872107744,-0.4639010727
0.3040008545,1.192489624,0.1295013428,-2.79217577,-0.4950645864,0.444567591
0.03932189941,0.9295501709,-0.08909606934,-1.038843989,2.115359545,-0.08115024865
0.02447509766,0.7373199463,0.04789733887,-0.8509649038,-0.2464127094,-0.1704758704
0.2116699219,0.2185211182,-0.1424865723,0.5739298463,-0.7579449415,0.6211538315
-0.1732177734,0.4757385254,0.154083252,0.9558162093,-3.426618814,0.06116641685
-0.1108703613,1.583480835,1.563079834,-0.05596259981,-1.786694288,-0.2870634496
0.4739837646,0.9200286865,0.6064453125,-0.3527109027,0.7975903749,0.1080902517
0.2917022705,1.631637573,-0.450958252,1.510514617,-0.8651614189,-0.03604188934
0.4105529785,0.6085510254,-0.4002990723,1.248538136,1.191087365,0.08397399634
0.1204986572,0.4906158447,-0.04316711426,-0.2388634384,-2.236042738,0.186831668
0.1607513428,1.059066772,-0.3305358887,0.8285996914,-2.416563749,0.2411673516
0.0756072998,0.9520721436,-0.1777191162,2.49341917,-2.800885677,-0.1012858748
0.1665649414,0.8785400391,0.11328125,2.491711855,1.881226063,-0.3697322309
0.1162719727,1.078582764,0.08377075195,0.9137308002,0.1135790274,-0.07629264146
0.09063720703,0.8106384277,-0.0485534668,0.9942073226,-1.58908689,0.1454815716
0.143081665,0.9839019775,-0.1373596191,1.778417706,-1.041143417,-0.002233859617
0.2626495361,1.174240112,0.2727813721,0.7715486288,3.035350084,-0.5632966757
0.002899169922,1.150558472,0.04415893555,-0.5979065299,1.262453079,0.2227300107
-0.4249267578,1.615158081,0.218536377,-0.919244647,-0.01892868429,-0.7535592914
0.03771972656,1.062026978,0.3183288574,-3.591866255,0.4339067042,-0.9755848646
0.382522583,1.368179321,-0.5184783936,-1.370297313,1.591489077,-0.8631952405
0.5652770996,1.27633667,0.7615661621,-4.16984272,3.072095156,-0.274500519
0.2269592285,0.7520599365,-0.105758667,-1.086889863,0.7877425551,-0.1998270899
0.1181335449,0.7900390625,-0.02597045898,-1.557855964,-0.4702742994,-0.01222577319
-0.03672790527,0.6307220459,-0.05177307129,-0.3043641448,-0.4950217307,-0.09024387598
0.1729278564,0.2509613037,-0.1130828857,1.092434764,-1.115943313,0.4468978643
-0.3229980469,0.8568725586,0.5437164307,0.4687355161,-2.214269876,-0.5275253654
-0.08346557617,1.609863281,1.057769775,0.2075092494,-0.06863924861,-0.2530290782
0.5784606934,0.9395294189,0.4987487793,0.6775241494,0.3415131271,0.3410041928
-0.1703033447,1.403549194,1.04510498,0.2424720228,0.9605576992,0.2550954223
0.1494598389,0.503036499,-0.1192321777,0.7626805902,0.2111857384,0.3218299747
0.2121429443,1.014450073,-0.1401824951,0.7269031405,-1.914979219,0.4341077805
0.09066772461,0.867401123,-0.1592712402,1.725770235,-2.985514641,0.3154815137
-0.009536743164,0.9418182373,0.4322814941,2.039569139,2.054139853,-0.4245121479
0.1392364502,0.9471588135,0.06022644043,1.173419356,-0.3375253081,0.1498131901
0.07469177246,0.9175109863,0.02568054199,1.256398201,-1.94200182,0.1429092139
0.0944519043,0.8823699951,-0.05375671387,1.244938016,-1.214804649,0.08182455599
0.1616210938,1.066650391,0.07583618164,1.571930051,2.130953074,-0.3138386309
0.02421569824,1.179550171,0.1173858643,-0.5829811096,0.5116265416,-0.2718509436
0.05778503418,1.204620361,-0.001953125,0.1443933994,0.1449558586,-0.3290514052
-0.1154174805,1.301239014,0.8795776367,-3.488180876,3.514269114,-0.8968192339
0.1989898682,1.119552612,-0.1569213867,-2.729854107,-0.1442139,-0.8202813268
0.3102722168,1.424423218,-0.3599395752,-2.753395796,0.741753459,-0.4538769424
0.3430480957,1.062042236,-0.08450317383,-1.287930012,1.7966609,-0.1780488342
0.1448669434,0.7313079834,0.02415466309,-1.412483335,0.6211210489,-0.1314728111
0.06582641602,0.6787261963,-0.1088409424,-0.8652152419,-0.7465034723,-0.1597670317
0.2204742432,0.4326019287,-0.1158752441,0.3308751285,-0.3096012771,0.316996336
0.1205444336,0.3978271484,0.006759643555,1.432437658,-2.124539375,0.2457799464
-0.546295166,1.549926758,1.677932739,-0.3572995365,-0.6649987698,-0.5754076242
0.3609313965,1.175918579,0.7591400146,-0.07744073123,1.021521688,0.06433318555
0.6417541504,1.663543701,0.2645111084,-0.6456799507,0.9613739848,-0.04933905229
0.2789611816,0.3452606201,-0.1748352051,0.7106818557,0.8580244184,0.4391318262
0.3540802002,1.130996704,-0.1323547363,0.7523446083,-1.608331919,0.5860882401
0.1320953369,0.8837127686,-0.1351165771,1.466103435,-3.602892399,0.4734951258
-0.03378295898,0.97265625,0.3901977539,2.205219984,2.473201752,-0.461510092
0.1393737793,0.9028015137,0.02565002441,1.474050283,0.1924746335,0.1109254509
0.05017089844,0.9284667969,0.04817199707,1.3640908,-1.492585659,0.03455744311
0.1041412354,0.9184112549,-0.0647277832,1.474814892,-1.158599377,-0.006076002028
0.2990112305,1.07170105,0.1419525146,1.602046609,3.567336321,-0.2865526676
0.006591796875,1.104431152,0.08323669434,-0.6033026576,1.023891449,0.1691991389
-0.1449737549,1.227874756,-0.04711914063,0.5428918004,-0.866753459,-0.003037068993
0.08923339844,1.356155396,0.3983917236,-1.929943085,2.830376863,-0.5167406201
-0.02627563477,1.105194092,-0.03707885742,-3.198566914,0.7176753283,-1.054951549
0.2703399658,1.315963745,-0.3883209229,-1.563040137,-0.003123621689,-0.3773004115
0.3872070313,1.21496582,-0.1187286377,-2.836056709,2.961651325,-0.4798337221
0.2525634766,0.7905578613,0.1260681152,-1.395492673,1.471916914,-0.1043264046
0.09005737305,0.7527770996,-0.06355285645,-1.001191378,0.1064289734,-0.1807183772
0.1862945557,0.5220489502,-0.1276855469,-0.04106115177,-0.6985104084,0.2797032893
0.2110290527,0.3320465088,-0.07929992676,0.9997717142,-0.9445076585,0.6342214346
-0.4917449951,1.000259399,0.6894378662,0.8253927231,-1.228257656,-0.7285140753
0.01699829102,1.652908325,1.159790039,0.1857669353,-0.2391627878,-0.3125911951
0.3878173828,1.155319214,0.2239227295,1.640434504,-0.4615633786,0.4014603496
0.2211151123,1.442230225,1.31022644,-1.044878244,3.290989399,0.02067438513
0.3396759033,0.5167541504,-0.1882476807,1.069757223,-0.5968604684,0.6604207754
0.2543792725,1.114685059,-0.2092895508,0.7662969232,-1.854573131,0.6247115135
0.07070922852,0.8853912354,-0.19090271,2.047381401,-1.964327574,0.4339083135
-0.207244873,1.003768921,0.2831878662,1.817466259,2.465794802,-0.3429376483
0.06245422363,0.982208252,0.1096191406,1.43206346,-0.4353916943,-0.01348971017
0.136505127,0.894744873,-0.01493835449,1.421610236,-0.4763321877,0.123845242
0.2971191406,0.9962310791,0.09205627441,1.3774122,1.125746131,0.3555450439
-0.06883239746,1.101547241,0.1325378418,-0.3063111901,0.3973897099,-0.06440961361
-0.2321472168,1.166915894,-0.05708312988,0.1441225559,-0.03031023592,-0.1819690019
-0.09410095215,1.556503296,0.3249664307,-1.883008838,2.45969367,-1.022906303
0.1025085449,1.081848145,0.03277587891,-2.842716217,0.3048451245,-1.453156471
0.4774627686,1.511230469,-0.3612213135,-2.733418465,1.904000163,-0.2483227253
0.5886688232,1.114151001,0.100112915,-2.143045664,0.4162501991,-0.3421256542
0.1516265869,0.7536621094,-0.04626464844,-1.693098545,1.194818377,0.1685836911
0.14793396,0.6491394043,-0.08961486816,-0.8658309579,0.9059775472,0.1727291644
0.1557159424,0.537689209,-0.1184844971,-0.07357008755,-0.631167829,0.3503090143
0.106918335,0.389755249,-0.09867858887,1.150520444,-1.110412717,0.5650729537
-0.4533233643,1.093704224,0.8015899658,0.4552237093,-0.7052713633,-0.7390024066
0.2213745117,1.482391357,1.009048462,0.2748315632,-0.1705874503,-0.1481130272
0.3691253662,0.8140411377,0.3010406494,1.647734761,-0.180931434,0.4079976082
-0.1220397949,1.794662476,1.43309021,-0.7693217397,2.338687181,0.1159122214
0.1897888184,0.436340332,-0.1352233887,1.153654456,-2.149641752,0.6033119559
0.180480957,1.056762695,-0.4597473145,1.606314898,-1.715725064,0.07244330645
0.1943054199,0.9059448242,-0.2083435059,1.674772024,-0.01726101153,-0.2995467782
0.2947387695,0.9574432373,0.05433654785,1.292398453,1.744835258,0.07785858214
0.1011505127,0.987991333,-0.09371948242,1.379291058,-0.9770011306,0.3280734718
-0.07405090332,0.8811950684,-0.06927490234,1.460711598,0.2049038857,0.001555019757
0.07997131348,1.030181885,-0.0944519043,1.794908524,1.47511375,-0.1940978318
0.3216094971,1.044143677,0.4524993896,0.2143197507,1.457044959,0.2545627654
-0.03010559082,1.243621826,0.1054840088,-0.7515869141,-1.021672487,0.9537560344
0.2008972168,1.522109985,0.2469024658,-1.49493885,-1.615068674,0.9492533803
0.1253967285,1.372848511,0.3388214111,-2.408285856,-3.254692554,-0.2659485936
0.2331542969,0.9655609131,0.1119689941,-3.150012493,-3.352804422,0.958093524
0.1887664795,0.9750213623,-0.7418365479,-3.053042173,8.990797997,1.527119637
0.2763519287,1.34765625,-0.5786743164,0.03315449134,3.359702349,-0.5802977085
0.4576263428,0.2476959229,-0.04641723633,-0.9019061327,0.4267995358,0.3087415993
0.1310119629,0.667098999,0.2346496582,-3.185550451,4.008005142,-0.4329695404
0.06260681152,0.6310424805,0.217300415,1.062922478,-0.6044491529,0.1676292121
0.07815551758,0.6131896973,0.05325317383,1.686079264,-1.365795255,-0.09056984633
-0.366897583,0.9930725098,0.9017333984,0.9050358534,1.933089256,-0.7723577023
0.3421020508,1.45161438,1.20854187,-0.0241133254,-0.6548843384,-0.3108822405
0.5423278809,1.351837158,0.1800079346,1.961360335,0.8777645826,1.077901959
0.07203674316,1.036209106,0.3039703369,-0.127047956,2.747257233,0.08106795698
0.1564941406,0.5532073975,-0.09811401367,1.010451198,1.815963984,0.8754708171
0.6610717773,0.80519104,-0.03930664063,-0.3072174788,-0.1104759127,1.568897724
0.2861328125,1.128814697,-0.173324585,2.24756813,-4.310214996,0.8682181835
0.2539215088,1.085067749,0.3979034424,1.624909401,-2.478935003,-0.06763444096
-0.05717468262,0.8204956055,0.3299102783,-0.4961650074,0.1592008322,-2.019431591
0.1335601807,0.8508453369,-0.08929443359,-0.6548318863,0.2255034298,-0.8458859921
0.003021240234,0.9480895996,-0.3103942871,1.857892513,-0.8255972266,-0.6910316944
0.02548217773,1.157867432,-0.2801818848,3.140228748,2.464654207,0.2778483927
-0.1393890381,1.249542236,0.5581207275,0.8924157023,3.446293592,0.2785381377
-0.3917541504,1.34236145,0.0366973877,-0.0200831648,1.773924947,-0.5658714175
0.01501464844,1.350265503,0.2419128418,-3.058365583,1.619096756,-0.6758553982
0.06396484375,1.080093384,-0.0266418457,-2.739391565,-1.185029984,-1.831970334
0.2333374023,1.246307373,-0.1547088623,-2.554689646,0.5314854383,-2.095039845
0.1805725098,1.167526245,0.03462219238,-2.292428493,2.512670279,-0.7297226191
-0.09262084961,0.7657775879,0.2082061768,-1.542975903,0.5690069795,-0.7315397263
-0.005813598633,0.6198272705,-0.01889038086,-0.8151278496,-0.2809839845,-0.3270673454
0.0276184082,0.6309356689,-0.04974365234,0.3012988567,-0.8104521036,0.2274675071
0.007858276367,0.6728057861,0.1257171631,1.351177931,-1.129638672,0.4319881499
-0.3455505371,0.9239654541,0.7608795166,0.7913151979,0.7199562788,-0.3094907403
-0.6692199707,1.128158569,0.9352874756,-0.5959571004,-0.4201786518,-0.8631395698
-0.05534362793,1.199325562,0.168182373,1.034374952,1.319899917,-0.04813557118
-0.3175506592,1.229660034,-0.5904388428,0.7884943485,-0.6491186023,0.003608050523
-0.0133972168,0.7466278076,-0.09875488281,0.1200534403,-0.1972222626,-0.207620576
0.0726776123,0.9887695313,-0.264831543,1.158862233,0.04534670711,0.3909392655
-0.142364502,1.073822021,-0.06385803223,2.534372568,-0.8371351361,0.3721197546
0.04306030273,0.9617156982,0.1516571045,1.781805992,0.373509407,0.6686795354
-0.1363372803,0.8851013184,0.06622314453,1.551622629,0.4093691409,0.8134785295
-0.2233581543,0.8965911865,-0.1191864014,1.920306087,0.1717387289,0.8728651404
-0.1770324707,0.8046417236,0.274230957,1.114395738,0.1800677776,0.9511412978
-0.1249389648,1.099822998,-0.02754211426,0.6655050516,0.01922882162,0.8709980249
-0.4729614258,1.097076416,-0.09643554688,0.1707810611,0.7071890831,0.1061450765
-0.474899292,1.354400635,-0.1446533203,0.5526501536,1.628857255,-0.4791993499
-0.3776550293,1.421203613,0.2787322998,-2.571917295,-0.4532335401,-1.27858448
-0.2930908203,1.599594116,-0.05601501465,-3.290871143,-1.736224174,-3.133103609
-0.1254882813,1.767730713,-0.2506713867,-2.672823191,-0.7988827825,-5.055951595
0.4920654297,1.828186035,-0.9879455566,0.7040891647,-0.1795476526,-2.82318759
-0.2330322266,1.183578491,1.29737854,1.865151286,1.945916176,-0.5341925621
-0.4972076416,1.252349854,0.09913635254,4.938931465,4.960778713,1.854418755
-1.535095215,0.4244384766,0.6974334717,1.221494198,-0.3269024789,-0.6231402755
-1.703948975,0.2536315918,-0.1528015137,0.1494462192,0.08199500293,-4.78075552
-1.399108887,0.3817138672,-0.3004608154,-0.853438735,1.522417903,-8.826889038
-0.4047698975,0.7072143555,-0.2498016357,-1.330101132,2.203858376,-9.460273743
0.1427307129,0.2923126221,-0.5963134766,-0.5593234897,4.187236309,-6.906516075
-0.1814117432,0.1226196289,-0.4529724121,2.23085928,6.682757378,-5.183349609
0.08430480957,-0.2591247559,-0.8614959717,-0.8912143111,2.056696177,-2.753821135
0.04161071777,-0.06602478027,-0.7102508545,-2.636940002,1.889801145,-0.7728394866
-0.0009765625,0.1528320313,-1.183853149,-1.34598875,0.06274300814,0.2619306743
-0.2904205322,-0.2335662842,-1.22277832,0.9649548531,-0.9641807079,0.2284411639
-0.3871459961,-0.3163146973,-0.9312591553,0.3214896023,-0.09787622839,-0.185328573
-0.35496521,-0.3269195557,-0.9124603271,-0.692188859,1.506906271,0.07542631775
-0.147354126,-0.3685760498,-0.806350708,-0.7356466055,1.781749606,-0.6546025872
-0.009765625,-0.3224182129,-0.98777771,0.721169889,-1.001912117,-0.2578360736