accelerometer x,accelerometer y,accelerometer z,gyroscope x,gyroscope y,gyroscope z
-0.1601610436,0.1720972728,-0.1582242303,0.3216126263,0.2178298682,0.3474853039
0.9238198224,0.6101575585,0.2250304061,-0.1359058321,0.3830269277,0.7079442739
0.6387014428,0.4434676976,-0.2801578346,0.004826766439,0.7919412851,1.145728827
0.9732765849,0.6920926221,-0.2027770733,0.1931419671,1.028938532,1.686475754
1.075858204,1.049106025,0.04727963757,0.5793116689,0.9285472631,2.713941336
1.637515131,1.223087504,0.4499994375,1.082109451,-0.5980256796,3.464286089
0.9452904074,1.142231468,0.3978460564,1.373343945,-1.074808002,3.612318039
-0.834099731,0.2375444353,1.973367527,0.1991513371,-0.5282315016,3.015837193
-0.5732610755,-0.1784779138,1.62726101,-0.9441311359,-1.669466496,1.915915132
2.868562216,-1.140413897,-1.175579903,1.904825211,-1.226118803,1.942249775
-2.13971252,-3.163151312,0.6203717862,1.334154367,0.0001330255764,1.539753675
-1.739299828,-0.2267138292,0.2975952916,-0.4974039793,0.5757054687,-0.1278170347
1.145757596,-0.1708344133,-2.144188204,0.8999606371,0.7417791486,0.8786768913
0.02780687534,-1.721527732,2.133931014,1.428642273,-1.801155925,1.043032169
-0.12709201,-1.465537247,4.701335862,1.5760988,-1.65049243,1.248603702
1.99491768,-0.3247188609,2.201353276,2.987785101,0.4068465531,1.645129919
3.171013716,0.9941519074,1.4513094,2.187102079,0.1333899647,1.547595501
1.960773418,2.631788766,-0.944447673,2.642917156,0.7033963799,0.2992092371
1.926972855,1.688933915,-4.283019849,1.848954678,-0.3707952499,0.3765823245
-0.605691519,-0.08534545659,-4.777187514,0.02700356767,-0.7962979674,-0.5351778865
-1.110779222,-0.08067161956,-3.550516599,-0.7247794867,-1.661959291,-0.6979241371
-3.124524936,-1.675761714,-3.418310607,-1.93847692,-1.364169955,-0.169659555
-2.849881481,-0.6883423296,-1.50181063,-1.817673564,-1.141485095,0.7557006478
-1.761605768,-1.148624676,-1.133082239,-1.816055298,-1.063935518,0.6644258499
-1.590700919,-1.770486701,0.4469835968,-1.813657999,-1.243219018,0.7097383142
-0.692651425,-0.6309563086,1.68119426,-1.03026402,-0.5235378742,0.7630444765
1.530674029,0.7719812746,2.543093706,0.3839607537,-0.8730136752,-0.6895589232
-1.043510105,-0.8512652392,0.04164718464,-0.123201564,-1.341274738,-0.4233342707
-1.633587291,0.000847849001,1.190715951,-0.01098798309,0.05919104815,0.113903068
0.3658656948,1.207218904,-1.830004181,-0.1707296222,-0.5593999624,-0.007344003767
1.210680443,1.209872926,-0.7367499483,0.3814957142,-1.151022196,-1.060596585
0.5074883344,0.4320777041,-0.3314046222,1.254573941,-0.05917450413,-1.223424911
0.253771932,-0.2281891624,0.7996715378,1.286586761,0.1836184412,-0.2687118351
0.1455640707,0.1341103643,2.649500948,0.621653676,0.3798846304,-0.3892604709
-0.2538853292,0.3769908999,0.5561369953,0.7929250598,1.392751932,-0.4800691903
1.011228714,1.778372194,-0.3092435708,0.9320629239,0.8731458783,-0.4192677736
-1.842547436,-2.359710777,2.356941312,0.1448465735,0.8270344734,-0.1547742188
1.006409916,-0.1037415295,-1.949114106,0.5790883303,1.816175818,0.0984075889
-0.6730857238,-2.467094462,-0.2938449992,0.3630559146,1.625265002,1.763409853
-0.3023772652,1.985170777,0.08890563329,-0.195008114,-0.2317751497,0.2817182839
4.507929844,3.724081898,-1.542489992,1.078014135,0.1269142628,-1.349009991
-5.068713131,-1.617879434,2.418224925,0.0329291001,0.1252446771,-0.9720173478
-0.6466372773,-0.8918728516,-0.3540051611,-0.277972579,-0.1157508045,-0.314561069
0.5536451054,-0.7610702967,-0.7523338864,0.3812361062,0.735468626,-0.4573452473
3.697161743,4.55500899,-1.57515556,2.767271042,0.8337568641,-3.699630022
-6.341247095,-1.226643735,1.936019501,-0.2398122549,-0.4017798603,-0.771511972
-0.6875660846,3.675992698,-3.162991153,0.2768678367,-1.048261285,-1.337339878
0.01033960771,0.07320084529,-1.07339722,0.9038524032,-1.523321748,-1.407144666
0.9008630906,1.213899405,2.906680058,1.004487395,-1.569053888,-0.2080675215
3.460428039,-3.759388774,-0.4655389519,0.9267327189,-0.8684298396,0.5649670362
-2.527102356,0.9802034615,1.463482653,-2.029171228,-1.028147459,1.149005651
-2.293729946,4.372166452,0.8753688761,-2.343285322,2.555088758,0.4445139766
-0.9045692516,-0.1865694503,-0.24241058,-0.5485098362,0.8419415951,-0.710072875
6.713423288,-5.056192672,28.40853073,-1.791383028,-0.4365838468,0.1356231272
-0.8895236582,-2.365225157,0.01164199554,0.2615863681,0.0592485033,-0.2970770299
1.379049343,0.5142904156,-0.5628513251,0.2800145745,0.4881522954,0.4404225945
5.507247756,0.5945768352,1.178402559,0.1743276715,-0.4492534697,2.006262541
-2.528975457,1.383667942,1.368081666,-1.270630002,0.4588760138,-1.020825028
-0.6132786131,2.002211929,-0.1864144059,-0.3874789476,1.145569682,-2.18221426
1.160016131,0.7131207971,-5.162854473,1.332666397,-2.192243814,-1.382357001
-0.6722378748,2.826362659,4.901936761,0.6153984666,-0.4176688492,-1.847726464
0.9815046072,1.369911804,0.5200929644,0.01205589063,0.5303375125,-2.082692385
1.492483414,2.798001072,0.3268903597,0.630433619,-1.276224494,-2.583643675
0.6266901756,-3.746096746,0.1345545827,0.5545793772,0.3807518184,-4.277102947
-0.411849155,-0.6139461371,3.054022829,0.04728696495,0.9052732587,-1.074952364
0.7900541069,-2.10163501,0.6729588826,-0.347930491,-0.1749976724,0.4439029396
1.343643244,-1.708527673,0.2241279409,-0.1692205369,-0.1343577951,0.9711778164
-2.328141919,1.006511038,-2.026351514,1.019821882,-1.517691016,0.03418732435
-3.095603962,1.974711927,1.928615946,0.007188088726,-1.853478551,-0.9324256778
0.376606869,0.2046609873,-0.3083469872,0.1357800364,0.2002594173,-0.6175455451
3.145638452,0.4279465956,-2.032036573,0.2598471642,-2.165692568,0.8764864206
-4.852615388,3.127605951,2.188351755,-0.2474420369,0.4496821761,-1.347082138
-1.262266837,-1.594266503,-1.740671116,0.5429292321,-1.090261221,-2.541325808
0.9810252993,-3.425160326,1.411655435,0.342292428,-0.487067163,-0.8718778491
2.367450139,-0.2907008559,1.086065052,-0.3200653195,-0.1575161964,0.2468009144
-4.263349519,2.2306349,-0.5663432589,0.02686535195,0.2207945585,-0.2065354139
-1.461090497,-0.1680108803,0.1592056426,-0.1048223749,-0.629519999,-0.1449049264
-1.902163116,-0.08529811032,0.7770189765,-0.1281971633,-0.7740018368,-0.2050704062
-1.223098318,-0.5002876092,1.648259374,-0.1649886221,-0.7986795306,-0.2098684907
-1.292934655,-0.5675023658,1.277285543,0.000914636068,-0.8441542387,-0.1945758164
-1.554122416,-0.5586339997,1.545730728,0.000003260560334,-0.3801641464,-0.2330884635
-0.2361599952,-2.027650321,0.7801794863,0.3134113252,-0.3330159485,-0.2383543253
-1.707296378,-4.517400268,-0.03341412076,1.024441481,-0.6952138543,-0.07824296504
1.084012503,-1.678821101,0.5116466231,1.236530066,0.3788583279,-0.09303949028
0.002657821032,1.262228844,-0.3966938907,1.81704092,1.228902578,-0.03758887202
-0.9774164611,-0.2793389194,-1.109781297,1.795951843,0.1394492686,0.1789960116
-0.134784318,-0.5001870714,-1.27415046,1.594344854,-0.7051103115,0.633546114
-0.8191355322,0.7978612735,-1.053944697,1.181206346,-0.8567780852,0.6668453217
0.1363832777,0.4917834002,-1.475083366,1.09508419,-1.292470217,0.830955863
0.3793555832,0.9178332223,-1.139796934,0.9986304641,-1.281931877,0.7662368417
-0.5241022,1.554647609,-0.2921206596,0.617833972,-1.040974736,0.361977011
0.1510430866,1.199160685,-0.8330509526,0.2294479311,-0.8628068566,0.5136275291
0.8940542873,1.281691669,0.6975730993,0.1068146452,-0.3399307132,0.4917219877
0.3393511973,0.786111799,1.378310799,0.164845556,-0.09865643084,0.3911792636
0.5496721101,-0.352788771,1.746609274,0.4585074186,0.4774981439,0.3569340706
-0.7438499896,0.7443231601,3.710891869,-0.2308541685,-0.4619997442,0.1565600783
-0.5110147549,1.243186289,0.6792647047,-1.497577786,-0.1162099168,0.1768452376
3.610564532,-2.187774248,1.333043963,-1.37056005,0.7463157177,-0.03477166593
3.853729438,-0.8036141379,0.6089972825,0.3664861619,1.054126143,-0.6421464086
-1.106712703,3.044801996,-3.802425367,-1.737556577,1.434573054,-0.7142891884
-0.7607558239,-1.988697782,-5.442877283,-1.829401612,-0.06657274067,0.3989169002
1.949653766,1.361258542,3.944664677,-1.464138627,0.8818898201,0.1105865985
-0.04854132807,0.844338947,-1.521822614,-0.8778150678,0.9313395023,-0.08511991799
-1.734689704,-0.04362637576,0.6831330706,-1.06881845,0.3501217067,0.06322534382
0.3212777805,1.003921022,1.203196809,-1.170261264,0.6662209034,-0.05721106008
0.2032575503,1.761027091,0.7405342161,-1.056922555,0.34547472,-0.4402825236
-0.9981836471,0.08038052766,2.003757697,-0.873979032,0.2015712112,-0.6086320281
-3.689674017,-3.109139736,0.852388398,-0.2895401716,0.2977411151,-0.01099522971
2.065133372,-2.224662255,4.003651704,-0.2852698863,0.8626377583,0.1791904122
0.6664210052,-5.339739564,0.7625381773,1.374799609,2.010385513,0.3633408248
-4.411193809,-3.143418437,-3.737490246,3.185364962,1.269945145,0.6965330243
7.498885683,0.6101625269,1.936684687,1.678437114,1.873928905,0.02957376465
-4.033358275,-1.298948509,-1.990816382,1.890786529,0.2420750707,0.5757892728
0.6912197848,-0.926715617,-4.371508865,1.577821255,-1.189242482,1.237220407
2.270463637,3.61682973,-2.925342088,1.910678387,-2.1837883,0.6991367936
-0.2987335019,2.888431284,-1.8839915,0.7265583277,-1.063672781,0.07957367599
-0.3504085979,2.245290033,-0.8765835126,-0.2787831426,-0.7657592297,0.09722324461
-0.971290964,1.961251557,-0.2293845097,-0.8291970491,-0.6023979187,0.02409084886
-0.7052554705,0.4870598788,2.364227085,-0.6540837288,-0.3530612886,-0.06220009923
1.785109977,-5.250816834,4.584078433,1.143215656,-0.8499880433,0.2963379622
-4.824919572,5.836149455,1.133987664,-0.3656207919,-1.131281137,0.3605448902
4.630820018,-3.357093921,0.01936491794,-2.044732332,0.4690060019,-0.5770900249
5.031700036,1.047822707,-1.17355775,-0.1328834444,-0.269228816,-0.7659079432
-4.152914044,2.456001406,-5.28362254,-1.72903645,0.698972106,0.06310562789
0.5474485888,-1.036256773,-0.2866659013,-1.635910869,-0.4355287552,0.5974077582
1.540154097,2.67161458,-0.08682955767,-1.285803795,-0.07185091823,0.02585239895
-1.743738103,-0.173009127,0.2387678396,-1.219611168,0.241950199,0.04950033501
-1.162162495,0.8991086481,1.020071362,-1.009378076,0.1624212265,0.0007754070684
-0.04482902955,1.634197531,1.070729536,-1.143690944,0.1804278493,-0.2519889474
-0.1102925586,0.7695172226,1.791287351,-1.138799906,0.4009872377,-0.4732510149
-2.967291471,-1.52012107,0.6718611504,-0.2447483987,0.3674420714,-0.5154083371
-1.250543666,-5.155562562,5.167596699,-0.0888992995,0.1665254533,0.3588415384
0.01278787764,-4.794273089,0.06906535292,1.792648435,1.93459034,0.424312681
-0.2156593512,-2.456450903,-3.845483003,3.183719873,1.234720826,0.8497768044
4.787533552,-1.956715667,2.247321831,1.397646785,2.241138697,0.2414398193
-5.763695044,-1.595140363,-3.028276685,2.096432924,-0.6584928632,1.054941416
3.916490722,0.1341203012,-3.924237099,1.877865672,-1.571372271,1.204431891
3.781024267,4.954018245,-4.9012593,2.432589054,-2.028860092,0.6324771047
-2.320737342,3.304109935,-0.8780138376,0.5437588692,-0.7934105992,-0.2948430479
-0.6829036457,1.966799839,-1.286123514,-0.3755525649,-1.172825813,-0.05769495666
-0.8998185499,2.689957461,1.202681261,-1.108180761,-0.7696102262,-0.09715168923
-1.146331889,-1.751775279,1.36366385,-0.1637458205,-1.288638353,0.196206823
3.755675599,-2.191227603,7.289120066,0.6802308559,-0.531837821,0.1763501614
-1.354307116,2.43238906,-0.00335310982,-0.3243384063,0.1280270517,0.1584832668
10.1939998,-9.662359018,-2.512672264,-0.1238259003,0.1282318085,0.03517013043
-1.995227184,5.99991203,-2.58493729,-2.234544277,1.432877779,-0.6480379701
2.299579257,-5.902158343,-5.447377517,-1.862731338,0.001114385203,0.2337797582
0.1485527311,3.051764821,-0.8652585471,-1.875645161,0.2136229277,0.07052186131
-0.7607707293,0.8839414741,0.8556803522,-1.852908134,0.6535874009,-0.05292457715
-2.175015304,0.01375496911,0.06341010364,-1.131985426,0.1629202217,-0.05909737945
-0.3967041929,0.6876420724,1.758639319,-1.020423174,0.2218182534,-0.2725324333
-1.827281186,0.9467325691,2.271774719,-1.210776329,0.4864675105,-0.3954085708
-1.588540527,-0.1000742392,0.8307878299,-0.9682768583,0.04994916171,-0.3365994096
-3.265284529,-2.875298831,-0.1885000531,-0.1744133085,-0.6052137613,0.1886739284
2.097649448,-3.545973987,5.924981585,0.09866159409,1.689783573,0.1890602261
-2.481181732,-5.133550637,-2.787874815,2.614322662,0.6043700576,0.6058886647
2.007863671,0.3973264164,-1.274910192,3.031064749,1.254905105,0.4393198788
1.285891459,-1.63198044,-3.462644254,2.132038355,-0.0465494208,0.03707575798
-2.890849159,-0.8302730123,-1.430376794,1.600226045,-0.2907581031,0.5825436115
3.547084286,1.577531057,-5.914838377,1.815282464,-1.40577364,0.8421621323
0.2737868383,4.666836211,0.765903416,0.5040253401,-1.013430119,0.09327950329
-0.4438169494,2.611104289,-1.940174282,-0.1351410747,-0.3062929809,-0.02924161404
-1.137528697,2.295574697,-0.7873164986,-1.023688793,-0.4845523238,0.1805130839
-0.871948254,0.03174889096,3.589478782,-0.4498202801,-0.3902397752,0.2325742841
1.746600214,-4.295986883,4.176470277,1.382493019,-0.5244522095,0.4340831637
-4.283861853,3.821038298,1.673116168,0.369751066,-0.6914185286,0.4933446348
8.39910843,-5.730089712,-0.2107072818,-0.7094635963,0.9740288854,-0.4800902903
1.456095465,5.771010336,-3.896093246,-1.177985311,-0.06249971688,-0.834158361
-2.586109257,0.5375228226,-3.658443889,-3.427491188,1.931307435,-1.041918516
-1.212764263,-2.580463067,-1.728787786,-1.618525267,-0.1877084672,0.4156851172
1.127987546,4.724997308,0.8012988467,-1.765111566,0.4443302453,-0.05955051258
-1.131940668,0.02126198374,0.02956161005,-1.419294715,-0.200309217,-0.04583909735
-0.8448694007,1.009858595,1.811241613,-1.33936429,0.6742283106,-0.1442385167
0.2062956028,1.155275951,0.7414298498,-1.186929703,0.3559334874,-0.4345781803
-1.353524441,-0.1454056653,2.98444485,-1.111387491,0.4026865959,-0.5276113749
-3.196453278,-2.700437939,-0.457369674,-0.2983194292,-0.005694451742,0.09468099475
2.065372441,-4.374111741,5.427026218,-0.07243768126,1.365900517,0.171855405
-0.9269371508,-5.63954201,-2.342354569,2.177113533,1.257994771,0.5422278643
0.3858846927,-1.782963613,-2.217386127,3.496319294,1.528486609,0.4667630792
4.093226761,-1.685299358,1.666663631,1.273393989,1.080634475,-0.01970149577
-5.488358931,-3.415657754,-2.664521407,2.396884918,-0.3903909326,1.026622653
4.514818142,0.2840495813,-4.676289684,1.953092217,-1.700791121,1.237316966
2.173148925,5.294927778,-2.421178514,1.670265555,-2.093789816,0.2597266734
-1.097014462,2.417538697,-2.60737124,0.489697963,-0.8689193726,-0.28474769
-0.6153542503,2.236181428,-1.255963353,-0.6451465487,-0.8669013381,0.05371000245
-1.696560756,3.830483002,1.5372499,-1.613973379,-0.2499644756,0.03764421493
-0.3765490013,-2.908629438,2.388828735,-0.09271488339,-0.7530233264,0.05943193659
-0.01496405264,-2.737726344,6.261963715,0.9414916635,-1.272632241,0.5965325236
1.430901403,-0.07322948686,0.06339782868,-0.473025769,0.3612673581,0.464517504
8.58139275,-2.382715221,-5.290306548,-0.5496153831,-1.074404836,-0.3156864345
-2.772674323,5.080529241,-2.308770279,-3.54937768,2.596199751,-1.331266046
0.2242357486,-8.460895317,-5.730502969,-1.472145319,-0.7187945247,0.4005856514
1.188014437,4.829676411,0.7392889653,-1.861328721,0.3142912388,0.1938203722
-0.1302972357,1.476760652,-0.9676969581,-1.458334088,0.04186068848,-0.1413281858
-1.000806397,0.3198147222,1.414865629,-1.334755898,0.5621857643,-0.1077080444
-0.721222855,1.142577213,0.7855261081,-1.188265443,0.5719692111,-0.3086103797
-0.7889213035,0.5005009597,1.60728439,-1.336781383,0.3585041761,-0.5567631125
-1.635333257,-1.623015628,1.862289225,-0.8095909953,0.6272901893,-0.5024732947
-4.020887208,-3.955299469,1.238013855,-0.04550420493,-0.3986176848,0.1920017004
1.551191916,-3.053620678,3.597338263,1.228612542,1.746063828,0.3021218181
-3.022790071,-2.610055073,-4.314006524,3.366598606,0.2464404404,0.7500788569
4.047408136,-2.086143427,-0.03320215851,2.427125454,2.260657549,0.550986588
-0.2811433385,1.768322509,-2.335386191,1.867663383,0.02167000994,0.252976656
-2.214393813,-2.56788591,-3.685275198,1.751582265,-0.4537942708,1.151384115
3.550086098,2.673366392,-7.096296232,2.4958179,-2.730469465,0.8940746188
0.08823357925,3.33195305,0.4196680121,0.6762943268,-1.814803123,0.2775119543
-0.2412903438,3.391787049,-1.291833124,-0.5056623816,-0.4185679853,0.004903852008
-1.542477864,3.574916588,0.8701257147,-1.423664093,-0.3195848763,-0.1878838539
0.3447776063,-3.125066788,2.645107974,0.05810979009,-0.8724237084,0.02313598245
0.9555459901,-3.742891813,5.730953051,1.118700504,-0.7187609076,0.4110527039
-2.467694766,4.643613741,1.239592649,-0.9212565422,-0.1288866252,0.7611930966
9.40033013,-11.62505434,-1.975986185,0.7506418824,0.6283282042,-0.4478191435
-0.9817629659,9.020773763,-3.304375015,-1.68396306,0.7148355246,-0.817612946
-0.2898798949,-3.926993411,-5.744868179,-2.019189119,-0.1420380026,-0.3402143717
-0.5687532427,1.011378352,-0.1259828797,-1.607776284,-0.09146306664,0.5300575495
0.4773913023,2.620269008,0.09541033901,-1.622506499,0.02241497487,0.007705492899
-1.494016323,-0.08701894276,1.084838871,-1.42293179,0.1217444092,0.02108056098
-0.4080918483,1.475120484,0.9240472745,-1.179477811,0.4619066119,-0.1229688972
-0.3636240533,1.153800033,1.094355326,-1.191867828,0.2201941907,-0.4970465899
-1.450365105,-0.3843927006,3.022380905,-1.225073934,0.5949879885,-0.3723546267
-4.590287809,-2.764899597,-0.4769640168,-0.07617108524,-0.2931602895,-0.01032823138
3.15888138,-4.05186833,6.203650642,0.3571024835,1.709652901,0.2717063725
-2.712000366,-5.501861387,-4.187676146,2.700825214,0.9007868767,0.7310572863
3.890454071,-0.807555569,-1.080249059,3.100700617,1.571849704,0.3356720805
-0.3594789163,0.4368383426,-2.853986579,1.797425389,0.4400004745,-0.09879017621
-3.545501693,-2.312545121,-2.312141509,2.282350302,-0.3448337615,0.8091616035
4.269936788,0.9344950188,-5.25031356,2.032677889,-1.421027541,0.8771142364
0.5846883323,4.873273561,0.1355877434,0.822516799,-1.289307356,0.05452813953
-1.143268118,2.590859958,-2.03482182,-0.1333502978,-0.4479083121,-0.01768001169
-1.444610487,2.142316565,-0.7164554945,-1.164147615,-0.7161071301,0.3332164884
-1.301414314,0.8313128767,2.588120304,-0.8724690676,-0.2903569937,0.3821368814
3.365686685,-5.109007147,2.340403142,1.591660619,-0.9812970161,0.1202525645
-4.914966338,2.263867307,2.970324847,0.6089369059,-1.166383505,0.5254775882
4.659742161,-2.799481081,-0.4983376442,-1.027343035,1.372649431,0.2130823731
3.516230883,2.528659815,-3.591392799,-0.6608291864,-0.552151382,-0.7203659415
-1.985087191,2.362674888,-3.215517751,-3.033706188,1.778629065,-1.099185824
-1.409814483,-5.632923469,-3.223867646,-1.529510736,-0.1895393133,0.4067703485
1.706347699,3.957016209,0.5976360767,-1.814353466,0.2390154302,0.1293131709
-0.6614820875,1.092263322,-0.1500549524,-1.604483724,0.3227412105,-0.1496480256
-1.314147539,0.3316583047,0.7660755577,-1.244025946,0.4655096531,-0.2210356593
-0.7016378645,0.6065834994,1.150182427,-1.04835391,0.5901950598,-0.4376931489
-0.5570683578,0.5042822318,1.652021357,-0.9385199547,0.5678551197,-0.5200933218
-2.899541292,-1.657127741,0.06618775166,-0.2660291493,0.7166652679,-0.4403605461
1.386270234,-4.032659187,4.63481201,-0.1091738343,1.105349302,0.06413815916
-3.203949479,-4.714973927,-1.463897663,1.56233716,1.566126943,0.5329160094
0.7181985387,-1.592469098,-2.073786634,2.974424362,1.42887938,0.8024561405
3.775327809,-2.429894905,-1.685090099,2.156010628,1.374272346,0.01779303513
-2.116193259,1.367258659,2.084063113,1.148318172,1.505259156,0.8989071846
-1.786112871,-1.619452967,-6.548769902,1.670551896,-1.419880867,1.849039197
2.668470437,2.952833322,-3.093996235,1.501767278,-3.43269515,1.244262338
0.6739948015,2.004372906,-0.386200919,0.6609607935,-1.898833632,0.9414101839
-0.1292665775,3.680506376,-1.133009758,-0.1744337976,-0.8950476646,0.5020976663
-0.5699250629,2.490526191,0.1079635311,-1.066643715,-0.969424367,0.2281376123
0.2589028651,-0.1651613361,1.391016552,-0.6181817651,-0.5748035908,-0.1152186766
0.9778221193,-4.995204827,3.097083972,1.650217652,-1.300366282,0.1042705253
-5.376842676,1.955131028,2.886341034,0.3975024819,-1.567017794,0.4956112504
2.817983537,-1.847166913,0.6484995641,-1.372860551,0.9488992691,0.3278903067
7.60978936,-2.532279175,-4.728022501,-0.01263277605,-0.6737366915,-0.5566722751
-2.939815435,6.684003717,-0.8712325069,-2.823469162,1.961539388,-1.257401109
1.436228735,-8.456334877,-5.818874495,-1.154114366,-0.6920095682,0.5072455406
1.510014687,3.945143985,0.7273755324,-1.76583612,0.02098130062,0.3843326569
0.3425589073,1.888463384,-1.071308285,-1.530025125,0.06967546791,-0.1372594237
-1.263932725,0.3112216659,1.127853691,-1.53973496,0.4425776899,-0.06666846573
-0.2921922635,1.312348088,-0.292651442,-1.237974405,0.4381766021,-0.2619411945
0.6629372548,-0.2801455596,2.517060563,-1.196040869,0.7865633368,-0.521214664
-1.992676623,-0.1961456724,0.6670002664,-0.8531452417,1.053485513,-0.6069484949
-3.169276809,-3.295833689,0.5832536233,-0.3370744288,-0.3208546042,0.1061750725
1.997706142,-2.13383223,4.703889638,0.270737797,1.929419756,-0.2033453584
-3.543473987,-5.561870157,-4.774114683,2.455528975,0.02044634894,0.6962194443
2.566929048,-0.14925708,-1.675383528,3.474028587,1.026633263,0.4371937513
1.70166977,-0.8075888868,1.680668629,1.211379766,0.8862403035,-0.09700427204
-5.68515693,-3.321193756,-3.566761923,1.872295618,-0.3374603689,1.36232686
3.85041666,1.145748244,-3.571537759,1.380678296,-1.808770299,1.362097859
1.502817177,4.013596175,-3.211021317,1.535402417,-2.51632452,0.6416012049
-1.081853279,2.889606173,-0.7602695017,0.3029723763,-0.8839439154,0.03507147357
-0.6377192269,2.326767708,-0.3114899614,-0.3274269998,-0.5208207965,0.08256722242
-0.9531149636,2.618314367,0.930107013,-0.6777117848,-0.7336817384,0.002901021391
-1.350677819,-2.512523504,2.392028992,0.3408030868,-1.093255281,0.4379405081
-0.70556629,-3.332849707,5.69537145,1.200048685,-1.619587302,0.7483977079
-2.183465152,4.333534231,0.8972527911,-0.4341185987,0.1119912416,1.228320241
12.37939387,-14.05179634,-5.818197619,1.428752303,0.4830527902,-0.3782842755
-0.7005765189,9.916654682,-0.9664230657,-1.577932596,1.743760586,-1.280873775
0.5497609574,-4.163660479,-6.308070217,-2.525268793,1.468731284,-0.465675652
-1.319227619,1.250345514,0.6306245924,-1.755811453,-0.2288702726,0.5642051101
1.630765803,3.640350307,-0.5150784972,-1.669855595,-0.03305757046,-0.1808264554
-0.7039572474,0.6001040742,1.08808516,-1.391775012,0.06588684022,-0.1378568858
-0.2742641004,1.274482176,1.173755026,-1.511781573,0.897081852,-0.322260797
-0.3437105616,1.367266843,0.0865280905,-1.470305562,0.5903579593,-0.4823254347
-1.458704771,-0.07756196311,2.166730291,-1.148762465,0.7074449658,-0.6804812551
-4.682278695,-3.647538757,1.518623087,-0.5077924132,-0.2635991871,0.1514594853
2.357764611,-3.913638255,5.630167448,0.01405578293,1.426359653,0.1392680705
-0.5504898562,-5.918065522,-4.515207726,2.335754871,0.5008068681,0.989235878
2.588795135,-0.17101883,-0.8894692246,3.459689379,1.490865827,0.5597910285
3.240354379,-0.9966875633,0.6098619365,1.851152182,1.00692296,-0.2296625674
-3.795006615,-2.451771221,-2.737283568,2.871806145,-0.3059417307,0.5629882813
2.718346521,0.8161217373,-3.659887366,1.61987257,-1.133179307,0.9211947918
2.442033963,4.378462337,-4.496088599,1.553369403,-2.0255301,0.4102159441
-0.9555101882,3.815073836,-1.006876657,0.1100648567,-0.3230229616,-0.2378324717
-0.771059922,2.318240703,-0.6490545676,-0.8307222724,-0.4328959286,0.2113849968
-1.063572942,1.878098058,2.208691071,-0.8377766013,-0.2206055522,0.1377162337
1.261155807,-7.351789581,2.596333714,1.838042855,-0.7198936939,0.5500840545
-1.894015612,4.141350448,4.186570815,0.8396917582,-0.541062355,0.05253876746
4.316701462,-1.503500775,-0.1262052902,-0.9224101305,0.09107691795,-0.4184773564
5.009938286,-3.969697996,-2.304759874,-0.9381185174,0.2749682963,-0.164773047
-2.324087675,6.099609253,-3.212930657,-2.395610809,1.385182261,-1.069998384
2.058083453,-8.227501571,-3.345020037,-1.879473686,0.2245233655,0.53818506
0.5171520886,3.827697755,-0.4993408299,-1.954164863,0.2864187956,0.3074284494
-0.06470131249,1.693198002,-0.2342109069,-1.886206269,0.1723623872,0.04798037186
-1.217384909,-0.1448743349,0.5333259555,-1.467557311,0.6091483831,0.05512244254
0.1847290831,1.321855337,1.975678142,-0.9020808339,0.1646926552,-0.2870259881
-1.558170523,0.875140328,1.013975967,-1.332130313,1.092043996,-0.2000422031
0.4129883882,0.3276718654,1.764120965,-1.043094277,0.3062335253,-0.528190434
-2.701619258,-2.610104172,-0.3775670923,-0.3436206281,0.3831196725,-0.06728617102
0.8423863517,-4.073295149,6.640223612,-0.2638310194,1.440919518,-0.05347447097
-2.893729683,-6.051465108,-2.263724684,2.312737226,1.488203406,0.2671302855
-1.449964415,-1.333734575,-2.458866148,3.767669201,0.1172014996,0.7521141768
3.767537886,-2.191424002,0.2811296022,1.918297172,1.794869065,0.2885891199
-5.003962134,0.07118716738,-2.562472653,1.96086669,-0.8758875728,0.8539780974
0.5766447266,-1.48170863,-5.411535219,1.919587851,-1.440392613,1.515110135
3.577359305,2.922035448,-5.971053016,2.654864788,-3.576981783,1.298547745
-1.558976871,4.232750382,-0.001632569638,0.5943872929,-1.943680763,0.4457889795
-0.1352104345,2.417048867,-1.93706901,-0.4320756197,-0.9623826146,0.5349857211
-1.211172026,4.485297156,1.5069477,-1.349241495,-0.8041118979,-0.2085102499
1.025836793,-6.352267086,1.030493971,1.432385087,-1.33730185,0.01835869998
-0.7095438154,-0.6797738233,6.513613248,1.033306003,-0.8872569799,0.3972976208
-1.330770465,2.641096692,1.853978931,-1.098131061,-0.2653564811,0.4155578315
9.729019648,-10.60451069,-2.369599426,0.1066454202,-0.3411323726,-0.1756150275
-2.45974673,8.529630415,-2.636679168,-2.230832577,1.463119864,-0.5198361874
-0.617667788,-10.05247419,-4.567171722,-1.50033927,-0.1110787466,0.7946845293
1.378742761,5.015031809,0.1755228634,-2.075768709,0.555174768,0.4476429522
1.047194639,1.676724421,-1.352901633,-1.803532958,0.1836302429,0.02546614967
-1.447914789,0.7617723075,0.9496914189,-1.385956764,0.3895530403,-0.0701077804
-0.4823536008,0.9417086034,0.791906749,-0.9955893755,0.2425843179,-0.1317980438
-0.03935673562,0.4873012864,1.116470712,-1.340514898,0.525189817,-0.3653795123
-0.4502554581,0.3790016552,1.475052825,-0.9798269868,0.8315715194,-0.556465745
-3.654776891,-3.832398481,0.3415339482,-0.2565870881,-0.3503101468,-0.01068133116
0.5107125571,-2.453841598,6.160684192,0.3683084249,1.521862149,0.1659313589
-4.532320189,-5.240948351,-3.430782258,2.686896563,0.5651892424,0.922252059
6.009844226,-1.43061791,-2.091381912,3.420574427,0.8148470521,0.9864577055
0.580966243,-2.133087549,0.8642834184,1.31387949,1.718734384,0.2541880012
-4.715084109,-2.422212534,-4.368227943,2.439251661,-1.290365696,1.268979192
3.248663942,0.7972510327,-3.927602776,1.710084319,-1.676038504,1.311600447
3.214774824,4.561041256,-5.388507395,1.9516294,-3.010574579,0.3889065385
-0.7530420347,2.771719214,-1.698546377,0.1468049586,-1.013447046,-0.3008981347
0.5185353597,2.28209913,-1.064194873,-0.8855091929,-0.103030473,-0.3174685538
-1.032492013,3.665381872,0.05136398427,-1.683503509,0.01849349402,-0.5891618729
-0.2244420849,-1.438410171,1.612536904,-0.361697346,-0.2343663573,0.09856818616
1.67463534,-5.361620557,7.656379261,0.9977816343,0.165379703,0.2645947039
-1.584417455,7.006221409,-0.5755369115,-0.5362786055,0.240258038,0.58923769
13.4697084,-12.48144555,0.1152016657,0.4332940578,1.503432631,-0.3968831003
-2.445206163,11.59062717,-8.095237127,-0.5357945561,-0.1732635498,-0.8821745515
0.9550450549,-1.557859557,-1.790406915,-3.565294504,4.224033833,-0.8911504745
2.109918708,-3.838178817,-4.768590074,-0.8448780775,2.273653269,0.1075377241
1.41664769,4.071531062,-1.121971939,-1.89257443,2.906310081,-0.685392499
0.3752439832,-2.785366047,-4.006542164,-1.441634178,2.80986619,-0.04372676089
0.8141823668,0.6458358978,-1.198573752,-1.837337494,2.972034454,0.1982904077
1.169224031,0.4178887275,-1.87557643,-1.06705308,2.53379488,-0.2138575912
-1.205204349,-0.3185013015,0.4946761991,-0.9255123138,2.301225424,-0.2588382661
0.538973606,1.008895303,0.3901660233,-0.5195201039,2.303016901,-0.5160084367
-1.239584466,0.268513574,0.5755939023,-0.1676206291,2.710965633,-0.3732097149
2.29590276,2.03924139,3.878461144,0.2573158145,4.227954865,0.1228280067
3.048312634,-4.995131762,-3.69419354,1.278713226,4.292050838,0.6219098568
-0.2202516474,-0.2930418661,-3.800210614,3.186395407,2.417072773,-1.409937978
0.6438331797,-2.753318465,1.25815648,1.597139835,1.19084537,-1.632866502
1.832436815,1.242394262,-3.404275652,1.103892684,0.1945706755,-1.665374279
0.4504892668,3.1556782,-3.65434756,0.5234849453,0.01162245497,-1.584688663
-0.2323264084,0.03231237006,-0.07172551204,-0.5507691503,0.6406315565,-0.7318291068
-0.003453063063,1.04837508,-0.3924935894,-0.86284554,0.6296862364,-0.7774988413
-0.5163020477,1.369803083,0.3181675395,-1.366983771,0.9274483919,-0.5010310411
0.009471884961,1.716947126,0.1117968257,-1.372340083,1.128606439,-0.09556756914
0.006731646343,0.2341501167,0.0198322432,-0.6434394121,1.102978826,-0.02596160211
1.410159643,-1.620087173,3.605209435,0.2176005393,2.267569065,-0.2696279287
0.6313640126,2.51053496,2.258152145,-0.1295650601,0.6982592344,-0.3648515046
1.728757391,1.610153808,0.3055550184,-1.802446842,0.4728949368,-0.05521043018
3.613392449,-0.03871580736,1.777153173,-1.685065389,1.580679893,0.3480201066
1.930178666,0.3611994565,0.3933468453,-0.5016967654,0.6816347837,0.2763576508
-0.1778574438,0.6518488745,-2.298327503,-0.6366550922,0.8571058512,0.1713008881
1.738794509,-1.910683984,-1.232558074,-1.184638023,2.160825253,0.7030045986
2.354619737,1.979633602,-2.24550616,-1.769134402,2.450551271,0.5224134922
1.654940167,0.8347662321,1.733451102,-1.174885273,2.769418478,0.01832185686
-0.5596848239,0.4022890073,-0.703278033,-1.47303319,3.182778835,0.1892403364
0.006028685705,0.4316191467,-3.438355324,-1.575754642,1.522326708,0.2670626938
1.75516346,0.6885679551,3.104679834,-1.328824401,2.202886343,0.07339656353
-0.2683684665,0.1775882715,0.95491193,-1.237116098,2.191783905,-0.07714502513
-2.743482131,0.5021230079,2.209729621,-1.198809743,1.241192818,-0.0318832472
-0.3386849885,-0.5129436772,1.332701433,-0.8618196845,1.41617775,0.1538613141
2.179549294,-3.042494303,3.948709569,-0.5571130514,1.833255768,0.1387923509
3.189395176,-2.31702782,3.511342818,0.2393044382,2.365614891,-0.2045413107
-2.291121079,-4.823547699,-3.140406981,2.587374449,1.835807681,0.1407934427
-2.540557758,-1.998628809,-3.227171072,3.463662148,0.3513117135,0.1009657308
0.677130323,-0.8596551741,2.693942147,1.770704865,3.684958458,-0.2021995932
-3.298018632,-1.384798992,-7.500544556,3.028584003,-1.742542148,0.6210275292
2.548285137,0.04329553637,-2.233946801,1.715104103,-1.213506699,0.9909997582
1.380488582,3.517914013,-4.118324962,1.514147282,-1.990939975,0.7838315368
-1.006323845,3.304865137,-1.711943034,0.2431179136,-1.047701001,0.05936118215
-0.9203766232,1.806979279,-1.098418922,-0.4410446286,-0.6567435265,-0.02618916146
0.3855743116,3.580416355,-0.4866793551,-1.183987141,-0.7895559669,-0.1777576208
-0.2880468343,-0.6394248617,1.953142193,-0.03985583782,-0.6174691916,0.09664531052
-1.892778909,-5.531717011,6.821802999,0.7370157242,-1.486490011,0.6630743742
-5.411811113,5.054866392,-0.9090423054,-0.6813471317,-1.049409747,1.293941736
11.8030436,-13.81077107,-1.810276275,-1.574824572,3.252380371,0.3189930022
3.449286467,9.498241638,4.15028165,-1.080127597,1.02259171,-1.35704565
-0.6397482485,0.7249965283,-9.498138178,-1.956598401,0.5564622879,-0.07371471822
-1.930556267,-1.236284839,3.780394153,-1.270318627,-0.9084952474,0.6799950004
0.4205563392,2.541567227,-0.9955332057,-1.248014092,0.9732645154,0.1505479366
0.5884970769,0.5730138227,-1.036435636,-0.9974702001,-0.5713869929,0.007527960464
-0.1265391984,0.7713461915,1.579079455,-1.012566924,0.4993370473,0.0778971836
0.613045535,1.662963023,-0.3807914247,-1.088032007,0.1982750297,-0.2017862499
0.5120831148,1.198254676,1.665225707,-1.203036666,0.2239826173,-0.4716680646
-2.162348568,-0.6221756208,0.9981726873,-0.9220568538,0.6763316989,-0.5283165574
-1.961271577,-2.448973699,1.726763295,-0.4710227847,0.6691321135,-0.1569703072
0.3387918099,-1.838063569,1.703938592,0.6785071492,1.126189709,-0.2082911432
-3.102370972,-5.130048182,-2.285887854,1.993198633,-0.1411017179,0.6614117622
3.01807444,0.817660199,-1.338764386,2.954160213,0.5558648705,-0.1586528867
-1.272000004,0.6337871481,1.945734255,2.441329956,-0.8550620675,-0.353790313
-2.46544085,-2.971959463,-3.198039378,1.943565965,-0.6031650901,1.088226318
5.170303035,-0.9802543149,-3.80137352,1.466973186,-2.529216051,1.236659169
0.3907642814,2.861430465,-3.938174146,2.873508215,-1.65641427,0.6601355672
-0.8255321014,1.905651835,-1.079070955,0.913746953,-1.46298933,0.1650183946
-0.2068871389,2.132701764,-1.757518791,0.219318673,-0.9064595699,0.1604169905
-0.5800976435,3.422237132,-1.248355216,-0.7325717807,-0.2497065812,-0.04588598013
0.8343117663,1.764208059,1.857438131,-1.246721745,-1.035984993,-0.5250892043
0.8858911469,-5.634080822,3.969663217,0.9138893485,-0.8524115086,-0.08373507112
-5.29212558,4.143384584,3.09380305,-0.3053633273,-1.497148752,0.5872166753
1.329399761,-4.615327558,-1.838403176,-2.200782299,0.8935825825,0.1633292735
7.056227841,0.302813903,-4.803240824,0.735632956,-2.567033291,-0.1504844278
-3.677262279,2.336395368,-1.86155638,-2.088124275,1.903811693,-0.08945956081
-0.8361968494,0.2361240471,-5.043743525,-0.8714265227,-3.242224693,0.633816123
-0.2224336676,0.8792699752,6.222032102,-1.062941194,1.927460313,0.465965569
1.080590128,0.9997335069,-4.098047897,-0.7309592962,-0.63045609,0.03655948117
-1.284257135,0.391987978,1.839110448,-0.9062550664,-0.5311200023,-0.0343689099
-1.226113866,1.117046466,0.02395955226,-1.029513717,-0.05758434907,-0.08298837394
-0.7306934248,1.023888874,0.5208452806,-0.9665588737,-0.519843936,-0.2959416509
-0.2271133499,-0.5201712903,2.290697447,-0.8356854916,0.07043293864,-0.2199756354
-1.102063708,-0.2832330043,0.2142050607,0.2928859591,0.3793211281,-0.348518312
-0.8538362587,-4.216334085,3.760984519,0.0006625698879,0.4246730804,-0.1915121973
-6.157316177,-4.773615501,-1.139747542,2.30263257,0.5085173249,-0.1175643206
4.133328177,-1.417878255,-2.581874103,2.765679836,0.4702118039,1.034852743
2.072247734,-1.854002312,-0.6090462362,2.569121838,1.022665977,-0.4046840072
-5.186155269,0.6124573598,-4.486696502,1.537968993,0.3047181368,0.7840706706
-1.638115289,-1.488926891,-3.057889441,1.743356228,-1.974345088,1.347889423
3.382919268,2.258209135,-5.88688654,1.826353908,-2.666671753,0.709577322
-0.6976509869,1.874576898,0.9983870607,0.5808615685,-1.67648375,0.4537907541
-0.0104455523,0.6150041217,-1.643902641,0.2849701643,-0.7501835823,0.4841099381
-0.1176589957,2.041281956,-1.48344466,-0.2363188714,-1.010030746,0.2547736764
-0.9888514629,1.864281714,0.3689379418,-0.567088306,-1.33982718,0.01601902023
-1.079568091,-1.986439774,1.402723648,0.3288427591,-1.627400994,0.5296129584
1.790513298,-3.243516058,5.363628974,0.8920745254,-1.046599627,0.7167711258
-1.963298553,5.677371683,-0.01867722794,-0.1942111105,-1.615163565,0.6137102842
2.27860778,-2.065299961,1.72077253,-1.050332546,-1.20021677,0.3733643591
7.315051211,-6.785854318,-7.113911968,1.463934302,-1.221396208,-0.5090867281
-4.465816503,5.998164895,-2.655520062,-1.500935793,0.7473499179,0.2031304687
-2.398220833,-7.341011582,-4.560351228,-1.766337752,0.1734779328,1.262058377
1.564582436,4.004104708,-0.9679834469,-1.408481002,-0.3826124966,0.3896849155
0.8495873691,0.3944686889,0.07465425897,-1.470157266,0.5661092997,0.1718598902
-0.5226090389,0.9158476015,-1.355972711,-0.9940211177,-0.2072729319,-0.1072628051
-1.600411582,0.4867068276,0.8939736233,-0.8058561087,-0.08618680388,-0.123338595
0.08970379793,0.4980015441,0.4118739972,-0.8717045188,-0.09155657142,-0.2525444925
0.9310396176,0.7286153033,1.084212118,-0.8871318102,1.128061533,-0.3941549063
0.5055056361,-0.2560673494,0.1206271979,-0.9476161003,0.8809911609,-0.4046852887
-6.027214463,-3.707612409,-0.5059066181,-0.8467704654,-0.04967115074,0.4275322855
-0.1064192243,-1.546432154,4.700153374,0.3789736927,1.693417192,-0.2409118116
-3.051185852,-3.355215268,-2.156210066,2.152689695,-0.1382214725,0.3122856319
2.180907285,-2.21272398,-1.416256791,2.503031015,0.7687636018,0.3403165638
2.878483599,-0.9355985961,-0.7243675828,2.376571655,1.669440985,-0.1165090352
-3.178064803,-0.01514379312,-3.065866119,1.688251019,-0.4895088375,0.5987240076
0.158170162,-0.01149228487,-3.192835087,1.875710607,-1.608996511,0.9310109615
1.070735381,1.696533284,-3.522574991,1.532151699,-2.655200243,0.8011559844
0.4735138763,1.585838282,-1.694845769,0.825799644,-1.438983083,0.5037935376
0.6002239012,1.816969343,-1.149863278,0.1932308227,-0.5689285994,0.4177955389
-0.3269853445,1.391807994,-1.088359885,-0.5861688256,-0.420530051,0.3303225338
0.2081565744,1.929454151,0.4214472967,-1.012433887,-0.1737389266,0.2195017338
0.5620533066,-0.9548977553,1.133653025,0.07039315999,-1.232043982,0.7495974302
-0.2716438349,-2.273564525,6.478208173,0.3485625982,0.7292945981,0.7201099992
-0.7982489576,4.683698499,0.08306845157,-0.4660766125,-1.383909941,0.6314147115
4.716826277,-2.584042095,0.5986658581,-1.367478251,1.344280601,0.03282612562
11.45696572,-3.247890035,-9.160977768,1.525421739,-0.8903526664,-0.610750854
-1.111684646,6.056498426,-1.162364448,-2.483412027,1.99838531,-0.3495444059
-1.200785145,-6.178239138,-5.057094004,-1.856390953,2.199753523,0.800324142
3.778611945,4.440525702,-1.163244445,-1.337386012,1.530262113,0.08705088496
2.162529916,-0.2519733581,-0.8776935196,-1.39155972,2.484315872,-0.02274059504
0.2218536758,0.5890384903,-1.648863916,-1.115536213,2.334093094,0.0919560343
0.2809361255,-0.4446580764,-2.054015766,-1.337061167,1.726592898,0.05154947937
-1.248314008,-0.1703261715,0.7705623477,-0.6810881495,1.54970932,0.04923919216
1.00363256,0.3298585618,-0.5863444289,-0.5856536031,1.591265917,-0.1514555514
-0.1481459039,-0.03282207315,2.008584971,-0.7384721041,1.930814981,-0.1910507679
0.02610387081,-0.01897182697,1.156906767,-0.6994757056,1.812829256,-0.0724247992
2.081957081,-0.8396230244,3.701857791,-0.6428684592,2.349358559,0.1002822593
1.51677819,0.1157826804,1.718621781,-0.02551834844,2.465121269,-0.1622874439
0.6566168196,-6.027562838,-2.544849318,2.010698318,2.260044336,0.6656224728
2.44612474,-0.1723304971,-2.405910803,3.004445314,3.435319662,0.09599606693
3.24664851,-1.359113347,-2.462649173,2.446341038,2.225978613,-0.7599775195
-0.7340411278,-1.345862236,-1.44509564,2.83840704,0.5992014408,-0.3823329806
0.7633123766,0.820505067,-2.544040632,1.860731006,-0.339735508,-0.3967319131
1.360057934,3.715624451,-1.452362708,0.6645250916,-0.3454102576,-1.067217112
0.5890887592,2.174109879,-1.649075367,-0.5262544155,0.5950725079,-1.245905042
-0.0298620543,1.687664918,-0.3546171555,-1.381311417,0.9893654585,-0.8373153806
-0.8659478445,2.10748549,0.6458692156,-1.888162732,1.367285967,-0.1191492528
0.1556216466,0.739288673,1.076673246,-1.265920043,0.9967225194,0.4089311957
2.007301945,-2.907856116,4.083569582,0.5305726528,1.702581525,0.1720866859
-0.4456280905,5.470395989,3.628338674,-0.2573459446,-0.3932607174,-0.096948497
3.696428752,2.01545661,-0.6210705821,-1.750803709,1.985300899,0.625463903
14.74544262,-15.11424203,-2.848744586,0.6101147532,1.249366522,-0.1768759638
-4.469685746,10.1349853,0.2050412188,-2.187873363,3.931007147,-0.9512908459
2.738610725,-4.936475574,-8.822808474,-1.799299955,1.027050495,0.1872861534
0.1606446624,0.8449497724,3.364606197,-1.48185277,2.383073807,0.2712269723
3.15498145,0.5728396352,-0.05896886979,-1.363335133,3.841451406,-0.06365803629
0.9541062396,1.127600593,-4.380328131,-1.119817138,2.012466908,-0.1142822057
-0.4125315843,-1.071162082,-0.03834638953,-1.286151886,1.959030032,0.09739142656
-1.513660642,0.3044470572,-0.2691678002,-0.7057800293,1.324403882,-0.05438145995
0.06016125791,-0.1833966655,2.251571451,-0.5410190821,1.335903883,-0.1909080148
0.7871649613,0.9350994144,2.102805077,-0.7273035645,1.757013321,-0.3032456338
-0.5448348992,-0.1384060156,2.503999421,-0.7096216679,1.982273936,-0.1323742718
1.337412241,-2.037441063,5.561484957,-0.7106454372,2.535788298,0.1536556482
1.696137124,-0.7922919489,0.6812300134,0.8742758036,2.939851046,-0.1106444597
-0.8110751215,-4.266391955,-3.72423212,2.84296608,2.015369177,0.5168704391
3.409354855,1.505589272,-0.2072539264,2.665052176,4.089434624,0.04721827805
-1.935442139,-2.576100196,-2.731047304,1.993584991,0.07854288071,-0.09718310833
-1.983913763,0.07761047843,-1.535648894,2.717938662,-0.8824971914,0.1768043786
2.915380666,2.109907164,-3.143366123,1.657273173,-1.49470973,0.04317213222
1.316952075,1.727199056,-1.496762407,0.7326623201,-0.9599903822,-0.282885462
0.5014169055,1.692629847,-1.50015088,-0.2297420055,0.1953635216,-0.4284203053
0.09848828515,1.880931235,-0.9077581108,-0.9271500707,0.6798094511,-0.4273911119
0.08954743833,2.684992532,-0.2803618327,-1.521012902,0.6994418502,-0.1712778211
0.2386110416,-0.8728414034,1.868718527,-0.8304201365,-0.1365995109,0.5844388008
-2.481534491,-3.543863863,4.476323869,0.5675871968,1.258120537,0.7466189265
1.678623825,2.126151612,0.008693009543,0.2747827768,-1.648999572,0.2949654758
1.318262719,2.619576934,1.381373402,-1.634544969,0.2753814459,0.2220681161
5.264974538,-3.160992088,-0.910839564,-2.077683687,2.795578718,-0.2130752206
3.14833982,1.005316275,-0.5522843384,0.7309750915,0.2288625985,-0.3996963501
-2.287544535,2.769035674,-3.228794874,-1.44380486,1.055365324,-0.2268235236
0.3168209472,-2.331751926,0.1094644372,-0.8650366664,0.2517090738,0.5874882936
2.846643522,1.949946319,0.8260240496,-1.680253863,3.014519691,0.331961453
2.019523421,1.28984458,-3.052861968,-0.98067981,1.127687573,0.006065077614
-0.5691382234,-0.3044979106,1.126800382,-1.330507517,2.082402945,0.02318933979
-0.3642714113,-0.1399111595,-1.48813311,-1.089375138,1.039095879,0.06913954765
-0.2575886407,0.3591594751,1.869711338,-0.8926923275,1.445103526,-0.1094975844
-0.4077161469,0.68720485,1.471096489,-0.9434068203,1.200926423,-0.1963314265
-0.5329324261,-0.2254974391,2.326166527,-0.9298284054,1.2275213,-0.3611073494
0.7033939144,-1.768027325,2.766705478,-0.5752426982,1.31879282,0.04823997617
2.352321836,-2.131838425,4.550322294,0.07984430343,2.014620304,-0.03532417864
-1.153026272,-2.22136146,-0.3667132515,2.338073492,2.473783493,-0.1182948202
-2.209106228,-3.605778175,-4.562201532,3.577573538,1.339954734,0.7178832889
4.277800653,-2.512202017,1.210183891,2.341026545,3.76371789,-0.2291140258
-4.322619454,0.4445961171,-4.997247731,2.634232521,-1.273820519,0.2447177172
-1.163812455,-0.8978127631,-1.365557701,1.59941411,-1.408873916,0.7856880426
4.41247099,3.418624203,-6.326836877,2.068842173,-2.631200075,0.5364440084
-0.6377782636,3.760967568,-0.03130962276,0.2374962568,-0.5749167204,-0.2861256599
-0.2905122015,1.452486042,-1.001732864,-0.5848620534,0.002889844589,-0.09659857303
-0.8810935373,1.64169987,-0.3251069834,-0.8898050785,-0.7412897944,-0.09679660201
-0.7105304883,0.4137298542,0.8782423857,-0.6446462274,-0.8894758821,0.06711217016
-0.001371142223,-3.045493485,2.449571665,0.8046546578,-0.6447414756,0.5815038085
-1.878553108,3.116283762,4.91383938,-0.0590890497,-1.279273391,0.3252350688
0.2701227628,2.234806632,-1.910840928,-1.238603354,-0.5594534278,0.4923068583
8.437292323,-10.41798975,0.003460661848,-1.054672241,1.438213944,-0.06611634046
-0.9057532007,3.790551974,-0.07758388268,-0.01124613639,0.7683171034,-0.3721962571
-1.397535724,-0.8237444873,-7.805326545,-1.908953786,1.754146457,0.5688747168
1.291237057,0.9345160616,-1.176489565,-0.9087707996,-2.938876629,0.3200701177
1.19928738,1.156018294,5.122120896,-1.559843779,3.221978903,0.2039819658
-0.09573518705,0.8976724778,-5.516569126,-0.8160560131,-0.354005456,-0.0433053188
-1.890509795,0.09293898046,3.910321678,-1.269554257,0.6919465065,0.1566151232
0.1537812794,1.123313125,0.00483458055,-1.105462909,0.7025945783,0.002033801749
0.3105471276,1.024962641,0.6802285813,-0.9789811373,0.4501139224,-0.3122417033
-0.1909375824,0.1808177549,0.8593664203,-0.8569276929,0.6473329067,-0.3574442267
-0.7866803927,-1.779009907,1.388954212,-0.387242496,0.976388216,-0.07311141491
0.8289435173,-4.501287922,3.559417406,0.4501098692,0.8834841847,-0.06496933848
-3.155655696,-5.956001577,-0.8045417742,2.512633562,1.565180302,0.2844901383
-0.008873334546,-1.007670145,-3.524699728,3.575280905,0.9209242463,-0.1309925765
0.7088777527,-0.3221358586,-0.8705141295,1.620602012,1.329242587,-0.4700579643
-8.589349262,-4.312199767,-0.4154784515,2.758615017,-2.082964659,1.152317405
0.7011002505,-0.02418985388,-2.205347898,0.5163890123,-1.597798347,0.9858778119
2.997359277,3.380975148,-7.534749608,2.173311234,-2.181512833,0.9326089621
-1.795230828,1.686712731,3.614869828,0.3740125895,-1.40349412,0.7060933709
-1.031281761,0.7025356902,-1.972071642,0.3179620802,-0.9707867503,0.4031539559
-1.067198877,2.404224457,-0.8355173427,-0.1193045154,-1.47714448,0.1445649713
-1.255693597,1.356344467,0.1037064582,-0.4300164282,-1.794017673,0.2217212766
-0.8672568813,-2.603239547,1.342161627,0.6407130361,-1.743787885,0.4340538085
-0.4216340515,-1.454718916,5.069121127,0.5637176633,-1.746906757,0.5774491429
-2.374643558,4.245217065,0.6539359099,-0.5280107856,-2.031463861,0.5327800512
2.099949541,-2.537672558,0.296805018,-1.251045108,-0.5595607758,-0.06669893861
1.912460346,-6.650709935,-4.267995299,0.9933722615,-2.172607183,-0.2508816719
-5.868244968,2.378093406,-1.611851844,-1.449625969,0.4199835658,0.2715588808
-0.9918497679,-0.9498702826,-7.722997806,-1.682854176,-2.018833876,1.544552326
2.516298931,0.8914952505,5.07854362,-0.9885144234,0.0941971764,0.4108295441
-0.06107581547,1.315577572,-3.490482986,-0.6014065742,-0.4233877361,-0.01519312523
-1.856313511,-0.7511597281,1.367817462,-0.7962611914,-0.9951474071,-0.01177363656
-1.949617526,0.4797089316,0.1988134303,-1.021906137,0.06409137696,0.1970785111
-0.2225011799,0.6228507436,0.5557505898,-0.6612590551,-0.6143667698,-0.144249782
-0.7276724695,0.6812842278,0.6136773301,-0.7877834439,0.1887956858,-0.3654431701
-1.733513061,-0.3154360687,0.6644423986,-0.6786967516,0.03950544447,-0.5136463642
0.311105346,-2.441207741,1.383770234,-0.1793750823,0.3010115623,-0.5479815602
-3.615899171,-4.497060659,2.025500596,-0.09180111438,-0.09639073908,-0.3233720064
-5.484903237,-4.453260096,-1.11244679,1.78996408,0.6453365088,0.03135612607
0.4127057719,-3.246017227,-2.444645899,3.089510918,-0.4725568593,0.2883715332
-1.24696084,0.4214806145,-0.06763385881,2.920017481,-0.4164881706,-0.002088922076
-6.149464879,0.2322346384,-3.316347193,1.573001623,-1.649219275,0.8263064623
-1.88881965,-2.492614688,-4.018454721,1.267275095,-2.327418804,1.562343597
2.727385567,-0.9914034854,-5.317902995,1.328142047,-3.251338243,1.774568677
0.9627449617,1.795809651,-3.966599153,1.813635468,-4.033733368,1.341707587
-0.5733452466,0.0312479557,1.559232599,0.9545478225,-2.74917078,1.142561316
1.779695843,0.6002507892,-2.689742065,1.490295291,-2.17425108,0.6132453084
-0.08603373112,5.07109798,0.932517289,0.2810904384,-1.468625426,0.3036374152
-2.548888072,2.217214862,1.046545235,-0.03671726584,-1.50298214,0.6428191662
-2.50502701,-5.185488329,4.007115288,1.381069183,-1.604918838,1.091103554
-3.134492204,3.299502149,5.24885284,0.3382487893,-2.125244617,1.21056056
1.609491106,0.6588830109,-0.5704948256,-1.081840515,0.4487167895,0.7380533218
12.10908055,-14.21840729,-10.90692244,2.096220255,-1.991846442,-1.18675983
-4.692226673,11.00006367,-1.386914669,-3.017585039,1.245083094,-0.341540128
-3.923876156,-8.45140385,-7.283949386,-1.417726159,2.497376442,0.556278348
2.796921168,1.835147974,1.328506027,-1.468963027,-1.384147167,0.6691375375
2.220293246,2.29032686,-0.7710287962,-1.229302168,1.238083839,0.01910290122
-0.46255979,0.7343839499,-1.987964792,-0.7410987616,-0.06961164623,-0.1007650346
-1.384622905,0.7219055766,0.566691634,-1.073785543,0.5301106572,0.001276767813
-0.179171449,1.366386553,0.6703752958,-1.243473411,-0.212711513,-0.2648771405
-0.5549133718,-0.08519172733,2.043167624,-1.07191515,0.9667851925,-0.2809256315
0.3634742696,-0.9969085126,0.5652397547,-0.8719534874,0.3724718392,-0.1683462262
-2.076608121,-1.358425949,1.781349164,-0.3174848258,0.46468243,-0.1433260739
0.3094561175,-0.6652700816,3.363381039,-0.2979402542,1.190883517,-0.4166743755
-1.975948191,-1.959944566,0.1087456214,0.6301127672,0.9729503989,-0.2680725455
-2.141526584,-2.996806904,-3.565016541,2.565925837,-0.5317446589,-0.09943786263
3.598332535,-3.216778857,-1.574112773,2.990373373,-0.2147068232,0.03332738206
-3.909977395,-0.5095166253,-0.1527168651,1.458431482,0.9087415934,0.6528674364
-4.263312694,-1.353341778,-1.314438631,0.7189326882,-1.54677248,1.003757596
0.9137699184,1.106464281,-6.838686329,1.127527237,-2.681143045,1.116643548
0.3779528768,0.6753571759,-3.926252238,1.306370258,-4.248805523,1.247151971
-1.386831959,-0.03618132045,0.02122135947,0.6496639848,-2.9183743,0.8470498919
0.2399307459,-0.5969564238,-2.627804957,1.303946137,-3.328697681,0.445315212
0.2377987023,-0.4945183782,-0.5268415619,1.345934987,-2.857688904,0.3900491595
-1.936388334,0.4841711717,0.1641299472,1.228728771,-2.128027439,0.4506021142
-1.132083291,0.3928308586,0.1180915419,1.010840774,-1.704879284,1.094807267
-0.9755433608,-1.436900935,0.508906969,1.410969257,-1.819445491,1.501619816
-2.5039889,3.487531735,1.621105702,0.5424162745,-2.139546871,1.22309196
-1.842063744,2.561661921,1.877211922,-0.8212937117,-1.261564851,1.180813789
3.091301297,-9.574483751,1.726269958,-0.6863241792,0.1013247967,-0.7682493329
2.643493816,3.758481011,-0.3350356722,0.2045519352,-2.074279785,-0.8527596593
-4.077406676,0.5328530772,-5.982464637,-2.003042221,1.929256797,-0.3519498706
1.772724835,-5.06066368,-6.287144333,-1.307552457,-1.902987003,1.064691544
2.64694308,4.318634768,3.224237941,-0.3835951984,-0.1983846575,-0.04180170223
-3.367428853,-2.155067325,-0.03863251299,-0.5395131707,-0.1037449613,0.305039078
-0.3456958902,1.260325056,-0.2525602181,-0.6654451489,-1.08653307,0.3121220171
0.4545929027,-0.06675590693,-0.3862123903,-0.9667539597,-0.3645403683,0.2006017566
-0.1225374154,0.6696031424,1.191485913,-0.6574513316,-0.2111409605,-0.156576097
-0.8226160678,0.6403197648,1.412213653,-1.09523046,0.0626758039,-0.2034887373
-1.656563969,0.0296136325,1.825397564,-0.8055379987,0.1983976513,-0.2220132947
-2.57467747,-0.7326777305,-0.9448192828,-0.2836651504,-0.278486073,-0.1742662787
-0.8186474564,-1.797415332,1.209525427,-0.4347222447,-0.1008084863,-0.3515313566
-1.603373646,-2.819098805,1.828102001,0.1496100724,0.3768966794,-0.4893122613
-5.57976471,-4.077205016,-2.337399576,1.512493849,-0.9825450778,0.1890815645
2.636930512,-1.070358949,-1.434389245,2.033493757,-0.3050951958,0.127851367
0.7192953941,0.1028951418,-1.838526072,2.80219245,0.1979391575,-0.3669345379
-2.618445008,-0.5473328535,0.9970306777,1.893489361,0.19272843,0.07244601846
-2.726549116,-1.63207864,-3.555803599,1.595986128,-0.1028193161,1.044597745
2.002741798,1.148266949,-5.771412487,0.7293579578,-2.499264479,1.058467388
-0.2362102641,0.2185357834,-1.157290798,0.5110085011,-1.878027678,0.9954976439
0.3063514295,0.01783785451,-3.317689255,0.4773040116,-2.352086544,0.8109495044
0.7769172697,0.3055558952,-1.760135695,1.116138101,-1.726058245,0.4491251111
0.8910580281,1.805393471,-0.3055123483,1.470241547,-1.70198679,0.05748303607
-1.504386618,0.9324345791,0.7116863804,1.105577469,-1.308762074,0.7761691809
-1.114659863,-2.363962589,1.651724712,1.47843039,-1.240390658,1.435417533
-2.587996678,3.180426272,1.74289113,0.08796817064,-1.916732311,1.427499533
-0.5719783422,1.900833621,0.8271990117,-0.8566462398,-0.8596366644,0.9424219131
-1.659423743,1.479037365,1.527598859,-1.504626155,-0.76584059,0.9263435602
4.693486318,-14.69631706,0.6156549868,-1.501873255,2.798476934,-0.07150810957
2.216555959,8.095150618,7.715377394,0.4126773775,-0.7397197485,-1.190734029
-1.802013766,0.2101227599,-8.241911789,-2.516468525,1.254425049,-0.4855325818
-0.7989020147,-2.169091759,-3.386122447,-0.5590949059,-1.276564002,1.126107216
4.088646739,4.023561104,2.302674738,-1.102769732,1.855650902,0.1361356229
0.8065845321,0.3221101397,-3.47870487,-0.7596802115,0.2477397025,-0.1278797686
-1.08058209,0.3472580249,0.7329845314,-0.6745841503,-0.1841600686,-0.01263121236
-0.8532081899,0.7128805586,0.6267161868,-1.196775079,1.148704171,-0.002791098319
0.4257752429,0.5283779777,-0.306523279,-1.24577415,-0.3782815039,-0.44186607
-1.381544667,0.4820651393,3.567164659,-1.108854532,0.8933500051,-0.3547112048
-1.156618598,0.4512602512,0.1375590434,-0.4674037397,0.3247402012,-0.2350725383
0.2004044989,-1.793598404,1.886286186,-0.5461937785,0.4346024394,-0.05476761609
-1.053552483,-1.908979518,1.057233071,-0.3582662344,0.2739071548,-0.249764666
-3.043933689,-2.37687234,1.744544304,0.591216445,0.2618417144,-0.2279374003
-2.287930904,-3.03243702,-2.612563841,1.852985382,-1.125111699,0.6086674929
3.510271097,0.598655629,-1.78969146,2.687161684,0.1715108007,0.2879950702
2.009407101,0.8865174621,0.8454175361,1.990429163,0.8981913924,-0.2474976629
-2.676745805,-1.466987446,-0.2593433024,1.110858798,0.396448791,0.640824914
0.1123757946,-1.273878365,-6.181999367,1.79954493,-2.72597146,0.9761063457
2.318808127,0.8113438554,-2.203474798,1.779762149,-2.013941765,0.7185924053
0.6085781803,2.558680859,-1.208823417,0.9121621251,-1.399491906,0.425850004
-0.09457856436,1.7220652,-1.098057103,0.4563225508,-0.8677490354,0.08701934665
0.4073039128,1.83345929,-1.039677395,-0.1161983535,-0.64350003,-0.04465265572
-0.1974798436,1.699694378,0.3091910369,-0.3667550385,-0.2957681715,-0.024280807
0.08820625285,-0.1279530107,0.6671238928,-0.08418189734,-0.5443062782,0.4438423216
0.4257825495,-2.179209248,5.462966131,0.3492177427,0.4252406657,0.5094369054
-1.541493529,4.879586397,1.006766182,-0.4470686615,-1.318257093,0.4916637838
1.952742526,-0.8695376857,1.811746932,-1.801812649,1.196841359,0.5859494209
10.27190254,-10.20615201,-4.606923594,0.4977243841,0.5855693221,-0.2646912634
-4.024319813,9.415751571,2.211871455,-1.932476044,1.751083016,-1.140315533
0.9130442345,-8.289849599,-10.44105148,-1.341572762,-0.3189114928,0.5792281032
0.75348028,2.596696409,4.93434207,-1.452713966,0.9328243136,0.9743004441
3.741226802,1.785795037,-2.771164503,-1.085671067,2.007218599,-0.1252649426
-0.526544917,0.08925415447,-1.29595751,-0.9259498715,0.03157499433,-0.004392584786
-0.9446855734,0.2681283741,2.155627882,-1.178157091,1.54643929,0.08881071955
0.1016419269,1.09632458,-1.098193881,-1.075425625,0.2347458005,-0.2506624162
0.401136184,0.7580319519,1.960011786,-1.107552648,1.22541213,-0.407296896
-2.861437479,-0.2840063267,1.338049078,-0.8390133977,0.7224388719,-0.5555590391
-1.593898839,-2.112887641,0.5243338168,-0.609916091,0.08145463467,0.1929654926
3.742419519,-1.252873571,4.958469964,-0.1810379326,1.867233515,-0.1445042938
-0.6914402957,-5.107682036,-2.170789211,1.719507575,1.470519066,0.4673321843
2.416025369,-3.118900082,-1.710650656,2.703809977,1.913625717,0.8255341649
3.317699484,1.439134978,-0.9945451445,2.820081949,0.9280325174,-0.6229237318
-2.729085357,-0.6168962191,-0.6725804046,1.475337625,0.331390053,-0.09096117318
-0.2604989021,-0.8081213862,-4.222669133,2.510861397,-0.8692148924,0.3171272576
1.969913879,2.104030966,-2.966904517,1.447369814,-1.234777689,0.375751555
1.196331599,3.191313577,-1.365975634,0.5983098745,-0.6326407194,-0.0007413960993
-0.3272055631,1.545859907,-1.172834696,-0.03581883013,-0.3031781316,0.17125687
-0.844999749,2.112796456,-0.3715612761,-0.7863012552,0.2981654406,0.3381339908
-0.2428931028,2.458518942,0.3280494666,-1.12826848,0.2231141776,0.5741184354
-0.8598809457,-2.14115512,1.914571931,-0.05605804175,-0.8952845931,0.6061232686
2.787485815,-2.019403302,5.511762603,0.4391757548,-0.2190006673,0.3535965681
0.6601368104,5.221868387,1.893100396,-0.464658916,-1.298377275,0.1188888699
4.003507327,-0.08350538168,0.7424231717,-2.058949947,2.254383087,0.6238791943
12.1254308,-13.07071142,-6.560683042,1.416897178,-0.386516422,-0.1633520126
-3.056785279,9.759714646,1.660114355,-2.383985281,2.344650269,-0.9108677506
-0.5796832175,-8.482912503,-10.63168745,-1.258816838,-0.01282045059,0.905931294
3.321999227,2.109181188,5.629360808,-1.188094378,1.045146346,0.7686447501
2.711160116,2.33364227,-1.847797612,-1.122163773,2.649025679,-0.01324933115
0.1837415334,0.2637619956,-3.244891438,-1.143706441,0.1993368566,0.01340185199
-0.3672857907,0.5191361021,2.665224587,-1.234267592,1.336954236,0.2040596753
1.334739076,0.8631804256,-1.135356541,-0.8852182031,0.6180641651,-0.07771101594
-0.4793724661,0.1638192738,1.969279235,-0.9186837077,1.31827414,-0.0112458365
1.456921395,-0.3084592155,0.2811877622,-0.9107230902,1.77489996,-0.006997161545
0.8002113438,-0.5073614931,1.875745357,-0.694236815,2.005062819,-0.1537008584
1.619239324,-0.3461018406,2.913647559,-0.5278970003,2.083310604,-0.1320208609
-0.1253238312,-1.082199024,3.838103999,-0.07900305092,2.278637648,-0.2270433754
-0.3447944113,-4.610035881,-1.866017159,2.100922108,1.666330457,0.5184757113
1.867943597,-4.161570814,-4.70930348,3.321601629,2.123709202,0.9040695429
1.594262996,-1.977321817,3.979105876,1.501092196,2.331467628,-0.5645614862
-5.352625934,-0.6478109973,-3.282317497,1.823091984,0.03040258586,0.1263431907
3.899969795,1.55421331,-5.66357872,1.456471324,-0.8121629357,0.1549984068
3.140487645,2.217127183,-3.643308864,2.131551027,-1.794570446,0.2172215581
-0.8829257212,3.181818603,2.358129061,0.3746221662,0.3886966109,-0.3611620367
0.02191620986,0.9041694386,-1.749332854,-0.1264230758,-0.0346927233,-0.2707407773
0.4324553052,1.537730961,-0.1635489325,-0.4498826861,0.120664902,-0.03854762763
-0.5243748795,-0.1838742199,0.5399474194,-0.245960325,-0.167834416,0.2185993493
-0.5352613074,-0.09917290641,1.986402365,-0.1137010679,-0.1606428176,0.3769096434
1.813619156,-0.908839184,2.445451078,0.1997780651,-1.010045886,-0.01362510398
-0.3209519095,4.060410533,2.120324513,-0.9499749541,-0.4398399293,0.1327321082
3.256553526,0.6199041687,0.3251417624,-1.787028432,1.756092548,0.4320704937
12.48180912,-12.86575349,-3.527581713,0.7879401445,0.3562887609,-0.3253518343
-4.594275417,6.358198814,2.810782228,-1.42942214,2.221485376,-0.7282890081
1.173230417,-4.759675823,-9.291039734,-1.741722584,2.080064058,1.006086707
3.99385424,2.020003606,-1.244066141,-1.720964313,-0.3271936476,0.6662319899
2.304368829,1.894255412,4.338847535,-0.8985863328,3.360689402,-0.2747576237
-1.908964613,-0.2307715801,-5.326553919,-1.120662212,1.403584123,0.1209047511
-0.04410407627,0.3542863161,1.620019953,-0.9199869633,0.8145402074,0.01446912065
1.286008801,1.057116605,0.0625350013,-0.9008310437,1.485735178,-0.1881100833
-0.02181691421,0.4325543817,0.5403934827,-0.7768068314,0.9926330447,-0.2345138043
-0.8151461703,-0.1604839919,0.9566768938,-0.68227911,1.590496063,-0.1698003113
0.2747982803,-0.5231225414,0.9013736704,-0.5644813776,1.528637171,-0.006004060619
0.9304367564,-1.03763566,3.439728073,-0.5730087757,2.21676898,-0.01079069357
0.2185831297,-0.9842904386,2.460646601,-0.2865624726,1.726124644,-0.1681105494
-1.197096592,-1.49190503,1.771703383,0.6467003226,1.387545228,0.02791555785
-0.4140783754,-3.68039181,-3.107741559,2.793962717,0.7224081755,0.530112505
6.117943951,1.708257039,-0.7431027514,2.858205557,2.998790979,-0.1669226289
0.1450650351,-0.7037240232,-1.510706322,1.616416931,0.6903139949,-0.854308188
-1.545251128,-2.226422835,-1.313104168,2.447058201,0.2102424204,-0.05395028368
3.323848654,1.398421275,-4.996138308,1.68349278,-0.4583874047,-0.2532824278
1.65653825,3.717945587,-0.07787146745,0.6790236235,-0.4330981076,-0.9510628581
-0.02824029832,1.068299678,-1.407190272,-0.02269384265,0.4427668452,-1.051769376
-0.4538724795,0.9165753312,-0.3971647961,-0.5158557296,0.5454131365,-0.5966755748
-0.2226239295,1.772628681,0.5388125702,-0.9842730165,0.8290134072,0.1869086921
-0.03074365944,1.029953289,0.004133738804,-1.002382636,0.6780503988,0.3021802604
1.217334932,-0.9427303477,2.548751586,-0.1352894008,1.176694393,0.1039285809
1.56766725,0.64023384,3.620771746,-0.09679989517,-0.5703168511,-0.3476728201
-1.670320692,4.109357227,0.8000430015,-1.465413809,-0.02536819316,0.02839293703
5.318551815,-3.084302816,1.431894798,-1.660660982,2.726991653,0.3906475604
5.233306311,-5.402635289,-4.07821127,1.313771129,-0.1204571277,-0.3203928769
-3.613087037,7.329122406,-1.772776273,-2.585206747,2.219037771,-0.8732867241
1.724185991,-7.760176905,-5.834905593,-0.4666222334,-0.2338107824,0.5478383303
0.5805788511,2.168499054,4.504454277,-1.603849173,2.925284147,0.6749196053
2.881000842,1.741581801,-2.580638424,-0.9323484898,1.681865335,-0.05427224189
-0.6356568875,0.3470359066,-0.8669288914,-0.8965160847,0.9521972537,-0.09702862799
-0.7226198623,0.0490963316,0.5132113882,-1.213054657,0.6779202819,0.1790073514
0.3341202379,0.93825291,1.102965333,-0.9340469837,1.022178292,-0.08363013715
0.2721012963,1.136625611,0.492643305,-0.8312176466,0.6979443431,-0.2481572926
-0.243762433,0.7252116324,1.186787599,-1.026492238,0.7381855249,-0.3285021782
-1.83916057,-0.3401081532,1.048523695,-0.8512364626,1.048836589,-0.2293970585
0.8873138732,-2.901825604,2.798036728,-0.8305516839,1.232323408,0.1643194854
2.49739257,-0.7771867343,3.603800737,0.08652228117,2.005076885,-0.4478168786
-2.371081335,-6.683838297,-3.76117215,2.178139448,1.678658366,0.4776704907
3.814569394,-2.377950198,-1.721163283,3.26115799,1.452044487,0.325404793
1.648908194,2.838449987,1.689679765,2.668128967,2.499126196,-1.113904595
-5.20034746,-2.246511099,-4.533762204,2.458297014,-1.105893254,-0.1886605471
0.6483011189,0.4859364278,-2.542361593,2.325247765,-1.319970727,0.08873338252
3.230977771,2.033619459,-2.881681226,1.229786754,-1.370837688,0.3172978461
0.3113318483,2.206492392,-0.9982105351,0.5685801506,-0.5232194662,0.01525569893
-0.9468412901,1.958975429,-0.5108700858,0.09800599515,-0.3727361262,-0.1198014468
-0.8247519108,1.638488507,-0.4801654432,-0.3491862118,-0.4829205871,0.05985739082
0.05756956092,2.234687975,-0.1525380014,-0.821369648,-0.2832139432,0.3257218301
0.04316314216,-0.3750280754,0.926288916,-0.6890562177,-0.4803958833,0.5314178467
2.722230376,-0.8965081102,3.037652709,0.4877748787,0.1541009247,0.1441636235
0.8966229688,1.285913671,3.941676017,-0.3985544145,-1.358659625,0.1611344814
-1.133423015,2.826994527,0.3665101301,-1.266882658,-0.04243922234,0.6674053669
7.614058123,-9.261921776,-1.314769763,-1.209849,2.419493198,0.03587775677
-0.6305594182,4.06891065,2.984914806,-0.1206182018,0.6278839111,-0.9380469918
-1.601384226,-0.1807411826,-7.671377508,-2.429793596,2.151549339,-0.01063873805
-1.331355571,-0.6579074439,-2.446191521,-1.081224442,-1.848190427,0.8793299198
1.485558583,2.632832722,4.827865562,-1.243492126,2.49818778,0.3179840147
0.9321130921,0.9444798217,-3.226177385,-0.8569033742,0.8904151917,-0.1241728812
-1.426669318,0.5553016404,-0.2351718975,-1.026251554,0.08855351806,0.02605615929
-0.3677661216,0.4707669157,0.3371872973,-1.173095942,0.58254987,0.08838038892
0.01284486853,0.807726834,1.092733278,-1.117664337,0.5190002322,-0.2498158962
-0.5731055927,0.8146984265,1.248201487,-0.9783836007,0.6381954551,-0.3720818758
-2.067776288,0.1846656625,1.102919156,-0.7874462605,0.7118638158,-0.3768669069
-0.2546598207,-2.333126721,0.8880584079,-0.627554059,0.2519410551,-0.06054716185
0.3307204394,-1.742216592,3.795243347,-0.3195708096,1.672075033,-0.5021299124
-3.070648385,-4.381070474,-1.39144486,1.51414454,0.6405023336,-0.02232960239
-0.5534843619,-4.150709812,-3.620032326,2.714348793,0.1859686822,0.6992007494
4.364516521,0.1409638834,-1.693847406,3.17394042,0.6339711547,-0.2618195713
-1.544632119,1.80093883,3.109217769,1.51735127,1.001136541,-0.3938999474
-3.063754241,-1.015643608,-4.260677961,1.507808566,-1.202543855,0.5568098426
0.7716013354,0.08257774544,-3.49235404,1.986606002,-1.985175848,0.8688622117
1.538411345,3.478311486,-1.356973704,0.9630100131,-1.922078609,0.4141107202
0.04654635486,1.05337625,-1.278457802,0.4477864206,-1.418381929,0.4611157775
-0.7056181664,1.531760655,-0.5518687434,0.1246313676,-0.905441463,0.4591475427
-0.1548378028,1.746609274,-1.06589817,-0.2785781026,-0.9239992499,0.5555614829
0.2259317389,0.7676771476,-0.1177548573,-0.09755590558,-0.9374115467,0.3886345029
0.3594517361,-1.796755407,2.258411088,1.031864405,-0.9487419128,0.3314155638
0.282123874,-0.2928583262,5.163123937,0.3070620298,-0.9898937941,0.5452281237
-0.9446803127,3.511716328,1.494818579,-0.8816133738,-1.340759277,0.6638401151
3.669946403,-1.549209802,0.6917977308,-1.112233639,1.033416748,0.5447871089
9.66170903,-7.848198887,-6.254767666,0.535697937,-0.8245465159,-0.5878644586
-4.218572219,6.902573403,0.3713467565,-1.756276965,1.967453003,-0.4429595172
-2.848201858,-6.889100758,-5.41654691,-1.308718324,1.121609449,0.8717110753
-0.0525461798,2.107526406,0.4496164295,-1.559493661,0.2632538974,1.090844631
4.026396035,1.941829064,-1.932589526,-1.144701838,1.107928038,0.1767227948
1.404411747,0.706910252,-2.059792011,-1.078979254,0.309509486,-0.1035109982
-1.906298024,-0.272946588,1.159043779,-1.285205603,0.7433620095,0.1182944998
-0.4718079492,0.269820565,0.4887076461,-1.090457559,0.8452704549,-0.1325828582
-0.5935118363,0.4699614445,0.7982768686,-1.118226528,0.9762402773,-0.1539680511
-0.2292822184,0.2082756707,0.8772112891,-0.8694693446,0.9463675618,-0.1923825592
-1.633239354,-1.233616497,0.04630480119,-0.6640599966,0.9729737043,-0.1136235446
1.386242907,-1.450409236,3.138325498,-0.9463548064,1.547438979,-0.00005318038166
-2.011702811,-0.6856213802,2.329645309,-0.2340823263,1.594684839,-0.3787837029
-1.765699174,-4.568640625,-0.3350105378,1.257495046,0.4640698433,0.5704597235
0.15767288,-4.16016913,-3.756989896,2.618760109,0.8051204085,1.163244843
7.511154213,-0.2437006198,-2.086423997,2.738735437,1.172094107,-0.1405719519
-0.123387018,1.00586105,0.329409649,1.833529592,1.24662292,-0.4629956782
-0.3198381031,-0.6932154886,-4.165428366,2.685811043,-0.5024250746,0.08550032973
1.018488184,1.109443005,-2.252036584,1.527591586,-1.54972899,0.3347971141
1.918837772,3.065905574,-1.793243599,0.6140694618,-1.00219202,-0.198987335
0.4830538581,1.430138017,0.5045855987,-0.08348367363,0.2475145906,-0.3332899809
-0.09293108941,2.013974263,-1.137445987,-0.4790593982,0.02420724928,-0.0534054786
-0.7561398546,2.574911279,0.2510717331,-0.9413083792,0.3278671503,0.4017659128
-0.01255932958,0.6610171003,0.512912113,-0.6317690611,0.2136971205,0.6453732252
1.304157037,-1.109073587,2.683250949,0.6026926041,0.1156572998,0.2488144189
1.135751458,1.500181275,4.776604746,-0.3915312886,-0.2235572487,0.01662501507
0.2460923373,4.062135457,0.5598208714,-1.353799462,-0.3383461833,0.3389063776
7.646726467,-5.483755821,1.715037785,-1.995053411,4.832116604,-0.004007315263
5.85816255,-2.243523023,-5.944828441,1.493237972,-0.7563438416,-1.072209835
-3.969794442,5.477895989,-2.971739682,-2.569751263,2.493985176,0.103309311
-0.1273254534,-6.185178581,-4.489605959,-1.675060987,2.4962008,1.475911856
7.633294738,5.082964943,-0.7124246315,-1.816570401,3.105322361,0.1798261851
2.989425853,1.566494699,-4.252511314,-0.7902491093,2.100841761,-0.3927025795
-2.51939865,-1.364208624,-2.684120426,-1.679182887,2.898044109,0.3741313219
2.021068312,-0.3379448377,-0.1390641873,-1.128991485,2.50022459,0.1469021887
-2.033154325,0.2040536691,-0.3498889579,-0.7110200524,1.715920568,-0.05072593316
0.6071398181,-0.5047510184,1.555319371,-0.6459887028,1.992086887,0.1192394122
2.041696967,0.3649111705,-0.1588048067,-0.4377405941,2.138585329,-0.1307172924
0.7756472497,-0.1295616149,3.276397167,-0.8489384651,3.210408449,0.228764832
2.315475329,1.054255955,1.758627775,-0.8866026402,2.89523983,0.1494570971
0.5251346849,-1.199573358,5.243928243,-0.6798030138,3.290800095,-0.1549852192
-0.8738891589,-4.297322515,0.1237257484,0.7639826536,2.489573956,0.4800126553
-4.204540771,-3.135917853,-4.768778582,2.718834877,1.454382539,0.5821624398
9.103854198,-1.923169372,-2.182078666,2.525468111,2.052742481,0.5171813369
0.9698839467,0.4450421073,0.6684954003,1.543545723,2.470987797,-0.134712711
-0.556562308,-0.0318032515,-2.949752599,3.003569603,0.5034841895,-0.1469993293
-0.6868404006,2.154292249,-5.062455239,2.622154713,-1.395615935,-0.5006976128
0.3280506356,3.991500078,0.1153214927,0.9138771296,-0.792308569,-1.142992735
-0.09739362178,0.6524865879,-0.4096703497,0.002230419777,-0.04617541656,-0.9278569221
-0.156407244,1.996392429,0.06551613601,-0.5004931688,0.1890632361,-0.2690902352
-1.661850677,2.216293071,0.2684294029,-0.3287292719,0.01620688289,0.1007558852
0.02952040126,0.1641506978,1.267462945,0.04586892575,-0.3264529705,0.3245342374
1.901941582,-0.1544376975,2.591192551,0.7538022995,-0.1082810014,-0.192368269
1.186848901,2.904196424,2.9223356,-0.5785306096,-0.6439024806,-0.06075764075
0.02425268999,3.885747209,2.166754548,-1.791543126,-0.6070935726,0.4567536712
1.610112891,0.4113666322,-0.3475102461,-1.269295573,1.714103103,0.8035640121
18.09212737,-17.93944909,-4.259125471,1.368759751,-1.648946047,-0.4409007132
-6.249003696,8.814715184,4.471924172,-2.04163599,3.871248722,-0.2942384183
0.7750637508,-3.911345176,-7.638319288,-1.903563976,0.7865799069,0.6620793939
-0.5611532891,1.020128645,2.20192903,-1.49572587,1.73448658,1.0699507
5.509114134,3.487246488,-1.15901806,-1.759419322,3.016432285,0.1806648374
1.441489432,1.284201606,-3.825692261,-1.145823598,0.5106028914,-0.3644786179
-2.638750129,-1.310291156,1.204217969,-1.361518025,0.883631587,0.1432689875
-0.4391886321,0.2865852373,1.07870351,-1.221441627,1.742883682,0.1651625931
0.2935033461,1.343990012,-0.05910626896,-0.9438752532,1.011903882,-0.2093469948
0.2377112432,0.04423486305,0.922479733,-1.071071744,1.260276794,-0.4156760275
-2.165223832,-0.5770926165,1.548883347,-1.087261438,1.642522216,-0.1261917502
1.408090728,-1.759894288,2.896625112,-0.9040945768,1.323882699,-0.06523120403
1.441551538,-1.766568358,4.555381623,-0.1482219547,2.163362265,-0.4327604771
-2.747651233,-2.681228211,1.005832554,1.662681222,2.012471676,-0.1174617559
-4.854225746,-4.60036029,-5.040705764,3.3798666,-0.7062157393,0.8509446383
5.872300965,-1.884255411,-1.708976001,3.538729429,1.233481765,0.1934191287
-0.2213645771,3.243210937,-1.192995587,2.041578531,0.4052835703,-0.1168058366
-1.295964671,-1.832767801,-3.3511204,2.414310932,-0.141221121,1.304338217
1.450360721,-0.9832622646,-5.135213017,2.034561157,-3.184493542,1.51573801
0.5491615302,5.235895743,-0.2284475211,0.7488844395,-1.948705912,0.587477088
0.4097676726,3.42559638,-1.732895806,0.01274429914,-0.6948782206,0.08895118535
0.8149575159,1.157418224,-1.005279743,-0.2084119022,-0.5609724522,-0.189723596
0.2341027704,2.347631632,-0.302960618,-0.5958783031,-0.6861737967,-0.1071257815
0.2041726193,-0.0687684158,0.7747253126,-0.4701141417,-0.529836297,0.270154804
0.4179056786,-0.8784896384,4.875747842,-0.1087170467,0.4740135074,0.3783499599
-1.595500429,2.609621357,0.1647071626,-0.7357359529,-1.237266779,0.2295891196
6.632555269,-4.331853146,1.110589545,-2.573486567,4.364795208,-0.2069061846
7.262740593,-6.113869834,-6.390909828,1.467853665,-0.9457535744,-0.8860582709
-4.148521947,10.41162548,-4.88217466,-4.09996891,2.972931862,-0.8237887025
-1.223136896,-8.036532425,-8.047080122,0.0999468416,-0.6309055686,0.5525763631
0.9491391918,3.243087603,6.724989807,-1.8931669,2.648846388,0.6519516706
3.441103745,1.649031528,-7.338873401,-1.118828177,-0.3060996234,-0.1370162815
0.3527236699,-0.05741583166,-0.5479343265,-1.212152481,-0.606010437,0.1527167261
-0.2544374101,0.3162812874,3.285985664,-1.020430684,1.812765837,0.1613544077
0.004541150561,0.8911696718,-1.029252008,-0.962926507,0.656145215,-0.1258323342
0.4759783667,1.193300269,1.67366518,-1.039774895,0.628456533,-0.392929703
-1.94426915,-0.1043091003,0.7012582176,-0.9504151344,0.9414144158,-0.4263907373
-0.06792115132,-2.209813061,2.26441968,-0.7928801179,0.9122713208,-0.07160771638
0.4118053159,-1.802024872,3.972075831,-0.2829861641,1.508112311,-0.3453634977
-0.9775644913,-3.035413405,1.95302032,1.157023191,1.305324912,-0.2091305405
-7.411535317,-4.747652792,-6.051728142,3.003412485,-1.294422626,0.9472541809
5.689123495,0.1580512118,-0.7752034515,3.132081509,1.11973083,0.2733803093
0.05317731731,0.8594342248,-0.3042591334,2.039868593,0.2432163507,-0.05724514276
-2.248872713,-1.712851381,-4.078776211,2.771538973,-0.8839120269,0.5350025892
1.973584969,-1.96875448,-3.039828884,2.347503901,-2.058991194,1.093645811
1.186418254,4.073070108,-1.925477648,1.482325792,-2.281248808,0.473452419
-0.009467647178,2.407141221,-1.766292756,0.7140550613,-1.079542518,0.141867429
0.4521820422,1.720368333,-1.202441607,0.04205525666,-0.412443012,0.09594719112
-0.06215118962,2.66872938,-0.9534837969,-0.6774944067,-0.4383088648,0.03993800282
-0.3324950478,1.448051275,0.4707844513,-0.9889755249,-0.4545848966,0.06322562695
-0.756350867,-2.507422966,1.776886339,0.2021228224,-0.6579614282,0.3011946678
0.3148950937,-1.687590099,6.560059942,0.02400776371,-1.04344511,0.3296294808
-2.666319688,4.492406112,0.330616979,-1.188544035,-1.235039234,0.4340364337
3.665343878,-2.996460282,-0.1832660249,-1.817564011,1.664356947,0.2875404656
3.628407648,-3.668093469,-2.621220025,1.38486886,-1.368795276,-0.2942538261
-4.064144751,3.4795232,-2.213835448,-1.421517611,1.372680664,-0.3789843023
-1.670242658,-3.633091129,-7.508129897,-1.28484571,-1.028232336,1.057786345
1.16895084,2.128511911,2.058855753,-1.360460162,0.4940160513,0.6100949049
1.789367489,0.8211106317,-1.98765748,-1.271388173,1.194404483,0.2355914116
0.3311100232,1.013686044,-0.7745978868,-0.7231061459,-0.8657955527,-0.04638754204
-0.9353143723,0.4388537741,3.106436907,-0.9966379404,1.454813242,0.01773059741
-0.6638989394,0.9585258827,-1.108513031,-1.131719112,0.06751781702,-0.2385727167
-0.6715685972,0.6394961734,2.588651635,-1.105621576,0.7852386236,-0.345812887
-0.7018681662,-0.2219844626,1.461570243,-0.6651076674,0.8388540149,-0.3482190371
-2.237533573,-2.081103679,-0.5168721027,-0.5003731847,-0.01945679635,0.08694587648
0.003133914112,-2.814583958,4.225356765,0.01089549437,1.402154207,-0.2477709651
-4.80647323,-5.040978151,-1.361340229,2.038403273,-0.2773628533,0.3044460118
2.426977848,-0.3383972576,-1.557910995,3.096533298,0.02293653041,0.1779209375
1.231647535,0.4170575373,-1.318875444,2.889915943,1.088023067,-0.3354582191
-1.689674504,0.1267944883,-2.155639572,1.692840457,-0.469609648,0.3627462983
-1.496106865,-0.7543909651,-3.401717199,2.379498005,-1.352682471,0.6979125738
1.84017077,-0.4306342273,-4.342788966,2.062423229,-2.867640495,0.9950811863
0.6721531191,3.291564926,-0.5326832736,0.8140947819,-1.80266428,0.4536932707
-0.4116334665,2.459397478,-1.209851591,0.320373714,-0.7840030789,0.2361321896
-0.2615527951,1.909728875,-1.151024723,-0.4090304673,-0.256542474,0.1857823282
-0.1071489999,2.68106513,0.3681915074,-0.9150007963,-0.1228051856,0.08777283132
0.08795680813,-0.9628384852,1.401336285,-0.8695324063,-0.4708067775,0.587415278
1.313802671,-2.501903325,5.239878091,0.3085222244,0.332765162,0.2786839306
-0.4739347321,3.64214888,0.506310815,-0.5235071778,-1.202278614,0.4979963005
4.955114808,-5.802567504,0.6290846695,-1.549349666,2.852381706,0.318624258
4.449975083,0.3022901714,-4.398768043,0.8110057116,-0.8500435948,-0.7557947636
-3.285659209,6.658707948,-3.43013227,-3.067448854,2.291368246,-0.896691978
-1.424573076,-7.833354954,-6.135079795,-0.4984866083,-0.1603578478,0.8675193191
1.78696978,3.527493158,5.520979928,-1.655022144,2.501245499,0.4502005577
1.107110616,1.418347626,-4.078688532,-0.6667844653,0.6537383199,-0.1091667488
-0.5650453281,0.4916086282,0.2915302925,-1.231289148,0.4313668609,0.005805503111
-0.650136956,0.7586223191,0.7592144397,-1.239219785,0.5353088379,-0.04095255211
-0.1509216522,0.8521645261,1.017129463,-1.296568751,0.6594128609,-0.2347499728
-0.2927887681,0.9135714732,1.650638963,-1.105863094,0.7240329385,-0.3991762996
-3.377474738,-0.8994552696,1.209950959,-0.8027362227,0.6003949642,-0.298402071
-0.934607247,-3.664983228,1.415209474,-0.4684222043,-0.09179644287,0.3732178807
3.62739847,-3.737572663,3.508333115,1.069052458,1.600713611,0.008203158155
-4.687055408,-3.720055711,-3.088416681,2.832704306,0.3833657205,0.3918874562
3.220784001,2.140999053,-2.162167367,2.766035557,0.9834649563,-0.2080480605
0.5782257122,0.2930465423,-1.752767212,2.580207586,-0.5341706276,-0.4949575961
-1.039306954,-0.352373176,-1.937016695,2.497800112,-0.7894263864,-0.06536678225
1.22504083,-0.5501555097,-2.943939821,1.960151792,-1.392029643,0.2621997595
1.305037181,2.018379804,-2.329288166,1.144545913,-1.3579849,0.1299703419
0.3477735732,2.469128014,-1.145846151,0.4650126398,-0.3467598259,-0.1601080894
-0.5341162291,2.172061715,-1.204911504,-0.2875084877,-0.05590080097,-0.04486392438
-0.3959869845,2.377325344,-0.1297737964,-0.9721778035,0.1723981202,0.4334889352
-0.3921399537,0.9495166468,1.662329693,-1.115618706,-0.2452740371,0.7417072058
1.757328383,-2.179330244,3.660013915,-0.06382720917,0.4137794971,0.394203186
0.4386225957,1.464913562,2.641918238,-0.5603239536,-0.9682392478,0.1918426305
1.535812268,-0.0008984101444,0.08292641275,-1.332373261,0.9512387514,0.2801312208
6.954370225,-10.18292545,-4.095918484,0.7559352517,-0.5191918612,-0.09550819546
-3.696510877,7.19321113,1.74912038,-1.87493217,2.849021912,-0.431936264
1.173886982,-4.443773306,-8.895016801,-1.323612332,-0.01824583486,0.4643383324
0.7413574421,1.973375126,2.747078694,-1.022043705,0.4443115294,0.442016542
1.714153112,1.171190144,-0.5925206334,-1.317873001,2.269098759,0.06227650493
-0.5640779443,0.5133750543,-3.020784576,-0.8566978574,-0.1999771297,-0.06650144607
-1.612816451,0.3980407022,2.422225978,-1.28065443,0.8502496481,0.073207587
-0.3896817469,0.5255038835,-0.5059837385,-1.121618032,0.263294667,-0.04328292608
0.3709175713,1.292450379,2.08297298,-1.154163361,0.5454546809,-0.2882158458
-1.288405926,0.470667547,0.6039690791,-0.925982058,0.4245704412,-0.4768841565
-2.028610106,-1.735885051,1.646354564,-0.6494803429,0.3851111829,0.0563808158
1.762292142,-2.964080107,3.336633317,-0.375631839,0.9571081996,-0.07591570914
-0.5908528463,-4.532108592,1.039407784,1.012127757,1.058000088,-0.321462512
-5.333026915,-4.225677667,-3.262943227,2.757549763,-0.4512469471,0.5180003643
3.409073992,1.269074179,-1.244801323,3.356018066,-0.2936151326,0.01091370359
-0.06515080982,-0.8747948756,2.991982844,1.560191631,1.027246952,-0.04090513662
-3.215989753,-1.022814523,-8.179199605,2.497082233,-1.637893796,0.6585653424
1.770544861,-1.639938705,-2.977605067,2.514671803,-2.433372736,0.8443565369
1.91210218,3.100518038,-2.172334102,1.657090068,-2.485081434,0.4222546816
-0.3941778893,1.743421292,-1.562834423,0.7327943444,-1.313924789,0.2317146957
-0.3291454451,2.173300317,-1.293638127,0.01075533312,-0.7770102024,0.1864566654
-0.5679957023,2.468516604,-1.252298986,-0.5655208826,-0.6283492446,0.2425959408
-1.071482984,1.938022657,1.456601077,-1.122114658,-0.8072234392,0.1672038585
0.9559431727,-3.752863756,1.972178609,1.356710315,-0.5953139067,0.3866321146
-0.08145487889,1.333518887,9.105506641,0.4193307757,-0.6371406317,0.3328532875
-0.7120774255,1.594540644,-0.5293962148,-0.118321009,-0.8687199354,0.6620845795
8.307897296,-11.46297695,-3.493681489,0.7719147801,-0.9862981439,-0.1918404549
-1.637589512,6.760926798,-1.466968741,-1.466522574,1.615329981,-0.1275167316
-1.173666763,-3.534002978,-6.100473761,-1.773770928,1.82878983,0.1551637352
-0.8843678828,0.09642331544,-1.711973429,-1.955013394,-0.2645709217,0.847412765
2.022862502,2.399656418,1.075974012,-1.547367334,0.8397639394,0.08157553524
-0.8710917833,-0.02493570381,-1.872009678,-1.461071491,0.9110023975,0.2136471123
-0.5869992396,1.339329034,-0.3664555504,-1.212554693,0.09506219625,-0.06482698768
-0.9385371338,0.8169237014,1.007524599,-1.467838287,0.7924939394,0.04293651134
0.1335875095,-0.265215117,0.7308622055,-0.9451349974,0.06479815394,-0.2714364529
-1.230389206,0.3929787426,2.115915465,-0.9704911113,1.242266417,-0.305048883
-1.277580434,-0.8485545189,0.3475713287,-0.5591395497,0.2391366214,-0.1277422607
0.5548055275,-3.253713626,2.728860316,-0.4917855859,0.9313002229,0.1519149542
-0.4595372273,-3.196549724,2.130619113,0.6645073295,1.37621367,-0.1881477088
-4.096313036,-3.631898705,-1.702282057,2.808445454,-0.1042545959,0.4950091839
0.8157847605,0.04099076656,-3.119873896,3.085177183,-0.3811822832,0.001753542572
1.673103162,-1.605714949,1.140952534,2.378983498,0.9462962151,-0.2293787152
-2.540789813,-1.096332763,-5.104141002,1.992654681,-1.697487473,0.5754419565
0.5189807654,-2.592105574,-3.121398913,2.653410912,-2.132147312,1.264585257
0.5227509316,2.575814365,-1.947456841,1.446801305,-2.428746223,0.9099789262
0.1681573031,2.148326034,-2.278151853,0.8490959406,-1.682172298,0.4323340654
-0.4110366696,1.243556292,-1.320939976,0.2081620246,-0.9789999127,0.2417358011
-0.1960325674,2.26798351,-0.9579021979,-0.5797406435,-0.5895056725,0.2323281765
-0.4380445035,2.305195927,-0.4322285107,-1.066146731,-0.523411274,0.1818778068
0.2187695922,-0.7138748303,0.550342849,-0.9828677177,-0.5377465487,0.5212157965
3.186330527,-4.505039968,4.314734253,0.6822218299,-0.3553408682,0.09766837209
-3.804510064,4.267511314,2.449723056,-0.3631760776,-1.519857287,0.2964811623
1.977643305,-2.869858101,0.3589034545,-1.599600434,1.649585605,0.6652681828
7.183035189,-5.382090513,-2.567595695,0.5033173561,-0.3538269103,-0.6263583302
-2.346364973,8.157041549,-1.379808052,-1.595591784,1.63834548,-0.928766489
-1.637486636,-7.961050775,-5.382927549,-1.357722998,-0.1894993037,0.3378047943
-1.05580903,2.22907598,2.95326996,-1.586599946,1.938981056,0.7284119725
2.122872152,0.4887526542,-3.461537462,-1.073427796,0.3155913353,0.2137020528
-0.5847650508,1.202339315,1.449852771,-0.4215992093,-0.227410838,-0.1650937498
-1.969891083,0.3297942644,-1.010553007,-0.7997018099,0.271638453,-0.03678824008
-1.288648648,0.578936783,-0.6231529414,-0.7880088091,-1.156339407,-0.02523397282
-0.2520779875,1.322549749,2.98578925,-1.091241717,0.6611633301,-0.3059825897
-0.9052630791,0.292452668,-2.125582288,-0.7387499809,-0.3011416197,-0.5234389901
1.306134621,-1.084919974,3.12771175,-0.4575587809,0.03392687812,-0.2063271999
-3.507212002,-1.921635586,0.8176771501,0.09763528407,0.2431949973,-0.4398019016
-2.976367927,-2.056180835,4.045281353,0.6932806969,-0.05169050768,-0.421375066
-5.080311214,-4.090298306,-1.039233158,2.68833065,-0.4359745681,0.07394001633
1.282142043,-2.538020349,-6.088171913,3.155364513,-2.532976627,0.4562921524
0.4045809176,-2.525534961,2.041807441,2.105786085,0.3773305714,0.5739377141
-4.900366442,-0.1020148518,-5.366620557,1.368165731,-2.502207994,1.206022024
0.349948433,-1.177346328,-4.929073189,2.050627708,-2.951847553,1.46059835
1.490606222,-1.002253965,-5.184031116,1.890123248,-3.426398993,1.961862206
0.8804876804,-0.009974866048,-0.8010647457,1.378977895,-3.89108634,1.887932658
-0.1884685619,1.622849039,-1.875934158,0.611094296,-2.109151363,1.297298908
-0.4594315749,2.784471144,-1.187988134,-0.04554173723,-1.980800509,0.5561367273
-0.2861298947,1.975612091,-0.4130652528,-0.4818004668,-1.61835742,0.07315770537
0.8544996911,-0.2104658742,1.537919177,-0.4332901537,-1.450425506,0.2522094846
1.349416421,-5.897975505,3.880528013,1.412735581,-1.312843442,0.5893983841
-3.301598244,5.66926378,2.757334715,0.1498149484,-0.8768311739,0.8518368602
1.277002634,0.1450087749,0.4507733445,-1.111936212,-0.3001250327,0.7786116004
5.927481,-7.900755004,-3.068596421,0.6951231956,-0.4964635372,-0.5963565707
-1.501828166,5.369565378,-0.6708496353,-1.19656074,0.802233994,-0.2063329071
-1.66136494,-3.382078725,-4.116285857,-1.70283103,2.163062096,0.1682970077
-0.6671785456,-0.234893044,-3.154205497,-1.430918932,-0.3719753325,0.7559334636
1.563137059,2.280302309,1.20990639,-1.390111566,0.3342226744,0.02737906203
-0.7629848982,0.1697381425,-1.28254624,-1.21532619,0.3834523559,0.1532913148
-0.430277815,0.3799614401,0.3730044241,-1.027241468,0.2926838696,0.05176549032
-0.3008019787,0.2649088275,0.7133633737,-0.9935080409,0.8240399361,0.03754992783
-0.3676414723,0.7803419834,0.8507301824,-0.973089993,0.5773426294,-0.103835173
-0.8688976342,0.5383914222,1.202650281,-0.9970226884,0.7624146938,-0.208623901
-1.132794362,-0.1414344236,0.521070285,-0.8218892813,0.5518949032,-0.1710276604
-1.216091362,-1.04029465,0.8511632401,-0.6416977644,0.8049453497,-0.01909122989
0.8533965521,-1.93080615,2.875783692,-0.7111247182,1.080272555,-0.06843282282
-2.118787659,-2.924076014,1.999267253,0.03669834137,1.030874252,-0.1604923308
-2.918378387,-4.416872439,-0.7435762872,1.439332724,-0.2502307892,0.4500933886
0.2998457009,-0.7188403438,-1.283276892,2.655698061,0.1387195587,0.3077583313
4.278697894,0.9319657926,-0.5640426538,3.015219212,0.5737759471,-0.4074121118
-2.086167684,-1.734168895,-1.710046553,1.458464742,0.7588130236,-0.05924815685
-0.2855319288,-0.7884206605,-4.393799315,2.809681892,-1.772479177,-0.07511381805
0.6493713785,0.1452601193,-1.680268962,1.865334034,-1.743409157,0.3422906399
0.826947375,2.405368951,-1.759768031,1.064681888,-2.122492075,0.2166258842
0.2394701426,1.385128078,-0.3680401162,0.270994544,-0.4518464804,-0.02662098035
-0.03863748143,3.465594628,-0.1277811613,-0.5525307655,-0.3904618621,0.1298262626
-1.405966576,3.228059545,-0.3060229282,-0.7136368155,-0.631064415,0.3618195653
-1.029476611,3.13707579,0.4569309903,0.01984090731,-0.413844943,0.6149094701
2.965227816,-4.725548512,3.605305589,0.8949360847,-0.5552405715,0.3658722043
-0.9935741075,4.749155598,1.172045592,-0.2319907695,-1.319724321,0.4161759615
-0.1768815845,2.867570283,-0.5827168861,-1.095191717,0.5373979211,0.7200477123
10.27207555,-14.03924315,-0.6894573051,0.2782671154,-0.7540425658,-0.9773921967
-4.674495786,1.720623184,-3.006758096,-1.019101262,0.2250567228,0.8744720817
-0.8968173223,-0.548201453,-3.306367943,-2.049262524,0.1106770188,1.412025571
2.264540384,2.581673028,-2.874529016,-0.8068913221,0.06045135111,0.4509437978
-1.104874674,0.8708452612,-0.3808475753,-0.2780324519,0.4448818266,-0.09925487638
-1.768262595,-0.8769874172,-0.9367091877,-0.7722977996,0.4327095449,0.3380629122
2.33663546,-2.773200393,-0.7299100924,-0.5925509334,0.3508374393,0.4845196009
-0.7887130675,1.349163615,-0.4871207422,-0.417558223,0.7947350144,0.1237188131
0.7559514924,0.5675748465,-1.204136062,-0.6418758035,-0.1253225058,-0.03352449089
-3.395501101,4.673809557,-0.1264624799,-0.04827271029,1.80581367,-0.2243285179
0.266823429,-2.09768072,-3.271705795,-0.3499622047,-1.011023641,0.03442886472
-0.1431276373,0.3598147242,1.976435682,-0.4033992589,1.37684226,0.1174587533
1.839903059,-1.332190269,-2.402003858,-0.07763230801,0.1656782478,0.1644904613
-1.784805149,-0.02589022806,0.4594306982,-0.9715387225,-0.8649550676,0.1673289984
1.129422255,-1.168039571,-1.012521677,-0.4452841282,-0.8922603726,-0.231179893
0.7384364401,-3.280980988,0.2494558223,-0.4734582901,-0.4013373852,-0.4114998877
0.7850704002,-1.889950408,-1.81501061,0.4004827142,-0.07296480983,0.7975672483
1.027212465,0.09248772956,-0.8998077363,0.1506084949,0.9163379073,1.674003363
0.3153571948,5.143211614,-0.1303934627,0.4434267282,0.2035469413,0.07009924948
-1.740722846,1.572615228,0.2311772383,0.1630327255,0.7971302271,0.4222085476
0.4871881814,0.9051379914,1.634873239,-0.6156033874,-0.07475490868,1.010680199
0.06418496047,-0.8719313028,-1.806024755,0.07259123772,-0.09670266509,1.453912973
-0.4594587552,-0.2400286533,-0.6270230608,0.5395215154,0.5557885766,1.564823627
0.8077095906,1.75498255,0.7508528541,0.1284106225,0.6462584734,2.315489054
-2.391411153,-0.1458592543,0.3791138834,0.09522812068,0.2412681431,1.23102653
0.3774874512,-0.1957972974,-0.1788934723,-0.1076631024,-0.0300749857,0.2870100141
0.5491460404,-0.2243126133,-0.7638760018,0.4437640011,0.2488605231,0.8640953898
0.5784691655,-0.6936848597,0.2314653894,0.447237283,0.2816319466,0.3988019228
-1.321173492,-1.018625839,-0.989575101,0.03468529508,-0.1002084911,-0.1916842759
-0.3700605161,-0.6149526838,-0.04336155081,0.09239818901,0.231894806,-0.08042751998
0.3251397166,0.2213695455,-0.05068155497,-0.001649582759,0.247833252,-0.3346707225
-0.8338327506,-0.7394505856,-0.04285656043,0.07531429082,0.364354074,-0.4478655457
0.5757713047,0.7408382406,-0.1627157331,0.1738162786,0.5288553238,0.005485383794
0.3825862357,0.7843921356,-0.1539046136,0.08214373887,0.2538711727,0.2791918814
-0.1165446047,0.1022819783,0.5661486131,-0.2883465886,0.0203255266,0.2740898132
-0.5907242515,0.3685872287,0.08762392292,-0.1210796833,0.1403784752,0.1995914876
0.2473056586,-0.2340846502,0.8919675442,-0.07099306583,0.1531612277,-0.01234791335
-1.261366674,-0.8432149114,-0.8655325417,0.07754781842,0.02842408419,-0.3392171264
-0.03048135524,-0.06575286737,-0.5743675754,0.1133814156,0.1625813246,-0.3274495304
0.3504910155,-0.6081318979,0.4681009114,0.3125503957,0.2758860886,-0.2109386474
0.1720233308,0.399303854,-0.3365659505,0.4162625372,0.4422073066,-0.1830747724
0.02473199794,0.6021329497,-0.03980827878,0.4163980484,0.2201167792,0.1790478826
0.4112295618,-0.5529471862,0.91687636,-0.394390136,0.1826578975,0.3708688319
-0.2682294964,1.092756659,-1.183827507,0.2940047085,0.3456345797,0.0306533426
0.007240764908,0.2971802811,0.3437199139,0.1149126366,0.2548666596,0.102214627
-0.2572510063,0.1866091978,-0.6892822408,0.2879238725,0.204761222,-0.00229020603
0.3337970703,-0.4979255563,0.9522609771,-0.2385490984,0.1906790435,0.09359516203
-0.08320318387,-0.5222901822,-0.4541834452,-0.07093361765,0.428937763,0.0265917629
0.06752864487,0.7922738288,0.1267430504,-0.1229291856,0.5394034386,0.1765689999
-0.2602513571,-1.190172492,0.2309603807,-0.2976662517,0.4499332309,0.2201992124
1.035325337,-1.589368794,1.982654411,-1.090038896,0.9014982581,0.5247794986
0.1963034933,1.089684411,3.153093736,-1.352546692,2.095750809,0.4020005465
-0.3438929324,-2.168716496,2.389853986,-1.269882441,2.14013648,-0.4303486049
0.7419067466,-7.890278618,-0.1788917553,-3.782045126,0.8500837088,-1.115157962
-2.214197852,3.415847139,3.316313583,-3.182041645,1.217167854,-2.945357561
-3.641741176,5.456894118,-3.754828334,-3.257150888,1.138899565,-1.232185483
-2.768588223,-1.163844457,-3.453025654,-4.797800064,0.9066699743,0.3815439939
0.1230716684,0.792874425,-0.6668202337,-2.859648466,-0.3720298409,-1.389727592
-1.317889356,-0.1920467127,1.319457044,-0.6537253261,-0.9516841173,-1.470312834
0.9849004602,-0.7972776284,-1.924546505,-0.4432886541,-0.6474246383,-1.728155971
0.1193360621,-0.06017521337,1.734668076,-0.8955742717,-0.4345087707,-0.8511148691
0.7275371527,-0.7796554625,-1.789247223,0.03721765429,-0.9888976812,-0.5335526466
0.8489597387,0.6825295517,1.735949348,0.6693806648,0.1932508051,-0.2894466221
0.3898495777,2.947343492,0.3837754455,0.1729902774,0.6559914947,-0.8248286247
1.105326729,0.06506590802,-0.06609072102,-0.01999467239,0.174312368,-0.6970510483
0.6322345849,0.8252185054,1.321262047,0.1069421396,0.3129137754,-0.5167096257
0.3209103354,-0.1741762711,0.6117167706,-0.1141598821,0.5052266121,-0.3784027696
0.254616493,-0.1735863424,0.1918114426,0.1239090636,0.2083001733,-0.208896175
0.5127583107,-0.06612666912,0.6206330675,-0.3552907109,0.3682373762,-0.1758290231
0.03615904012,-0.5306720799,-0.6947270622,0.07467584312,0.04307796806,-0.13726753
0.1585882413,-0.1423148597,0.5029454302,-0.3492426574,0.2857358456,-0.02572847158
-0.00473989257,-0.3839534324,-0.8204249875,0.02842499316,-0.1714137197,-0.07910036296
0.2756174147,-0.06286737506,0.1497030702,-0.1325136721,0.02269169316,-0.04785535857
-0.2401457038,-0.2049127701,-0.04723346034,-0.1871703714,0.2082523555,-0.04652991146
-0.1056435637,-0.1607642702,0.3169008806,0.2407056093,0.496109277,-0.04479393363
-0.1996966429,-0.1850989394,-0.9764876559,-0.05959727615,-0.3855208158,-0.1352374107