accelerometer.x,accelerometer.y,accelerometer.z,gyro.x,gyro.y,gyro.z
0.127414,0.247117,0.270389,0.012746,-0.39261,-0.13654
0.474733,-0.08001,0.055985,0.059973,-0.38926,-0.10772
0.572734,0.346668,-0.77747,0.423808,-0.80101,0.217023
-0.11055,0.320204,0.673153,0.402461,-0.42979,0.056791
-0.45774,-0.80461,-0.2727,0.314436,-0.09916,-0.23136
-0.03924,0.540376,-0.64004,0.486402,0.03762,-0.05422
-0.4223,0.023873,0.454353,0.169612,0.050825,-0.16158
-0.3017,0.209253,-0.14445,0.076491,-0.03792,-0.22981
0.275534,-0.24627,0.737642,-0.01234,-0.17606,-0.18706
0.798404,-0.20169,0.465948,-0.13452,-0.30092,0.016188
-0.87168,-0.64971,0.072587,-0.48562,0.032639,0.056801
0.046606,-0.41216,-0.11614,-0.29916,0.349873,0.141641
0.118721,-0.22822,0.016043,-0.40307,1.227654,0.260245
-0.00717,0.021469,-0.93555,0.363282,0.484443,0.222531
-0.37857,-0.14023,0.826096,-0.16372,0.538761,0.432652
-1.78195,-0.61668,0.935602,-0.81424,0.438361,-0.04046
-0.12638,-0.36734,-1.38258,-0.3235,0.683416,0.008297
-1.0884,-0.15596,-0.02386,-0.22854,0.313686,-0.08414
-0.47186,-0.31483,-0.37467,-0.39358,-0.22137,-0.01224
-0.25452,-0.12776,0.00354,-0.25268,0.121115,0.087902
0.045973,-0.24885,-1.78786,-0.0388,-0.51128,-0.2862
-1.26417,-0.392,1.214557,0.228376,0.431473,-0.06249
-0.08053,1.319506,-1.79344,0.367846,-0.29069,-0.45891
0.697826,0.291166,1.430043,0.422442,0.736467,0.310721
1.379227,1.011614,2.397539,-0.62963,0.427645,0.462288
-0.96928,-1.29323,-0.49935,-0.15531,-0.49425,0.457525
-0.35029,0.0856,-0.77104,0.146995,-0.65473,0.028694
0.492377,0.58773,0.327853,0.666378,0.622375,0.119242
-1.10362,0.42568,1.619618,-1.35128,0.91656,-0.61697
-1.12574,-1.96544,-0.04051,-2.25862,1.466599,-2.82678
0.183193,3.909861,-1.07518,3.312262,3.932969,0.147621
-0.40939,1.07596,3.754884,0.479646,0.888914,0.034275
-1.08316,0.687718,1.128239,-0.53384,-1.92532,-0.70512
1.30641,1.189303,0.511119,-1.27398,-3.42958,-1.6062
-1.57789,-1.40107,2.912901,-1.72385,0.918923,-0.46842
0.245926,-2.11062,-0.7953,-1.52777,1.333104,-0.48473
0.965571,-0.28318,-2.53356,-0.4461,0.156039,-0.45884
0.213542,-1.027,-0.40263,-0.09022,0.645712,-0.42149
0.770116,-1.02189,-0.69689,-0.01131,1.48493,-0.04902
0.260296,-1.96776,1.956087,-0.98273,0.346144,-0.22899
-1.53565,-2.01032,1.433068,-0.24002,3.714381,-0.62841
-3.95144,-0.25922,-0.66068,1.138462,4.611489,-1.86322
-2.56932,-2.02268,0.375412,2.82836,7.28091,-1.58653
-1.2557,-0.93836,-2.14181,4.036574,5.919968,-2.11692
2.577055,-2.95008,-0.38405,4.568044,4.262818,-0.92841
2.529302,-3.89752,5.936964,2.192236,0.547463,-0.20046
5.292306,-3.16998,9.858456,-2.48717,-1.45585,0.561726
-0.07998,-0.83464,3.363303,-1.57433,-0.04105,0.493139
2.965243,0.23895,-1.07366,1.653618,0.397933,1.097018
0.743372,0.792188,4.795992,0.29131,2.31558,-0.51061
0.96087,2.38725,-5.43174,1.951241,1.476094,-0.86942
-0.506,2.510545,-4.85434,2.045358,0.649581,-1.69596
1.741087,3.014021,-2.65362,2.9958,-1.65125,-1.10686
-0.188,1.131574,-0.28227,2.4902,-1.3663,-1.6803
2.451207,-0.78563,0.716675,2.563369,-1.10652,-0.83189
3.892963,-3.07858,0.540463,1.799959,-0.42034,1.257752
-0.98185,-1.07674,0.809469,1.610668,-2.52715,1.388772
-2.03916,-0.79138,2.492744,2.033655,-1.11512,0.782167
-2.51596,-3.2069,8.57789,0.574132,-0.87746,1.631328
-3.41798,0.198179,1.278465,0.441311,-0.74555,0.349268
2.896539,-4.07158,-1.70194,-0.88304,-0.65846,-0.22348
12.91386,-1.97451,-2.99027,-1.01579,1.37599,0.614743
7.767654,3.872817,-2.35679,-1.36052,2.074919,0.185132
-1.7393,1.399835,-2.96408,1.06447,3.117805,-1.1791
-3.46807,4.176014,-1.47666,2.548193,4.287548,-1.70008
-0.23704,0.243701,-3.50496,1.796089,6.456056,-1.4968
2.419392,-2.7299,-0.85009,-1.1245,3.167769,-2.13032
-3.43351,-3.85483,-2.78973,0.314973,2.580611,-1.41282
-3.4965,-1.69406,-2.67055,0.859446,0.721405,-0.93322
-3.0234,-2.45609,-2.54495,0.683729,-0.24763,-0.79104
-3.43884,-1.22711,-0.51496,0.507222,-1.44308,-0.17005
-1.28343,1.668642,3.359149,-0.79387,-1.75383,0.687924
3.34753,3.260672,5.921459,-2.05468,1.07033,0.528846
-1.75624,2.925065,6.867593,-1.12989,0.46732,-0.0994
4.523464,3.566051,-0.63842,-0.65976,0.862001,0.58207
0.010472,1.424189,-5.83452,0.220854,-1.5954,-1.87644
3.164649,0.786985,-2.37185,-0.10847,-2.02447,-1.53423
1.596139,-0.13003,-3.61659,0.515497,-3.38821,-1.66025
-1.31621,-1.88288,-2.87481,2.197861,-1.93384,-1.4822
-1.27827,-3.87828,1.213764,2.209223,-0.56242,-1.29615
-2.55114,-4.94167,0.674151,1.918728,-0.38779,-1.66373
-3.14447,-5.08474,1.245651,2.207728,2.043978,-0.56692
-1.07224,-4.38643,-0.60261,1.582199,-1.7491,-2.00915
0.352917,-4.55657,-1.61609,2.338142,-0.80011,-3.06571
0.799826,-3.87643,2.828105,2.144615,1.704955,-3.82073
5.236831,27.01714,6.371193,-0.3946,-3.76814,-0.73308
0.805843,8.121195,6.296248,-3.04179,-0.14645,0.756792
-0.02429,6.746099,-1.72969,-4.76816,1.991473,-0.89482
0.090841,4.763863,-5.38227,-3.7343,-0.22951,-0.62199
-2.48036,3.165862,-8.44874,-1.52129,-0.60451,-0.0416
-2.33192,-1.64083,-4.90632,-1.95343,1.32655,0.209691
-0.79564,-5.66939,-4.52925,-2.1818,2.159777,-0.78604
0.657928,-6.37266,-5.35541,-1.96695,1.908435,-1.32961
1.890971,-4.7776,-6.67036,-0.82351,0.102018,-0.16981
1.731572,-3.52683,-5.37208,2.151968,0.245389,1.33354
-2.81068,1.992058,24.4223,-1.9929,4.680412,0.538408
-6.69585,6.466748,6.279283,-0.58261,-0.62073,-1.06252
-4.18574,-2.40215,-2.82282,-0.86885,0.991035,-0.04029
-3.65411,14.94317,-3.07852,-0.7181,-2.3391,-2.01254
0.613227,-2.70416,-7.43688,2.299105,-2.62328,-0.38395
1.263121,2.57383,-6.96309,3.298234,-0.70591,0.092848
3.803834,4.723484,-5.86671,2.622219,0.406804,0.501316
4.556376,0.694162,-3.51955,2.200151,1.401406,0.832904
3.253883,-4.64232,3.524955,4.040974,-3.56433,1.316478
0.847548,-3.31508,3.941219,1.86258,-4.24185,1.536232
-0.84806,-2.4572,1.806628,1.637402,-0.57767,0.773463
0.539362,-0.39814,2.063447,2.705878,1.55727,-0.11284
0.593852,5.788472,8.85008,2.584123,-0.26881,0.423368
2.530105,6.454691,5.806268,-2.05497,-2.33734,0.044357
3.344172,8.263119,2.764616,-0.28031,0.045982,-0.09072
2.851353,3.888541,6.056069,-4.41127,2.755491,0.166212
0.080432,4.929485,-4.03449,-3.79739,1.936912,-0.59065
-1.13387,6.055325,-7.07037,-2.62627,-1.67177,-0.89157
-2.66317,1.850544,-5.8008,-2.79151,-1.87187,0.327419
-2.53216,-4.85392,-4.39537,-2.71463,0.892432,0.290266
-0.85399,-6.62618,-5.52432,-2.64131,2.283753,-0.7719
0.231699,-4.73412,-7.70371,-0.96837,0.137206,-1.00301
1.203345,-3.5494,-7.16537,1.657856,0.375274,0.245449
2.243546,-2.70688,4.992933,1.419141,5.299259,0.852007
-1.04968,9.870746,8.839201,-0.49439,0.345668,-0.42745
-5.55799,-1.78897,1.016721,-1.72875,-0.59676,-0.10263
-4.35764,2.462797,0.486513,0.544625,3.907299,-0.13331
-1.33462,6.792073,-10.4457,-0.25996,-6.26279,-0.64948
0.488727,-0.68576,-8.04791,2.396319,-2.38698,-0.01227
0.663485,2.932902,-6.89466,2.690644,-0.84046,-0.39712
2.775503,3.018465,-5.30186,2.46057,1.439441,-0.03797
3.59392,-1.8474,-0.41305,5.025454,0.589668,0.377016
2.981167,-4.13398,5.506483,2.367566,-2.74449,1.153686
-0.10899,-2.44446,1.454826,0.953378,0.24914,1.29528
-0.22927,0.336794,0.889107,2.61737,1.13639,0.376034
0.096298,1.84126,2.334171,2.319905,0.964559,0.523657
1.103814,7.645244,16.99709,-0.47647,-0.09204,-0.04823
2.430992,6.331936,1.728224,-1.69287,-1.84229,-0.22216
1.609565,2.794101,5.751138,-1.0235,0.574766,-0.20696
2.254415,2.07153,0.100245,-4.75894,2.791682,-1.03468
1.860317,6.647863,-5.58143,-3.37279,-0.17961,-0.51853
-0.83115,5.040818,-5.93739,-2.42778,-2.56439,0.041613
-2.11554,-0.08035,-4.59645,-2.08598,-1.20503,1.229533
-0.92,-4.83901,-3.18117,-2.05519,2.500433,0.320093
-0.6135,-4.94207,-6.48612,-1.75207,1.448228,-0.43699
0.03144,-4.71033,-7.24949,0.0053,0.542989,-0.10456
0.437594,-5.02007,-5.38544,2.334908,0.656352,0.43141
-1.18835,-0.14127,17.62909,-1.68076,4.729567,0.047473
-3.38264,8.687078,7.162604,-0.93665,-1.52997,-0.60476
-2.63586,-5.58547,-0.06046,-0.27624,1.748402,0.130002
2.261819,4.239498,-8.93605,1.585626,-2.9202,0.19992
-5.28152,9.290361,-7.72308,0.093728,-4.22626,-0.50569
-0.66387,-0.28211,-6.60823,0.930871,-0.12636,0.275192
0.754637,-0.00034,-6.57528,1.674664,0.247241,-0.2773
1.76216,0.431304,-4.85054,2.857271,1.010463,-0.10556
1.768813,-0.93467,-1.86541,3.101915,1.01774,0.493685
1.418852,-2.32523,4.334621,3.75702,-1.51738,0.938365
0.48977,-2.11195,2.167331,1.137148,-1.67152,0.846113
0.44036,-0.81087,0.935655,1.848421,-0.93771,0.435415
0.26713,2.79044,3.711787,3.954254,0.455802,0.089762
4.567766,7.311032,14.03631,-2.05828,-2.48684,-0.00145
2.34553,6.905975,1.588799,-0.57815,0.202929,-0.07026
0.9114,2.489797,6.8927,-1.78858,2.142079,-0.3434
2.248056,4.580974,-1.36878,-4.71766,2.359572,-0.70827
0.380007,6.696138,-6.30868,-3.13773,-1.35271,-0.57676
-2.27874,3.22727,-5.76142,-2.58222,-2.55557,0.646415
-3.45642,-1.51861,-4.47901,-2.19562,0.365247,0.9067
-1.38406,-5.47657,-4.6725,-2.25625,2.791801,-0.49505
-0.09519,-4.41019,-6.77217,-1.46848,1.034695,-0.96287
0.362119,-2.78234,-7.10968,0.580878,-0.23027,0.060068
0.641,-3.74224,-5.13404,2.981957,0.574071,0.637897
1.343865,1.712082,18.85644,-0.05211,7.330493,0.371763
-7.3148,7.118938,7.862848,-2.35057,-1.35477,-1.97964
-2.2258,-3.95463,-2.85729,-0.06403,1.471903,0.487658
1.091812,7.478363,-2.16378,0.156589,-4.27337,-0.04962
-1.84512,2.575292,-6.45477,0.728557,-5.45958,0.384941
-1.72782,0.769479,-5.80756,1.166898,-2.83914,-0.26234
0.573417,-0.15187,-6.25473,0.623382,-0.5949,-0.86569
2.463135,0.369186,-5.938,2.119428,1.860425,-0.5924
2.897035,-1.77256,-2.27251,3.632694,2.569955,0.037675
3.352609,-2.3211,4.212385,4.716924,-0.20303,0.797406
1.146888,-0.39871,3.810363,1.32632,-0.76704,0.996153
-0.14739,2.537924,2.896874,2.775955,-0.26582,0.822587
-1.661,0.947422,7.371846,0.979012,-0.13935,-0.05459
4.169253,6.227779,9.474124,-1.3461,-3.05866,-0.20297
3.928775,6.14116,1.981893,-0.77774,-0.05784,-0.1803
1.430247,1.502509,6.948074,-2.91198,2.788922,-0.2971
3.266491,5.014168,-3.17525,-4.85658,3.067886,-0.22988
0.175707,8.485654,-6.79399,-2.78198,-2.3916,-0.3267
-2.54378,3.5115,-5.21949,-2.0124,-3.01653,1.1393
-4.94003,-3.86698,-2.0996,-1.97668,4.103824,0.787765
-0.62615,-5.99349,-5.74854,-2.26277,1.578514,-0.87287
0.185245,-5.49202,-6.80173,-1.26773,0.174567,-0.8205
0.637445,-3.79642,-6.86772,0.888495,-0.01561,0.170349
0.80287,-2.75074,-5.13022,3.426162,0.819337,0.743391
-1.44962,8.608065,24.253,-1.42074,7.356382,-0.39541
-4.57378,2.895007,3.634917,-1.88255,-2.55109,-0.66436
-6.9504,0.721454,-2.47849,0.767094,3.68076,0.208141
-0.07704,7.362616,-10.0847,-1.33078,-5.89071,-1.13437
-1.35832,-2.93391,-6.83399,2.111103,-2.76276,-0.14651
-0.56505,1.013538,-6.98986,2.304836,-1.61284,-0.63484
1.200614,2.978749,-6.32689,1.547947,0.11067,-0.43042
2.573013,0.602581,-4.85545,2.389933,1.912233,0.168679
2.724981,-2.66146,-0.86194,5.101139,1.952411,0.260467
1.586505,-2.12981,7.98144,2.624048,-2.53642,0.898258
0.952271,0.415911,0.852871,0.379214,-0.30674,1.053648
-0.06909,0.904535,1.970389,3.180298,0.230634,0.540801
-0.13429,2.758007,10.17403,0.734537,-0.3449,-0.25276
4.066452,5.708861,4.609771,-1.3079,-2.31502,-0.29984
3.632795,6.692433,2.248968,-0.22328,0.97129,0.09554
1.714701,2.104631,4.996916,-3.50565,3.029962,-0.37896
1.2782,3.667325,-3.65285,-3.86725,1.07124,-0.45026
-0.51037,4.885149,-5.73741,-2.94012,-2.06995,-0.21763
-2.56855,2.175295,-5.20655,-2.40692,-1.94403,0.911948
-1.63967,-3.16612,-3.06434,-1.8268,2.776038,0.44952
-0.28892,-4.59861,-5.54867,-2.05579,1.474797,-0.34144
-0.11576,-4.26738,-6.52824,-0.56409,0.777592,-0.15815
0.362698,-4.89387,-5.75001,1.173312,0.350378,0.293669
-0.02708,-3.54061,-1.61857,2.082047,2.761228,0.777375
-2.15487,8.158464,13.03236,-0.77949,4.924539,-0.7185
-6.1891,2.163742,4.401418,-1.52435,-2.36879,-0.58922
-6.07839,0.240372,-2.76466,0.841835,1.396561,0.434549
-3.67307,12.8094,-0.8345,-1.15542,-3.87375,-1.11429
-0.64646,-4.48941,-6.809,1.676802,-3.67466,0.153842
-1.01772,-1.28754,-6.26141,2.27468,-2.66605,-0.7575
-0.42257,1.998882,-5.71064,1.088698,-1.14873,-0.8175
1.156993,2.025548,-5.51803,1.734622,1.042222,-0.36932
2.214754,-1.33631,-2.42763,3.570678,1.789696,-0.18904
4.302913,-2.26186,6.496056,4.207398,-2.7621,0.287491
1.311707,-0.71846,2.658565,0.11802,-2.02403,0.930175
1.234036,1.374655,0.777076,2.735271,-0.05285,-0.07643
1.986867,0.070147,3.297337,2.521321,1.737481,-0.01806
3.669598,6.690037,12.74838,-0.90732,-2.54366,0.225757
2.031552,5.506111,2.80075,-0.51774,-0.22062,0.196471
0.332138,2.958132,6.233208,-2.47893,2.689499,-0.40099
2.484272,4.148598,-2.52186,-4.47812,2.339669,-0.03712
-0.30218,5.726593,-5.88471,-3.19904,-1.54392,-0.12194
-2.96519,3.754205,-5.46083,-2.48728,-2.66442,0.746664
-5.60792,-2.05666,-2.22451,-2.22177,4.157783,0.161989
-0.40705,-5.32857,-5.92491,-2.32825,1.266035,-1.06175
0.464639,-4.99011,-5.89547,-1.01659,0.368783,-0.7409
0.780087,-2.98143,-6.43425,1.046016,-0.36891,0.146164
1.432001,-3.23787,-2.32228,2.749051,1.131598,0.978191
-0.39653,2.193027,12.04954,-0.29161,5.428759,0.383487
-8.46559,5.588535,9.923988,-2.11559,-1.22898,-1.60153
-2.18292,-4.31935,-3.82134,-0.28594,-0.68034,0.383405
0.02657,4.897982,-1.7614,0.663948,-1.89377,0.481493
-2.35577,6.157514,-8.19824,-0.30519,-5.23093,-0.32654
-1.05229,-1.79102,-7.52677,1.159056,-2.95517,-0.3868
-0.19086,-0.11006,-6.84884,1.236905,-0.75833,-0.79232
1.796368,0.793248,-5.86077,1.968823,1.562765,-0.35101
2.403092,-0.73425,-2.79506,3.658558,2.363771,-0.11632
3.596709,-1.75933,5.414672,4.809103,-1.12706,0.813946
0.553443,-0.22756,4.507653,0.502611,-2.15561,0.914898
-0.274,1.717762,2.118306,2.702231,0.223704,0.081494
1.290601,-1.47915,5.271358,1.503659,0.950757,-0.25191
3.521001,4.939484,7.824757,-0.48473,-2.17388,0.034517
2.646174,5.856326,2.156915,-0.72332,-0.13215,0.121974
2.300663,5.513303,4.524851,-1.70661,2.790093,-0.08255
0.544497,3.519537,-1.15149,-4.15646,2.559076,-0.14061
-0.9195,3.575553,-4.8664,-3.55641,-1.37842,-0.3463
-3.67728,3.226903,-6.08238,-2.52662,-3.2346,0.325489
-5.95557,-1.36843,-1.98135,-1.60879,3.164249,0.036412
-0.87178,-4.63301,-4.95635,-2.29176,1.814169,-1.14274
0.483729,-4.96622,-5.37722,-0.89162,1.026644,-0.93552
1.485406,-4.04859,-5.33967,0.869223,-0.09009,-0.16815
2.859719,-2.78397,-1.33943,1.877737,0.824982,1.241666
-0.55288,1.798628,9.702689,-0.22923,4.561964,0.492427
-7.68561,5.756,7.504646,-1.94893,0.189758,-1.43708
-3.33443,-4.09738,-2.24566,-0.17537,0.786506,0.551241
-1.98239,10.74399,-2.18176,-0.32537,-4.43071,-1.31083
-0.4017,-0.15914,-6.61824,0.140389,-3.97995,0.083863
0.304234,0.064116,-6.23063,1.308269,-2.41279,-0.53484
2.187365,2.055631,-6.77237,1.364527,-1.83309,-0.53414
2.488482,1.268252,-5.65158,2.144579,0.759851,-0.17898
2.773489,-2.16213,-2.48858,3.672121,1.92926,-0.03583
3.757143,-2.11387,5.336289,4.639144,-1.08841,0.79492
0.969342,-0.13672,3.203249,0.56676,-1.3279,0.901931
0.268487,2.826788,1.346641,3.00027,0.155326,0.589416
-1.38137,-0.59019,7.99284,1.644391,0.924471,-0.32295
2.636213,5.511151,6.058407,-0.34516,-1.54657,-0.08555
2.946688,4.92964,3.267338,-0.89791,-1.65089,0.254074
1.105594,3.807137,5.835122,-1.20265,1.622179,-0.43867
3.226754,4.696326,0.497584,-4.39721,2.781457,-0.22167
1.002529,4.123564,-4.83342,-3.29367,0.32379,-0.22745
-0.73249,2.935061,-5.32868,-2.56837,-2.27311,0.201898
-2.65817,0.594173,-4.75978,-1.90798,-0.99104,0.675212
-1.2771,-4.42858,-3.27528,-1.77095,3.22073,-0.04226
0.259042,-4.92148,-5.46814,-1.83107,1.332483,-0.77108
0.586436,-2.9648,-6.52295,-0.08526,0.31343,-0.07122
0.714511,-3.25658,-5.26237,2.144127,0.406999,0.704921
0.405383,-1.92726,10.11022,0.081016,5.792699,0.669034
-6.3401,8.253665,10.04857,-1.67288,0.43894,-1.57477
-2.84135,-2.49834,0.674047,-0.84495,-1.72242,0.070191
-2.66977,8.515245,5.299885,-0.17066,0.54774,-0.30162
-0.60206,2.237709,-9.77037,-1.07466,-6.49843,-0.2094
-1.23058,-3.47254,-8.5147,2.059728,-1.52352,-0.21198
-0.31591,-0.41695,-6.62818,1.719981,-0.55572,-0.74189
1.076459,2.24666,-6.18197,1.337,1.01908,-0.14033
1.98439,0.631606,-4.1135,2.902575,2.293396,0.14495
2.826108,-0.98967,0.917972,6.146334,0.349689,0.603123
0.46032,-0.57561,6.254361,0.725229,-3.25819,1.217298
-0.15393,0.63144,0.573124,0.660589,-0.306,0.193727
1.652221,-1.43886,0.690186,2.352821,0.651269,0.176272
1.177626,0.194313,2.553737,2.122939,1.006454,-0.25414
4.417134,7.98618,15.03644,0.07047,-1.04813,0.217249
1.430739,5.467877,2.522024,-1.72737,-0.1991,0.153464
0.918246,4.099891,1.714877,-2.77528,2.428624,-0.27531
0.111372,2.859061,-2.44245,-3.83968,2.129313,-0.09257
-0.8048,3.636167,-4.6869,-3.19177,-1.38009,-0.18507
-3.11889,2.275689,-4.93959,-2.53221,-1.98578,0.182368
-3.19281,-1.78346,-3.1507,-2.14173,2.790246,-0.39883
0.170768,-4.43654,-5.23201,-2.02717,0.860072,-1.13935
1.080157,-4.34671,-5.81914,-0.67447,0.131768,-0.70453
1.666967,-3.85566,-5.74941,0.999649,-0.28997,0.161574
2.387603,-3.43013,-2.53483,2.687823,1.19714,1.005297
-1.35384,6.234738,15.39922,-0.51624,4.837758,0.109901
-7.25762,4.061293,5.289543,-2.57651,-0.74417,-1.3659
-2.07962,-4.57006,-3.46131,0.721702,1.390689,0.725533
-0.8567,9.520201,-1.80418,-0.69595,-4.76939,-0.26075
-1.80604,0.715243,-6.85961,0.814629,-3.4939,0.278
-0.61346,-0.19678,-5.99428,1.403737,-1.79599,-0.69791
1.214103,0.590888,-6.25324,1.139277,-1.23381,-0.66516
2.126829,1.102689,-5.48851,2.115767,0.702254,-0.154
2.411606,-1.10851,-2.32096,3.310753,1.948856,-0.07402
3.281065,-1.94457,6.025771,4.318721,-1.50913,0.753713
0.73366,-0.69663,3.529434,0.309887,-1.64986,0.759705
0.258667,0.751211,1.870919,2.627878,-0.17027,0.156462
0.56925,-0.65457,5.475766,1.811506,0.746721,-0.34585
3.520982,5.370302,7.523549,0.263225,-1.56373,-0.07923
2.338494,6.632671,4.536231,-0.82689,-1.08008,0.187417
1.460249,3.196688,6.617864,-2.06377,2.057403,-0.3319
2.62645,4.128594,-1.93588,-4.5991,2.735063,0.048464
0.509212,6.564992,-6.08199,-3.34663,-1.29258,-0.07043
-2.58527,4.583325,-5.83881,-2.40523,-2.96676,0.694087
-6.66777,-1.24929,-2.24461,-1.83866,3.677754,0.64735
-0.94573,-4.7739,-5.36401,-2.24681,2.165025,-0.96891
0.476089,-5.73374,-5.64396,-1.38257,0.645916,-0.9971
1.357552,-4.41983,-6.1231,0.77861,-0.0892,-0.02718
1.412295,-3.51406,-4.80692,2.883402,0.041226,0.747203
0.804123,2.11192,16.00467,0.283585,6.888215,0.541482
-6.79689,7.6278,5.747639,-2.78439,-0.96524,-1.99206
-1.43472,-4.18193,-2.516,-0.25488,-0.1404,0.592158
1.114852,8.336311,6.54668,-0.8474,-0.00486,0.334288
-0.78008,1.594636,-8.00646,-0.26188,-7.25252,-0.01928
-1.24878,-1.18511,-6.28963,1.448478,-3.53247,-0.01452
-0.68419,1.095267,-7.35511,0.910218,-1.08727,-1.03994
1.691123,1.436949,-6.67496,1.773695,1.928928,-0.5354
2.460189,-1.43552,-3.08993,3.060761,3.27796,0.066851
3.8557,-1.38896,4.695373,5.997384,1.273842,0.306848
0.914057,0.409909,4.515354,0.82729,-2.31597,1.026297
0.314863,1.739216,0.931354,1.399853,-0.41145,0.788284
0.946194,-0.73863,2.907559,2.579075,0.637954,0.180846
2.917032,6.074224,12.30968,1.231372,0.128467,-0.2996
2.126012,6.007843,3.33109,-1.49671,-1.65342,0.125365
1.450884,4.20785,3.001915,-0.5864,1.168909,-0.24964
2.66741,4.251568,0.390292,-4.13748,2.829005,-0.28489
0.299743,4.899217,-4.27382,-3.90344,0.111315,-0.10843
-1.82971,2.945202,-4.85901,-2.70667,-2.7873,0.309764
-4.01371,-0.67775,-3.1436,-1.68159,0.412101,0.718344
-1.20702,-3.7352,-4.32604,-2.22559,2.651627,-0.34869
0.080226,-4.34229,-5.62044,-2.04582,1.20563,-0.78753
0.744949,-3.43572,-6.04791,-0.19574,0.49298,-0.20791
1.224907,-3.51663,-5.24591,1.501922,-0.14857,0.397355
2.358136,-2.06893,4.876014,2.778046,2.805022,0.978963
-7.12295,10.71472,11.82807,-1.7477,4.098111,-0.8536
-3.55171,-1.55017,0.792082,-2.05991,-0.29245,-1.15202
1.633228,3.78408,4.499319,1.093531,1.626552,0.948697
-3.09261,4.714917,-9.91618,-0.9544,-8.19324,-0.40938
-2.80531,-2.895,-8.07,1.922333,-1.36011,-0.10307
-1.36518,-0.22262,-6.74596,1.205668,0.296856,-0.74712
0.691667,2.205521,-7.0628,0.877987,1.358448,-0.65272
1.742919,0.461713,-4.33268,2.861046,2.313096,0.163869
2.755932,-1.43461,0.417339,5.607558,1.736373,0.36057
0.940291,-0.48394,7.311902,1.681546,-3.88846,0.96337
-0.04431,0.510526,1.086748,0.317857,-1.75247,0.643233
1.352194,-1.00078,0.66185,2.019698,0.481251,-0.25556
1.840251,0.861304,2.058113,1.669684,1.190131,-0.11494
5.11288,7.500137,13.89252,0.973747,-0.79141,0.005646
1.220064,4.953421,3.732373,-1.71515,-0.64836,0.153274
2.249155,3.43054,0.460706,-3.42927,1.968479,-0.34248
0.291034,4.671796,-3.31724,-4.05229,1.387064,0.409241
-1.93889,4.048624,-4.64594,-2.9161,-1.52356,0.35008
-4.2654,0.966464,-3.85246,-1.80656,-0.03768,0.505845
-1.44619,-2.93535,-3.79477,-2.21745,3.091115,-0.41948
0.28223,-4.5877,-5.18173,-2.28532,0.730936,-0.87014
0.612239,-3.94087,-5.89742,-0.63418,0.085791,-0.3593
0.913916,-3.65605,-5.54887,1.178999,-0.33296,0.170916
1.99319,-3.21659,-0.76369,2.319486,1.17573,0.894356
-3.66329,8.94777,15.34077,-0.44869,6.262948,0.292758
-5.9811,2.224121,4.87252,-1.90239,-0.64453,-1.42765
-3.12849,-3.09332,-3.20851,0.276746,-0.16716,0.682061
-1.53807,8.194142,-4.76034,0.603108,-4.08143,-0.07386
-1.747,-0.06436,-5.54124,0.242317,-4.72019,0.30912
-0.99503,-1.07175,-5.41456,0.994178,-1.81707,-0.51366
1.246531,-0.25543,-5.46376,0.31093,0.31141,-0.92226
2.898279,1.102754,-4.09188,2.63274,2.094835,-0.75133
3.629078,-0.53004,-0.32116,3.529324,2.293369,0.333308
2.076304,-1.73722,5.487849,2.025313,-3.19592,1.085154
-0.01259,0.066604,1.032535,0.693314,-1.96851,0.991168
0.723002,-1.01706,0.051987,1.927345,0.48285,0.122628
0.694383,-1.32904,2.23532,2.287872,1.2651,0.204083
1.497534,7.56304,10.00529,2.795024,0.623412,0.043874
0.026832,4.759933,5.115809,-1.8685,-0.98811,0.193702
0.742486,3.863385,2.185888,-1.66198,0.560721,-0.56764
1.770645,5.071228,-1.33451,-4.28339,1.957156,-0.01345
-0.55211,3.754151,-4.19409,-3.21135,-1.15995,0.018547
-3.00998,1.521142,-4.24225,-2.37545,-2.30693,0.229607
-5.09924,-0.80147,-2.59783,-1.89789,2.160592,-0.20221
-0.55907,-4.168,-4.84447,-2.20075,1.576985,-1.13304
0.880012,-4.37084,-4.97488,-1.19483,0.467938,-1.12015
1.577955,-3.21624,-5.36598,0.345901,-0.55476,-0.20262
2.504976,-3.15912,-3.12743,1.773591,-0.31085,0.586511
1.284558,0.240082,11.96888,0.471737,4.556602,1.169689
-7.45409,7.469117,9.341461,-0.90532,1.163497,-1.46999
-2.23317,-3.07458,-3.42467,-1.66811,-1.32388,-0.3945
-0.32162,5.210282,-0.5521,1.539956,1.137987,0.632566
-1.52359,1.811955,-6.802,-0.48352,-5.02106,-0.42445
-0.76071,-1.8074,-6.03985,1.634363,-1.7319,-0.14039
1.047054,-0.58036,-5.80113,0.636186,-0.65108,-0.62893
3.073772,2.163923,-5.90811,1.107516,1.345581,-0.41898
3.573856,0.239515,-2.74217,3.472985,2.552759,0.034508
3.164638,-1.92802,3.396581,3.598163,0.039308,1.280113
0.411786,-0.51179,3.685171,0.676484,-2.46648,1.266093
-0.31763,-0.31392,0.363881,1.278191,-0.52942,0.787265
0.422133,-1.00782,1.096237,2.571985,0.113565,0.709478
-0.5139,1.243638,3.039327,2.402127,0.686535,0.060132
3.624571,8.093739,15.8292,-0.76952,-0.22949,-0.17398
1.778806,5.490067,2.477459,-1.9378,-0.51084,-0.01577
0.952562,4.921024,0.156428,-3.24893,1.515727,-0.40228
-0.5262,2.331051,-2.52196,-3.30397,0.485651,-0.20388
-1.55873,1.860623,-4.20498,-2.81218,-1.91101,-0.13202
-3.64567,2.037501,-4.59575,-1.95288,-0.7949,-0.06827
-1.46369,-2.29788,-3.0904,-2.11195,2.599248,-0.45806
0.35768,-4.5453,-5.01559,-1.95865,0.893061,-1.07008
1.082892,-3.73386,-5.222,-0.41882,0.21936,-0.5577
1.504943,-3.19095,-4.71915,0.911218,-0.51124,0.184976
2.277905,-3.16527,-1.36389,1.762161,1.159513,1.108513
-0.9026,3.77343,10.62555,0.496182,5.324922,0.395605
-8.12023,5.044557,6.582508,-2.0676,-0.21125,-1.51479
-3.47739,-2.31573,-3.20801,0.285929,-0.13176,0.571413
-2.67421,12.04771,1.144916,-1.32004,-3.15618,-1.23558
-0.11133,-2.62184,-7.02187,0.108129,-5.20769,0.142578
-0.57321,-1.02274,-6.56522,2.160998,-1.89111,-0.67482
1.508079,1.975134,-6.36966,0.757157,-0.50253,-0.59002
2.45571,1.570379,-5.50369,1.493807,1.284065,-0.06549
2.793978,-1.19683,-2.41959,4.324535,2.049242,-0.06725
3.920391,-1.27407,7.64268,3.791353,-2.81135,0.923684
0.640687,-0.05075,2.604865,0.045766,-2.10758,1.03416
0.234962,0.193448,0.46673,2.109766,0.258449,0.172123
1.040235,-0.81461,2.54629,2.335652,1.233339,0.280409
0.926435,4.05354,5.590926,2.140084,0.595319,-0.20419
2.724196,6.816537,8.955967,-1.82117,-2.24384,0.371981
1.212503,4.308881,2.817674,-1.34132,0.835595,-0.25153
1.718635,3.232617,0.587443,-3.93972,2.762669,-0.40685
0.760179,4.080715,-4.03706,-3.75414,0.460509,-0.19435
-1.16981,4.805325,-5.26882,-2.63861,-2.4062,0.086705
-3.42617,1.487939,-4.40312,-1.24514,0.357275,0.584235
-1.10726,-3.88418,-3.51506,-2.06333,2.566058,-0.43729
0.510555,-5.24749,-5.18756,-2.02524,0.854869,-0.9361
0.912526,-3.88839,-5.99125,-0.25787,0.191421,-0.2421
1.189925,-3.373,-5.5181,1.509938,-0.3234,0.357016
2.009982,-2.47815,2.945996,1.68577,3.574194,0.914341
-4.02734,9.619765,11.75062,-0.61807,2.95231,-0.72297
-4.78064,-0.12268,2.622152,-2.21258,-1.2737,-0.64326
-1.70239,-3.51224,-2.75514,1.281257,1.869609,0.875684
-2.32909,12.15755,0.424672,-1.00082,-5.03814,-0.64875
-2.00949,-0.46617,-6.33359,1.181708,-2.11569,0.113686
0.065593,-1.60803,-6.28921,1.330707,-0.91067,-0.56308
1.875868,0.621503,-5.56555,1.011457,-0.13922,-0.5756
2.661062,1.433165,-4.11473,2.694431,1.455991,-0.30651
3.336297,-0.9942,-0.26602,4.160972,1.605787,0.426793
2.128203,-2.42365,5.796902,1.898184,-2.32793,1.19818
0.265682,-0.13391,1.163151,0.812251,-0.69276,0.859145
0.519649,0.435323,1.047655,2.702015,0.371422,0.431773
0.213404,-0.58541,3.693754,2.66171,0.832012,0.220524
1.606567,7.161632,14.13683,0.182925,-0.30448,-0.25878
2.07143,4.914792,3.332286,-2.13983,-0.9331,-0.16376
2.348751,5.94092,0.809147,-2.76708,1.675104,-0.59467
0.635591,5.10925,-1.99866,-3.35234,1.527642,0.130595
-0.50524,2.257996,-3.92706,-3.30389,-1.33436,0.124437
-3.36044,1.940167,-5.15225,-2.62373,-2.48208,0.144969
-3.91652,-1.35682,-2.89315,-1.59489,2.276818,-0.02118
-0.66705,-4.08249,-4.75426,-2.06211,1.762256,-0.80848
0.658461,-4.43555,-5.39576,-1.1534,0.788285,-0.74952
1.434594,-3.75229,-5.45557,0.583916,0.213301,0.008298
1.915368,-3.42897,-4.18804,2.356188,0.148524,0.667831
1.455543,-0.202,14.94893,-0.90682,5.124787,0.605767
-5.95592,7.990737,9.421494,-0.88586,0.765379,-1.47402
-2.56225,-2.07898,-1.8388,-1.4725,-1.72865,0.228227
-3.16325,4.041018,-1.22549,1.203043,1.932584,0.580707
-1.35774,4.607425,-8.76621,-0.84105,-5.10516,-0.68384
-0.36098,-3.94033,-6.76836,1.419094,-2.43621,0.111787
0.816942,-0.3915,-6.22651,1.238475,-0.95114,-0.60181
2.435879,3.020653,-6.16663,1.506332,1.551735,-0.49488
2.927211,0.459807,-3.01148,3.464646,2.841971,0.149544
3.922899,-1.56596,5.550639,3.992413,-1.51003,1.072212
0.331275,-0.21515,3.792555,0.434781,-2.96403,1.449277
-0.49549,-0.45218,0.026065,1.113758,-0.40211,0.409804
0.483518,-1.77831,0.80211,2.596301,0.5202,0.443644
0.300209,0.702348,2.721886,2.420015,0.811694,-0.12803
3.61896,8.332847,17.48041,-0.3484,-0.45263,0.159692
1.610266,4.869353,3.238317,-1.85171,-0.60356,0.045224
0.954395,4.816314,-0.11669,-3.74307,1.623205,-0.23874
-0.6336,4.807932,-3.2987,-3.53754,0.763042,-0.05512
-1.80882,3.778659,-4.69906,-2.71546,-1.40803,-0.11254
-3.20085,1.388492,-4.60334,-1.95859,-0.84314,0.289333
-1.73104,-3.53241,-2.94416,-1.99584,2.100353,-0.27064
-0.2893,-4.71005,-5.29152,-2.2546,0.766183,-1.12072
0.439176,-3.43214,-5.89147,-0.62891,0.210841,-0.60533
1.167081,-3.64105,-5.51552,1.287555,-0.22399,0.036696
2.441683,-4.22615,-1.75519,2.595162,1.244539,0.848815
-1.34487,6.30025,14.74417,-0.26115,4.704278,0.178983
-6.56657,5.164734,5.125668,-2.67755,-0.60161,-1.51772
-0.61816,-5.91388,-2.36781,0.829706,1.080284,0.679778
0.088897,8.856454,-5.0656,0.177339,-5.11822,0.072409
-3.00155,2.64967,-7.05605,0.285104,-3.96887,0.210787
-0.36458,-1.1999,-5.27778,0.796253,-0.00411,-0.26123
2.145426,-0.7893,-6.30911,0.640937,0.827033,-0.69928
3.082631,1.026004,-4.44824,2.655101,2.092077,-0.07455
2.859061,-0.48192,-0.84585,3.681935,1.626756,0.670197
0.952204,-1.63995,7.401109,1.937072,-3.82576,1.101465
-0.32781,-0.45376,2.119174,0.463858,-2.08543,0.756823
0.546068,-0.98732,0.129342,1.579359,0.368741,0.119664
0.896536,-1.62118,1.470645,2.414412,0.809357,0.249039
1.01681,3.536853,3.254167,2.559577,0.605667,-0.17929
4.543637,7.775605,16.39657,-1.48787,-2.42215,0.575489
0.27536,4.396312,1.730558,-1.64864,0.617789,-0.13416
1.609507,4.100852,-0.38326,-4.01594,3.033169,-0.24907
-0.11187,4.599882,-4.3128,-3.31598,0.453187,-0.25822
-1.43531,2.70146,-4.72766,-2.55221,-2.00667,0.017095
-3.42662,0.839045,-4.31317,-1.79521,0.272439,0.158453
-0.70446,-3.14119,-3.6711,-2.18971,2.53879,-0.78546
0.938577,-4.34479,-5.03633,-1.7766,0.870679,-0.97246
1.371884,-3.78972,-5.88654,-0.11927,-0.22983,-0.19185
1.432902,-3.29103,-5.40234,1.654766,-0.47159,0.445575
2.35894,-3.3058,1.921904,2.127778,2.787827,1.135712
-5.26736,9.397378,13.54036,-1.09034,2.782998,-0.74647
-5.31054,0.642115,3.256689,-2.078,-0.50899,-0.80611
-1.12308,-2.5402,-0.93803,1.431187,1.27476,0.696259
-5.0274,12.83052,-2.52526,-1.19991,-6.22749,-0.71808
-2.13666,-2.10126,-7.03036,1.369393,-0.29299,-0.13462
0.807581,-1.22379,-7.07772,1.218202,0.452242,-0.65092
2.424514,2.074364,-6.00188,1.295838,0.956141,-0.3962
2.684146,1.469303,-3.35421,3.356751,1.672213,0.317135
3.146493,-1.85801,2.631074,4.297301,-1.08975,1.044448
0.383039,-1.4441,4.924454,0.933375,-3.47835,1.255548
-0.39415,-0.17186,1.040907,1.000213,-0.7783,0.160866
1.256259,-1.44089,0.363288,1.971001,1.056342,0.173068
0.986416,-0.595,2.370322,2.149897,0.974306,0.074593
2.709695,7.054813,7.455096,2.457701,-1.06408,-0.12805
2.286094,5.737549,7.910065,-2.13815,-1.49676,0.367661
1.406851,4.767083,1.25705,-2.63263,1.703548,-0.35431
0.902031,5.79898,-2.84932,-3.90951,1.867523,0.354289
-1.4519,3.968124,-4.52057,-3.04553,-1.08713,0.355716
-3.37883,0.531606,-4.55153,-2.41846,-1.33344,0.456876
-4.04535,-1.70157,-2.70226,-1.8315,2.785306,-0.32217
-0.51954,-3.67026,-4.88273,-2.18918,1.403846,-1.04044
0.511353,-3.93888,-5.35281,-1.11146,0.610481,-0.78932
1.37049,-3.45626,-5.25234,0.762934,0.092601,0.006356
2.501592,-3.30482,-2.20146,1.322217,0.443587,0.643968
1.342006,-0.94926,7.318737,0.143496,4.454879,0.567708
-7.84115,7.786905,10.35364,-0.77595,2.291121,-1.5153
-3.77019,-0.97888,-1.61652,-1.47874,-2.39684,0.145576
-3.97466,7.280896,2.446421,0.315905,0.912488,-0.21637
0.107638,0.032398,-7.8624,-0.25336,-6.06239,-0.15321
-0.19171,-2.25923,-7.27589,2.040231,-2.65065,-0.0401
0.857395,0.171445,-6.40638,1.323586,-1.16928,-0.76762
2.604469,2.67091,-6.14161,1.152392,1.420967,-0.56525
3.437994,-0.16349,-3.05227,4.23744,2.63172,-0.0145
4.679084,-1.81968,6.534327,3.906224,-2.14418,0.770335
0.873554,-0.26863,2.951444,0.301604,-2.51793,1.743189
-0.76525,0.246379,0.510562,1.632308,-0.18131,0.42597
0.710765,-0.25676,1.231338,2.485389,0.338258,0.481819
0.492691,2.322308,4.469931,3.404395,1.056707,-0.50287
4.651139,7.158283,11.6307,-1.80576,-0.93892,-0.01843
1.362034,5.163229,0.515836,-1.11697,-0.26703,0.017687
1.53951,2.520877,2.917659,-2.464,2.142374,-0.46048
1.228376,4.461039,-2.31854,-4.48484,1.892182,-0.09047
-0.76137,5.51778,-5.32719,-3.0627,-1.91839,-0.16643
-2.73513,1.331928,-4.10054,-2.02651,-1.26151,0.714423
-2.38081,-2.87245,-2.95887,-2.00628,1.843695,0.072077
-0.61727,-4.58626,-5.36403,-2.54285,1.055919,-0.81818
-0.15982,-2.75341,-6.52197,-1.04571,0.682609,-0.64576
0.670432,-3.03066,-6.28025,0.861549,-0.02416,0.053716
1.622968,-4.04225,-3.52544,3.058814,1.145721,0.602183
0.220764,4.027215,18.71589,-1.65024,5.700178,0.196518
-5.382,5.000459,8.09935,-0.63556,-0.78728,-0.82708
-1.92284,-5.18824,-2.40842,-0.92062,-0.49346,0.524504
-0.96836,5.311401,-8.37032,1.138693,-2.68535,-0.33445
-1.87246,4.139697,-5.61273,0.480852,-2.80447,0.125913
0.481368,0.99103,-6.0467,1.183709,-0.72156,-0.23349
2.899262,-0.21288,-5.99965,1.079994,0.430627,-0.60127
3.755433,0.027775,-3.66711,3.186305,1.672438,0.145827
3.464493,-1.82753,2.273026,3.291289,-0.73258,0.641811
1.702014,-1.47673,3.34522,1.047912,-3.15619,1.197949
0.133362,-0.18056,1.367588,1.692162,-1.00085,0.467537
0.713192,0.055068,0.988136,1.907282,1.725667,0.131639
0.599145,-0.95052,2.824252,2.752433,1.573578,0.351774
1.114679,3.682948,9.354491,0.805551,-1.04997,-0.04327
1.782944,6.427899,5.659236,-1.28999,-2.57512,0.350363
0.516079,4.671664,2.190253,-0.9532,1.953263,-0.61043
3.00334,5.14257,1.816436,-4.11115,3.141032,-0.35024
0.319388,4.69885,-4.43114,-3.71532,-0.6457,-0.37136
-1.35728,2.033001,-5.27235,-2.81616,-2.52131,0.174563
-3.15076,0.650566,-4.91817,-1.7245,-0.93856,0.31916
-1.53508,-3.19803,-4.26134,-1.90945,0.893475,-0.0037
-0.72239,-3.8549,-5.78757,-1.78004,1.456361,-0.56222
0.450557,-3.22612,-6.28088,0.06877,1.444308,-0.29438
1.599441,-3.99233,-4.97969,1.759579,0.765278,0.446695
2.144252,-2.93149,6.698019,0.213087,2.859626,0.977143
-4.58081,8.805288,9.427201,-0.52073,1.270001,-0.61786
-3.53109,-1.02759,2.257157,-1.87818,-0.59548,-0.20328
0.126874,-0.84626,-1.79126,1.295596,2.255047,0.747834
-3.29664,13.02378,1.75549,-1.25185,-5.49433,-0.29208
-2.87203,-1.52136,-7.7027,1.624174,-1.26813,0.963565
-2.02705,-1.77484,-6.87731,1.826384,-0.78774,-0.74105
-0.21329,-0.40336,-5.63196,0.850215,0.283689,-0.90177
0.710255,1.428121,-4.44639,2.144543,1.267259,0.005565
2.42243,0.087395,-0.44738,4.852755,0.352861,-0.0724
3.722174,-2.52353,6.975699,1.517851,-4.89856,0.87419
0.714557,0.171944,1.206184,0.608355,-2.93098,0.507936
0.93468,-0.03008,0.45554,2.347866,1.010581,-0.63711
1.60418,-0.54636,2.619328,2.452503,2.639174,-0.14964
3.824357,6.470236,15.75977,-0.07971,-1.54986,0.373679
1.280822,4.669865,2.35563,-1.60505,-1.61288,0.490271
-0.08067,4.281402,1.982349,-0.68461,1.721893,-0.02528
0.463124,2.741695,2.232017,-4.31768,3.719582,-0.29804
-0.07492,4.595285,-4.61435,-3.56325,0.160377,-0.49544
-1.85284,3.502831,-5.41895,-2.63217,-2.3333,0.05048
-4.93237,0.715375,-3.90901,-1.496,1.24997,0.233412
-0.92037,-3.82583,-4.01062,-2.13316,1.854896,-1.10069
0.909522,-4.76621,-4.97696,-1.43756,-0.21475,-1.01975
1.12557,-4.30478,-5.69336,0.348523,-0.68021,-0.2292
1.353434,-3.795,-4.86565,2.101398,-0.27745,0.470618
2.226254,-1.94444,10.21445,0.347451,4.637197,0.957358
-6.07279,10.06882,9.831715,-1.46071,0.583014,-1.40143
-4.72874,-0.58545,-1.95054,-0.87966,0.432456,0.06829
-2.00441,12.82018,-0.59775,-0.82687,-2.9312,-1.37596
1.203555,-4.52661,-8.8288,0.577868,-5.9446,0.631016
-1.36992,-0.16822,-7.29364,2.050058,-2.04163,-0.83551
1.065713,2.818803,-6.41749,1.27108,0.647713,-1.27001
2.999249,2.297785,-4.88984,2.109442,2.857801,0.045618
3.445648,-1.0199,-0.62047,5.288905,1.320251,0.387872
1.942221,-1.6072,6.493272,1.40586,-4.25315,1.337869
-0.32408,0.105153,1.341163,0.91687,-1.87877,0.944992
0.806281,-1.51395,0.089994,1.771665,0.734847,-0.20674
1.331908,-1.04322,1.755146,2.70317,1.206748,0.309899
1.360588,5.451054,6.830204,2.616879,0.505784,-0.20718
2.939288,6.857185,8.802195,-1.83614,-2.05406,0.177706
1.495513,4.702359,0.834419,-1.7167,1.057228,-0.26272
2.417923,4.989329,-0.66169,-3.49727,3.144412,0.151517
-0.13404,3.498182,-3.62116,-3.3099,0.934547,-0.08878
-1.74616,3.038459,-5.04209,-3.12991,-1.54604,-0.20973
-3.42082,0.875305,-4.71802,-2.00088,0.420036,0.081362
-0.279,-3.38824,-3.86058,-2.31596,1.934888,-0.50187
0.513394,-4.14189,-5.70549,-1.88855,0.403475,-0.88842
1.233151,-3.07604,-6.5414,-0.03964,0.454759,-0.17068
1.897084,-3.31923,-5.39259,1.581863,0.203967,0.59321
2.11021,-3.73891,2.356407,1.913597,2.991742,1.226526
-4.06305,8.485377,10.39161,-0.89972,3.311133,-0.75972
-5.45837,0.598942,4.443067,-1.68606,-1.63658,-0.45688
-3.85676,-2.44514,-3.58972,0.907158,1.775519,0.543237
-0.94567,13.84143,3.110945,-1.25353,-3.09607,-0.97698
-0.2266,-1.74908,-8.31478,1.236718,-3.33265,0.407974
-0.26586,-0.61355,-6.61474,1.947205,-1.52118,-0.70098
1.623518,1.007949,-5.53259,1.157743,-0.09964,-0.7496
2.411586,1.581011,-4.14875,2.742635,1.593923,-0.00343
3.499674,-1.14446,1.364621,4.4688,0.10446,0.416321
2.08972,-1.60997,5.16308,0.832394,-3.50907,1.138416
-0.02845,0.164685,0.791149,1.186272,-1.09766,0.338707
1.026213,-0.87262,0.046546,1.746898,1.250866,0.001532
1.12237,-1.31958,2.264097,2.812442,1.385892,0.411759
1.769592,5.593917,9.912946,1.671079,-0.48051,-0.07807
2.997273,5.995543,6.722557,-1.88819,-2.3643,0.134621
1.792901,4.953965,0.703499,-2.12287,1.552371,-0.29076
1.570225,5.64356,-1.85578,-3.15103,3.337061,0.353209
-0.93343,3.59114,-3.83753,-2.95285,0.644483,-0.13637
-2.64417,2.710858,-4.7622,-2.81339,-1.43005,-0.16122
-3.94173,-1.0029,-1.64417,-2.39635,2.443317,-0.29134
0.551216,-3.61426,-4.5721,-2.36539,0.82061,-0.90367
1.027073,-4.22967,-5.64967,-1.63888,-0.27041,-0.75881
1.600689,-3.38481,-6.71485,0.011738,0.318725,-0.09861
2.366575,-3.27177,-5.50146,1.825357,0.364228,0.615371
1.334321,-2.26492,7.895564,0.905201,3.094698,1.188827
-6.61878,9.70384,10.09927,-1.25752,0.62506,-0.8856
-4.16445,-1.99304,-1.02517,-1.83503,-0.6458,-0.2957
0.063231,-0.86263,0.754467,1.43048,2.404525,0.62524
-4.75698,11.1082,-9.01936,-0.93416,-6.06409,-0.37552
-1.49668,-2.1117,-8.61803,1.869373,-0.00945,-0.0779
0.201716,0.853027,-6.87567,1.567698,-0.00265,-0.83262
1.74704,2.562471,-5.49134,1.886219,0.608535,-0.03287
2.017215,0.531284,-2.31377,4.285342,1.131233,0.282317
4.374307,-3.15951,8.924229,2.583196,-3.07521,0.806415
0.47677,-1.24068,2.663232,0.499571,-2.57592,1.025227
-0.26796,-1.29184,-0.31517,1.223807,-0.27818,0.011238
0.611738,-0.63548,0.536411,2.505162,0.773702,0.195403
0.996986,1.379252,2.693516,2.795753,1.030629,-0.33223
4.673371,8.413507,18.08499,-0.78286,-1.02135,0.264085
1.260661,3.636455,3.426286,-1.74292,-1.06879,0.173813
0.504181,2.905085,0.210238,-2.8995,1.622364,-0.38496
0.186431,5.391185,-2.79525,-3.66932,2.118394,0.192264
-1.5551,4.709505,-4.08996,-2.62151,-0.20928,-0.17625
-2.77864,0.805385,-3.75881,-2.20302,0.246282,-0.06427
-0.74042,-2.04722,-2.68088,-2.43919,1.013999,-0.80276
0.481751,-3.48103,-4.98248,-2.21426,-1.13287,-0.8056
-0.07671,-3.53455,-6.49269,-1.09726,-0.83338,-0.45301
0.712366,-3.65804,-7.00862,0.605273,0.490646,-0.13108
1.86791,-3.93042,-4.75762,2.956036,0.994655,0.398412
2.004499,1.484176,22.90821,-1.29959,2.309404,0.828015
-6.34497,7.164206,6.001227,-1.7515,0.358429,-0.62174
-1.55916,-4.82318,-2.06083,-0.51076,1.462243,-0.00558
2.871876,11.13944,4.376644,-0.69988,-3.70109,0.228571
-2.93237,1.168881,-9.82223,-0.63194,-4.85798,0.546756
-1.29418,-2.58791,-6.90198,1.671496,0.940205,-0.39805
0.185747,0.901585,-6.31192,1.138636,1.076957,-0.96483
0.959643,2.962985,-5.36386,2.657205,1.858478,0.360052
1.798559,0.004306,-1.12741,5.164807,1.155576,0.582809
1.88206,-3.18321,8.935941,1.324979,-3.20215,0.887129
-0.03849,-0.16461,0.666125,0.591327,-1.60163,0.48567
0.615848,-1.74405,-0.81179,1.577412,0.113269,0.114238
0.714673,-0.35426,1.003964,2.637019,0.299343,0.205352
0.609686,4.360034,3.026799,3.175035,1.288747,-0.49315
5.507894,7.332757,16.24735,-1.81011,-0.28356,0.255062
0.82333,3.675871,1.280168,-1.34194,-1.34385,0.23362
0.258496,3.547245,0.102168,-3.67814,2.128737,-0.35944
-0.9485,5.370603,-3.4972,-3.76414,1.177542,-0.12772
-1.80697,3.304209,-4.46704,-2.71314,-0.98312,-0.18126
-3.27675,0.408821,-3.87789,-2.03883,0.642011,-0.09073
-0.02748,-2.4771,-3.41673,-2.60443,0.819803,-0.7501
0.154466,-3.53046,-5.31952,-2.20526,-0.43669,-0.87597
0.250371,-3.41157,-6.57534,-0.57402,-0.27171,-0.51358
1.062953,-3.81898,-6.194,1.072428,0.238899,-0.05467
2.892464,-3.49755,-2.14071,2.654063,1.369765,0.800384
-0.75743,7.013687,16.82998,-0.98247,2.427277,0.236287
-7.21858,2.409688,5.635559,-1.89636,0.458304,-0.35
-1.79587,-5.26873,-2.85446,0.494351,2.101877,0.180259
-3.69995,14.72351,2.635473,-1.26912,-5.62244,-0.67563
-2.25004,-1.81234,-8.14969,1.299673,-1.05536,0.162927
-0.61638,0.802131,-7.78606,2.020856,-0.00754,-0.71216
1.194188,1.524031,-5.84532,1.70934,0.502382,-0.38659
1.51252,0.399337,-3.79832,2.794269,0.880502,0.408136
2.685608,-1.2187,1.141745,4.771209,-0.55042,0.463579
1.465251,-1.73885,5.521301,0.877504,-3.75722,0.986949
0.145765,-0.20588,1.124995,1.005368,-1.71711,0.115278
1.427846,-0.96403,0.378551,1.774464,0.653755,-0.24114
1.636399,-0.68736,2.129005,2.052258,1.499485,-0.17888
2.173987,6.873845,5.256439,2.709365,0.019069,0.179089
1.957363,5.198784,8.232992,-2.1868,-2.52968,0.485901
0.666365,4.114786,1.191157,-0.76254,0.701488,0.094173
1.585661,2.351539,2.923538,-3.41552,3.140124,-0.27056
0.10145,3.791367,-2.987,-4.06477,1.32823,-0.36497
-0.87157,4.61824,-5.741,-3.0862,-1.59416,-0.33337
-2.24805,1.380285,-4.7531,-1.74685,-0.71207,0.411752
-0.65368,-3.10243,-1.803,-1.93142,2.305986,-0.18198
0.595398,-3.59397,-4.77523,-2.36063,0.81075,-0.67893
0.374885,-2.64622,-6.6346,-0.66659,0.190093,-0.22024
0.741332,-3.61569,-6.10377,1.058597,0.053304,0.287696
1.486881,-4.21909,-1.84951,2.587409,2.054506,0.827437
-1.35849,4.846274,15.03267,-0.86446,4.319423,-0.06658
-7.10428,3.825215,6.536882,-1.87104,-1.52505,-0.97692
-3.01548,-2.83232,-2.46354,0.342545,1.667993,0.061484
-0.26442,11.30829,-0.48896,-0.87448,-4.49424,-0.4011
-1.45728,-1.67486,-7.58878,1.731835,-1.54725,0.384931
-0.09898,-0.02143,-6.61532,1.711178,-0.03833,-0.63149
1.957384,1.056978,-5.80032,1.114528,0.566334,-0.41057
2.029244,1.252953,-3.7459,3.145725,1.788321,0.293571
3.123005,-1.05948,2.620569,3.702698,-0.57771,0.745209
1.32721,-1.69082,4.503508,0.63759,-2.76418,0.97761
0.507752,-0.95752,-0.00971,0.820688,-1.20454,0.335231
0.974712,-1.51347,-0.56241,1.452511,0.110668,0.232721
0.626429,1.097517,0.906913,3.064408,0.674879,0.214555
1.106283,3.903742,3.82017,2.968907,1.318168,-0.5769
4.357126,7.954241,14.33411,-1.73338,-0.86002,0.122228
1.412924,4.530694,0.673601,-2.31071,-0.02833,-0.01887
1.941326,4.452884,-0.42413,-2.87575,2.272914,0.045514
-0.28523,1.896175,-2.19259,-3.53854,1.521632,-0.04578
-1.38306,2.70759,-4.84874,-2.98022,-0.92441,-0.2986
-3.33676,2.639938,-5.03621,-1.81839,-0.79,-0.13856
-0.61569,-2.19805,-2.83554,-1.97458,2.338553,-0.37016
1.079838,-4.63522,-4.78283,-2.10077,0.457097,-0.82374
1.331298,-4.54246,-5.96816,-0.65867,-0.42107,-0.45409
1.207736,-3.66295,-6.18277,0.993782,-0.27673,0.250143
2.171812,-2.34252,-0.37827,2.474928,2.980905,0.712841
-3.82136,9.337668,11.54309,-1.33332,2.263539,-0.49369
-5.05278,0.485451,3.100489,-1.73855,-0.41644,-0.30716
0.677073,-7.77372,-1.89672,1.241906,2.162239,0.853335
-0.95644,6.991983,-7.56196,1.124888,-5.24199,0.435369
-3.46469,5.324085,-7.20632,0.237015,-3.20844,0.203057
-0.05118,-1.03849,-5.68841,1.116667,-0.54258,-0.19475
1.839253,-1.32961,-5.55995,0.624159,0.814996,-0.81481
3.112888,0.994912,-4.27262,2.783693,2.006901,-0.13507
3.150957,-0.09143,-0.4944,3.482508,0.890011,0.652371
1.779207,-2.07244,4.685489,1.866178,-3.45403,1.193027
-0.1059,-1.55448,1.434305,0.891606,-1.73643,0.837157
0.162571,-0.19204,0.750751,2.668721,0.526891,0.093953
0.009321,0.070487,4.132434,3.069392,1.659282,-0.19087
3.31616,6.925732,12.40479,-0.41911,-1.71554,-0.18602
2.374195,5.056949,3.470722,-1.27263,-1.03445,0.233142
1.306461,3.933514,3.174898,-0.70299,2.031285,-0.16186
1.782839,4.218803,1.452711,-4.55236,2.51432,-0.32922
0.03994,5.925131,-5.10665,-3.92573,-0.92857,-0.16492
-2.33733,4.424561,-5.51309,-2.49869,-3.08074,0.415452
-5.92256,-0.08082,-2.78583,-1.09826,2.345171,0.41091
-1.39029,-4.4102,-4.33943,-2.71582,1.79626,-1.15223
0.639202,-5.09024,-5.09122,-2.03221,1.049928,-1.29591
2.081385,-3.67872,-6.1772,0.095091,0.244498,-0.63538
2.927977,-2.08023,-4.95544,1.9631,0.061254,0.649145
2.434707,-1.46515,5.668781,1.784721,4.015802,1.587439
-8.01023,8.569218,9.792538,-1.62428,1.889342,-1.31537
-5.11712,-0.7784,1.740128,-1.89957,-0.81752,-0.31552
-2.36702,-2.24504,-0.00759,1.002857,2.427007,0.771955
-2.21559,10.43902,-5.35753,-1.0268,-5.82318,-0.66973
-2.16744,-0.81514,-7.45874,2.017021,-0.86624,0.053022
0.360655,0.452177,-6.91937,1.286342,-0.25082,-0.77067
2.37324,1.141309,-5.99813,1.52985,0.384489,-0.14635
2.530685,0.25187,-3.03561,3.871084,1.384833,0.259437
3.975339,-1.63152,4.030267,3.47504,-1.44865,0.728098
0.799787,-0.63013,4.202497,0.575222,-2.46735,1.206766
-0.18918,0.440765,0.4856,1.141749,-0.22937,0.224701
0.846579,-0.73887,0.449521,1.775565,0.949819,0.364204
0.644435,-0.25317,3.061613,3.087461,0.834777,0.099709
1.860294,5.174818,8.666369,0.606229,-0.18545,-0.01073
0.402994,4.873279,5.395229,-0.87009,-1.16305,0.075066
0.82088,4.685804,2.298026,-0.7581,0.39832,-0.33664
2.473405,4.102814,2.612716,-4.36928,1.581876,-0.14237
0.111038,3.717804,-3.76842,-4.14795,0.10904,-0.15296
-1.43959,3.307675,-5.64316,-2.67472,-1.9672,-0.02785
-3.28983,0.92043,-5.01233,-1.32538,-0.3722,0.280843
-1.86971,-3.6821,-2.9522,-1.95312,2.673929,-0.42167
0.303887,-4.16138,-4.55259,-1.717,1.445928,-1.11984
1.26501,-3.05194,-5.28605,-0.04352,0.253408,-0.37463
2.172426,-3.11415,-3.60814,1.325235,-0.19336,0.516844
1.700361,-3.69104,2.485026,1.454148,2.869928,1.123935
-5.75181,7.134671,11.70775,-0.52061,3.249022,-0.92921
-5.90342,0.799408,2.681233,-2.27385,-1.15055,-0.98856
-3.59416,-0.35266,-1.61018,0.519562,2.053242,0.262509
-1.32384,10.22123,-6.88077,-1.37027,-6.10142,-1.07417
-1.3283,-4.46386,-7.17063,2.326525,-1.88622,-0.27739
-0.05222,0.794673,-7.68486,1.64185,0.149615,-0.53754
1.925464,4.106745,-7.37519,1.412188,0.41883,-0.24964
2.402483,2.466097,-4.70185,3.311847,1.313847,0.348754
3.44478,-1.42439,2.933347,4.92004,-1.10081,0.721759
1.356666,-1.10237,5.183479,0.800935,-2.7509,1.047555
0.269668,-0.69663,-0.27687,1.104212,-0.29251,0.351298
1.001429,-2.35732,-0.31517,2.034545,0.444558,0.428704
0.603526,0.734047,1.501374,2.565954,0.023047,0.232905
1.270871,8.061827,9.843904,2.553038,1.935998,-0.20455
3.297857,5.554869,7.801315,-1.98873,-0.90463,-0.09858
1.310735,5.457171,0.129249,-2.46956,-0.11941,-0.02985
-1.47653,3.97154,-1.9138,-2.85762,1.520746,0.260528
-2.41248,1.566191,-2.9348,-2.98189,0.655466,-0.18779
-3.54985,3.740308,-5.03495,-2.72713,-1.0925,-0.63777
-2.1091,0.657993,-2.04954,-2.56065,1.705343,-0.55307
0.586027,-2.81789,-4.42117,-2.63247,-0.29228,-1.07346
0.470438,-3.64744,-5.72593,-1.68314,-1.43763,-0.76246
0.646882,-3.64767,-6.42907,-0.37893,-0.6056,-0.39808
1.503355,-3.82458,-5.94747,1.191879,0.419845,-0.01032
3.151546,-3.3456,2.426246,3.035947,3.505533,0.620423
-4.27402,7.703058,8.551856,-2.17909,1.609247,-0.36833
-4.05779,0.187325,-0.17702,-1.20165,0.297752,-0.3624
2.601561,-7.57301,2.233774,1.568992,2.204137,1.249103
-4.37071,12.59156,-1.43753,-1.23317,-3.92252,-1.18255
-0.03283,2.242543,-7.50889,0.867869,-1.11037,0.587021
1.151672,-1.25517,-6.87004,0.948187,0.317548,0.04055
2.858206,0.198674,-5.29134,1.312968,1.748843,-0.03892
2.160562,-0.12533,-2.36859,3.670161,1.877126,1.043066
1.487785,-1.39904,2.807669,3.214518,-0.75276,1.206531
-0.97736,-1.34812,4.629582,0.933462,-2.38723,1.012928
-0.61053,-0.10973,0.825489,1.124053,-0.95349,0.400356
0.66243,-0.65112,0.803919,2.053293,-0.28509,0.487371
0.431392,-0.58365,3.255253,2.368152,0.317746,-0.03924
3.083244,7.422134,13.7435,-0.1314,-1.76262,0.29217
0.089678,3.731923,2.659282,-1.43576,-0.94584,0.167623
-0.02514,4.236045,2.303013,-1.50599,1.865647,-0.67227
1.235938,4.649152,1.173718,-4.46851,1.271046,-0.41529
-0.40645,5.009802,-4.7783,-3.67242,-1.8929,-0.67746
-2.17626,3.258714,-5.26901,-2.0346,-2.13739,0.328317
-2.90412,-1.7703,-3.24931,-1.26823,1.630827,-0.03006
-0.19701,-4.33303,-4.42293,-2.63938,1.34611,-0.91816
0.392205,-3.80596,-5.95168,-1.36995,1.205868,-0.85793
1.752262,-2.74318,-5.89265,0.779565,0.452121,-0.20547
2.913005,-3.00381,-2.36606,1.668031,0.783793,0.820024
0.226775,-1.55702,6.612717,0.880397,4.256073,0.768744
-7.85034,7.066646,10.95264,-0.84147,1.593302,-1.32171
-4.27937,-1.93242,0.522619,-1.92474,-2.86075,-0.37639
-7.06664,2.105405,-1.94671,0.834072,3.713055,-0.3338
0.419552,6.951338,-7.82301,-1.16481,-3.11459,-1.30059
2.427195,-3.55663,-6.10355,2.711994,-1.98138,0.190668
3.648358,3.261963,-6.46553,1.345349,-0.83018,0.288931
4.190918,4.135395,-6.2052,1.675219,0.098962,0.57855
2.701276,-1.08484,-3.0111,3.835343,0.478438,1.046767
2.535352,-2.52948,8.581224,2.993843,-1.59364,1.213043
-0.78266,1.112158,3.861582,0.803761,-0.66829,0.898366
-0.31789,-0.67026,-0.02004,1.034566,-0.04975,0.581867
0.089049,-2.10548,-0.07659,1.004139,-0.54093,0.504013
0.274586,-1.00967,0.883529,2.186411,-0.98486,0.556614
0.610035,3.713011,2.997008,3.023931,-0.17216,-0.63737
5.778577,7.317946,14.51855,-1.29255,-1.02875,0.338541
1.013677,5.051657,1.959335,-1.81811,0.062014,0.038664
0.702181,5.314357,-1.36042,-3.82967,1.189262,0.118876
-1.76167,4.319422,-3.53041,-3.50423,-0.59427,0.275888
-3.8114,2.820675,-4.90907,-2.53623,-1.2326,0.002082
-3.37289,-0.88715,-3.00424,-1.97386,1.708463,-0.21777
-0.14694,-3.12118,-3.61606,-2.54821,1.426974,-1.1499
0.685345,-2.71988,-5.04132,-1.42632,0.300173,-0.85637
0.966823,-2.66742,-5.00724,-0.30997,-0.00044,-0.3278
2.075756,-3.31478,-4.20302,0.546222,0.343785,0.230046
3.070584,-4.1554,-1.67302,1.717842,1.15278,0.983767
-1.77861,3.051481,8.992839,1.040875,4.31647,0.101286
-9.18535,5.677395,4.294118,-2.64751,0.371003,-1.67672
-2.717,-4.50411,-1.76627,-0.60664,-1.67667,-0.14687
0.308174,0.561323,0.522074,0.630257,0.523755,1.399229
-3.41192,9.427172,-8.77938,0.003128,-6.38586,-0.30685
-1.81543,-0.67374,-7.4399,1.327196,-1.70208,0.227236
-0.33124,-0.93433,-7.43607,1.263939,0.134904,-0.64013
0.973976,0.784044,-5.36296,1.883457,0.749124,-0.30867
1.197515,0.265829,-2.9563,3.768564,1.168948,0.087134
4.740621,-1.07505,8.609381,3.091487,-3.44255,0.628551
2.290931,0.208689,4.018589,0.316366,-4.74168,0.955674
-0.54413,-0.18481,-0.53608,0.962371,-0.66041,0.023249
0.368135,-2.22212,-0.18645,1.371273,1.783336,-0.27098
0.797008,-0.49816,1.423572,2.784327,1.754938,0.227403
1.521772,3.679601,3.391073,2.816463,0.781827,-0.37587
4.110198,7.946304,17.04323,-1.42743,-4.34372,1.152414
0.189584,5.283759,1.266923,-2.28417,-0.09919,0.463512
-0.6786,5.316782,-1.88566,-3.39269,2.943605,0.423372
-2.53812,3.890267,-3.78421,-3.36183,0.828294,0.078682
-4.50582,2.232246,-6.01838,-2.75662,-1.79672,-0.39427
-4.37093,-1.12385,-4.54315,-2.21054,0.202791,-0.43594
-1.3274,-3.78566,-3.8127,-2.33677,2.085647,-1.34322
0.826663,-3.50577,-5.21009,-1.25824,0.7817,-1.33994
2.570669,-3.11131,-4.38964,0.249753,0.106639,-0.44307
3.714872,-2.64118,-2.841,1.184419,-0.42551,0.635135
2.564625,-3.27611,0.924673,1.228281,1.065286,1.746243
-4.81586,5.143478,10.13538,-0.06434,3.694211,-0.4241
-7.79526,2.045019,3.389638,-2.10807,-0.51766,-1.405
-2.20868,-4.27793,-3.5846,-0.34215,-0.39906,0.729923
-0.79608,6.042238,5.247402,-1.2822,0.046144,0.204662
0.752062,1.918968,-6.74208,0.853851,-3.37513,-0.27928
0.643873,-0.9821,-6.04962,1.293749,-4.16869,0.124913
0.554177,1.963873,-6.71862,1.746146,-3.33973,-0.68558
1.603627,0.901143,-5.93009,1.780984,-1.05579,-0.19459
1.502378,-1.84394,-3.20464,2.189351,0.373512,0.020425
2.829791,-1.68347,0.893605,4.683315,-0.61445,-0.14792
3.30947,-0.03686,5.082078,1.429154,-4.0424,1.129554
0.20749,0.856406,2.045052,1.612524,-2.04838,0.41619
0.316706,-0.70856,1.792034,1.829301,1.160366,-0.0469
1.091235,2.047951,6.312223,2.161236,-0.00852,-0.04791
3.56947,4.891791,5.598658,-1.57283,-2.6142,0.566621
0.424438,2.558411,3.981071,0.016321,0.268317,0.802765
-2.51048,3.503683,5.578998,-3.51809,2.469584,-0.73822
1.632418,7.0112,-3.78006,-5.05949,0.069278,-0.00099
-2.49532,7.703633,-6.66398,-2.82635,-3.45017,0.059276
-5.87348,1.809994,-3.9765,-0.75193,1.285686,0.88627
-2.9822,-2.96911,-2.26007,-3.31822,2.008539,-1.5018
0.533518,-3.58022,-5.06824,-2.36164,-0.06398,-1.67036
1.705633,-3.37906,-6.35766,-0.44747,-0.34696,-0.80543
2.251912,-3.73182,-6.24653,0.697037,-0.4065,-0.07865
2.749996,-4.40668,-4.22061,2.621158,0.362516,0.856066
-0.39481,-0.18672,15.98082,-0.85843,4.953011,0.659445
-7.05309,7.225251,6.68713,-0.9559,-0.54197,-0.80551
-5.45291,-1.99526,-3.20835,-1.19769,-1.76022,0.290322
-9.02683,9.199541,1.581604,-0.9186,2.310738,-1.54198
1.978085,-2.5442,-7.3551,1.072725,-2.88049,-0.04317
1.644864,-0.86215,-5.74399,2.945372,-3.89054,-0.14711
1.594732,3.751155,-7.29089,2.040493,-3.0775,-0.55992
2.87239,2.597168,-5.74685,1.388209,-0.91514,0.242942
2.921207,-1.39222,-2.22209,4.606216,-0.13254,-0.33372
5.149762,-2.64649,4.855139,2.597781,-3.91904,0.442424
1.019822,-0.49933,1.122028,0.744119,-1.49218,1.142189
0.53531,0.463569,0.576954,2.068903,0.469552,0.048331
0.500316,0.28359,2.306367,2.546321,1.16025,0.499347
1.467359,2.397388,9.452845,1.686736,-2.02775,0.021958
1.660154,5.430506,4.093614,-1.65692,-1.82179,0.408052
0.581084,3.120441,3.048212,0.332516,0.868925,0.527422
-1.38026,2.130302,9.856556,-1.87433,-0.47122,-0.44973
2.540891,4.425862,-1.19004,-5.52224,1.515944,-0.38159
0.571609,7.758329,-6.40804,-3.54076,-0.47654,0.102344
-1.64396,3.71094,-5.43926,-2.07105,-1.34894,0.324579
-3.61734,0.584235,-4.52758,-1.209,0.351688,0.9406
-3.25138,-4.0602,-2.54562,-2.45564,2.638588,-0.82947
0.027056,-3.55371,-5.73281,-1.73956,0.721362,-1.25481
1.426989,-3.92125,-6.0784,0.205599,-0.16076,-0.18401
2.066564,-4.29652,-4.84716,1.53701,0.031835,0.447648
2.464798,-3.21918,0.938517,1.949485,3.500123,1.164977
-4.64164,9.665588,12.14577,-0.28056,4.007985,-0.97849
-5.92991,0.259217,3.680341,-1.92755,-2.12959,-0.75877
-3.42729,-3.71235,-3.35066,0.192683,1.789337,0.886021
0.551456,9.976708,7.491117,-1.7865,-0.37571,-0.39773
1.230016,-0.48688,-8.1239,0.827584,-3.22637,0.3825
0.526224,0.175714,-7.00647,1.773577,-2.03744,0.069788
1.233954,2.7377,-6.36096,1.29129,-1.062,-0.75124
2.267626,2.085229,-4.55333,2.917228,0.779019,0.065209
3.061279,-1.41651,1.02195,3.884812,-0.14244,0.504674
2.066119,-2.28788,4.122252,1.047098,-3.12823,1.065772
-0.60889,0.122474,0.643812,1.52847,-1.43139,0.337366
0.175234,-1.83745,0.057285,1.218569,0.541108,-0.07915
1.087967,-2.49419,1.383091,1.933414,0.411112,0.274735
1.769633,3.427545,3.151293,3.405876,-0.61052,-0.24068
6.324183,6.76944,14.76874,-1.29118,-5.07946,1.061915
0.490977,5.391526,2.36138,-0.78681,-0.0942,0.554937
2.060483,5.50385,0.916119,-3.40896,4.84823,-0.51986
0.544976,4.657828,-2.80281,-3.69673,2.999616,-0.07535
-1.07271,3.565252,-5.57284,-2.92531,-1.2177,-0.55478
-2.92302,0.993244,-5.34776,-2.29202,-1.47695,0.208367
-1.6237,-3.15669,-1.78907,-2.35272,2.762961,-0.61765
1.316328,-3.85931,-5.02091,-2.01038,0.435743,-0.92331
1.045054,-3.63761,-6.18235,-0.4888,-0.21891,-0.28086
1.270146,-3.09058,-5.62807,0.907292,-0.29935,0.254664
1.944514,-3.68306,-2.17286,2.168499,1.073699,1.085694
-1.04738,2.732939,12.31968,-1.06475,5.895101,0.022447
-6.87735,4.686877,10.32016,-0.56154,-0.22299,-1.25411
-3.03176,-4.41222,-1.58464,-1.61732,-3.38263,0.27154
-1.47474,0.062973,-6.10811,1.56952,1.020168,0.475671
-8.24475,14.63172,1.781918,0.168519,-0.39674,-1.29866
2.284386,0.158939,-6.68987,1.459371,-2.55451,0.485899
2.499848,-0.6402,-6.67804,1.601818,-1.95492,-0.19815
3.604526,0.851039,-5.11844,1.779951,-0.08303,-0.4542
3.669612,0.116329,-0.72378,3.688366,0.852558,0.179677
3.077871,-1.80411,4.955278,1.495933,-2.52886,0.951552
0.445007,-0.50108,1.402086,1.259577,-0.80759,0.68956
0.225146,-0.71096,0.047454,1.397549,1.258202,0.30565
0.491352,-0.71969,0.985796,2.326564,1.155489,0.665714
-0.04746,-0.22754,3.511631,2.812303,0.293272,0.435002
1.875873,5.805329,15.54934,-0.9366,-2.91933,0.055296
1.689506,4.357301,2.810455,-1.32531,-1.175,0.018951
1.827547,4.316103,2.241073,-1.78616,2.99614,-0.60142
1.992407,5.886201,-0.44651,-4.70666,2.804724,-0.10442
-0.87493,7.103592,-6.1537,-3.24421,-2.03331,-0.70056
-2.85634,2.366924,-5.29546,-2.23705,-1.96048,0.578316
-3.99634,-2.91677,-2.32864,-2.16626,2.74161,-0.08116
0.351709,-4.14847,-5.05257,-2.5785,0.78991,-1.18498
0.906684,-3.32227,-6.43764,-1.07459,0.047099,-0.70009
1.527815,-3.25984,-6.56008,0.546375,-0.27335,0.049728
2.043271,-3.61463,-4.81783,2.634802,0.607011,0.73509
1.25426,-1.11565,13.30825,-0.576,5.964159,1.075658
-5.91309,9.238669,9.125793,-0.71379,0.247686,-1.21446
-3.78748,-3.22656,0.608332,-1.56852,-2.30116,0.279599
-5.77548,0.443145,-4.778,1.477769,1.982409,0.258662
-4.64595,13.01832,-1.02901,-1.18725,-1.78004,-1.21722
1.375931,-3.51941,-8.00513,1.979819,-2.68883,0.358161
1.006358,0.360012,-6.99691,2.056946,-1.3685,-0.53936
2.565937,2.562689,-5.94583,1.381853,-0.47808,-0.51366
2.961973,1.062397,-4.04921,3.026417,0.636351,0.284066
3.395657,-1.90701,3.749108,3.728846,-1.73126,0.623919
0.922196,-0.64056,3.456304,0.611638,-2.68866,1.016218
-0.3684,-0.37908,-0.00095,1.531781,-0.13933,0.049378
1.206645,-1.14188,0.455258,1.771419,0.678275,0.175491
0.370294,0.088967,3.146465,3.449102,0.861996,0.311057
2.476981,4.786325,12.57154,-0.19863,-2.0479,0.086968
2.258571,5.200668,4.05955,-0.88152,-1.98956,0.327421
0.981442,4.431,2.262903,-0.28997,1.694632,-0.17657
2.989556,4.0689,4.748679,-4.06446,2.37748,-0.54033
0.997643,5.18039,-5.44106,-4.42593,0.584159,-0.10502
-1.53897,5.411608,-6.1403,-2.75857,-2.11318,-0.04799
-3.80306,0.815452,-4.85767,-1.17033,0.412829,0.787141
-1.77064,-4.09466,-2.49359,-2.5166,2.58867,-0.65596
0.810694,-4.35219,-4.99858,-2.1946,0.792908,-0.96109
1.197819,-3.79029,-6.60288,-0.31767,-0.14788,-0.28707
1.352106,-3.22953,-5.78615,1.22453,-0.16236,0.361108
1.681843,-3.31535,-0.45671,2.273131,2.849632,1.09657
-3.65085,6.48625,11.83033,-0.5968,5.392694,-0.44255
-7.78183,1.749717,6.694449,-1.51114,-2.37705,-0.92094
-3.29874,-3.24508,-4.61385,-0.15872,-0.33574,0.401114
-2.88452,15.67115,5.963859,-1.66783,-1.27911,-1.44735
1.165488,-1.37385,-7.65735,0.913528,-3.66762,-0.05185
0.899972,-0.10518,-7.85321,1.899585,-2.06104,-0.36644
2.327042,1.651041,-7.01485,1.507963,-0.75162,-0.534
2.775255,0.726167,-5.47482,2.444238,0.661343,0.221506
2.280835,-1.4456,-1.6787,4.669003,1.213976,0.309964
2.383203,-0.69388,8.994252,2.29269,-4.11985,1.026815
-0.04535,1.208488,2.889223,0.869159,-2.33845,0.410309
0.950255,-1.07523,1.01542,1.3793,1.101719,-0.40192
1.787047,-1.6899,1.484061,2.184674,1.851146,0.191448
1.197924,2.262693,3.728521,2.608836,0.95334,-0.03694
3.181198,6.648021,12.98731,-1.34488,-3.99294,0.669402
1.253016,4.062659,2.465895,-0.94572,0.035694,0.109118
2.563489,4.214793,3.392098,-3.14061,3.688479,-0.62495
1.773044,5.707048,-3.2423,-4.88658,2.305639,-0.07638
-1.08201,7.463467,-6.923,-3.14012,-2.67077,-0.47924
-3.33528,1.92623,-5.48764,-1.86022,-2.10914,1.161084
-3.99184,-4.27286,-2.99839,-1.77294,3.064441,0.081747
-0.26412,-5.43837,-5.50008,-2.64692,1.288433,-1.13893
0.497175,-3.12035,-6.66662,-0.91335,1.068246,-0.9199
1.76137,-2.85828,-6.28703,1.18507,0.055121,0.261587
3.288999,-3.6339,-0.79968,2.607893,1.860709,1.274063
-1.40729,3.235423,13.62531,-0.06626,5.073522,0.361867
-7.37374,4.397837,6.08706,-1.86815,-0.11045,-1.26316
-1.61842,-6.00578,-0.85665,-0.71308,-0.89159,0.314412
-0.00205,7.396839,2.894651,-0.41552,-0.85921,0.527149
-0.81088,5.698311,-11.2312,-1.59946,-5.92572,-0.67829
0.065464,-3.77487,-10.6576,1.418182,-1.93173,0.009951
0.081491,2.354976,-8.37966,1.797602,0.557239,-0.77213
1.490869,3.672908,-6.34063,2.583839,1.49234,-0.0752
1.838281,0.203121,-3.03329,4.05995,2.216461,0.517192
4.365726,-2.07459,14.34936,3.164299,-3.0772,0.964045
-0.06999,0.108636,3.543574,0.145344,-2.00101,0.846389
0.146056,-1.61763,-1.39017,1.005021,-0.44739,0.249114
0.464072,-2.71861,-0.17441,2.249387,-0.19343,0.39354
1.045906,0.040514,1.707009,1.832294,0.195572,-0.26072
2.366762,9.108236,3.885574,4.329638,0.199554,-0.61545
3.763682,6.70847,12.03271,-2.7328,-1.68083,0.404744
1.011521,4.402977,-0.95031,-3.25401,1.52587,-0.52877
0.468614,5.716498,-4.13145,-3.80068,2.403515,0.388203
-1.28162,4.799288,-5.37863,-3.1635,-0.89167,0.165301
-3.02567,0.778927,-5.55383,-2.39914,-1.55971,0.41429
-3.69842,-2.29064,-2.6441,-1.4469,3.020223,-0.22603
0.560089,-4.16218,-3.75311,-2.41572,2.104397,-1.16276
1.523554,-3.30109,-5.31251,-1.20486,0.429763,-0.86705
1.737194,-2.83718,-5.72556,0.429142,-0.48274,0.064311
2.364217,-2.91463,-3.57042,1.914134,0.357062,0.830015
0.766787,-1.80797,7.232359,0.796814,5.070094,0.928237
-6.86016,8.15191,9.588298,-0.78231,1.893098,-1.35828
-4.63984,-1.80189,1.993708,-2.04648,-3.03024,-0.28935
-8.48534,8.409969,-1.05225,-0.30788,2.890532,-1.29259
3.714405,-0.29402,-10.634,-1.28156,-5.62763,-0.66247
0.843855,-1.56645,-9.08624,2.337819,-3.23922,-0.31644
1.120513,3.284033,-7.17325,1.866582,-0.70569,-0.64464
2.633492,3.159365,-6.17756,1.916998,1.061481,0.030939
2.781966,-0.72057,-3.06025,4.336277,2.212403,0.313458
4.399354,-2.25026,12.12773,2.960439,-2.4466,1.009487
-0.02945,1.349279,3.10272,0.460317,-1.53362,0.841467
0.348611,-0.42984,-0.31668,1.044677,0.802213,0.12038
1.43216,-2.5011,0.018162,1.233508,1.126551,0.343846
1.117727,-0.40793,1.380434,2.537339,0.039533,0.584444
1.06417,3.486278,3.087579,2.241431,0.027821,-0.22356
1.977771,6.749015,14.66418,-1.38991,-0.89206,-0.07127
2.281935,5.338445,1.092771,-1.72412,-0.11432,-0.38269
2.778358,4.769227,-0.84157,-3.56408,1.992272,-0.01139
0.075195,3.003202,-2.64978,-3.52715,0.819803,0.356278
-1.32359,2.549921,-4.58761,-2.70365,-1.14397,0.123182
-2.87516,1.075741,-4.38925,-1.76597,0.781836,0.007936
0.335893,-2.03865,-2.89303,-2.47034,2.317541,-0.45358
1.07826,-2.92736,-5.29829,-2.18629,0.462035,-0.54754
0.704113,-2.59058,-6.49512,-0.5156,0.076593,-0.00705
0.951058,-2.86752,-5.8709,1.145946,0.548345,0.401244
0.858045,-3.78336,-2.79376,2.485219,1.870521,1.012859
-1.81752,1.899064,13.97508,-1.22879,5.673824,-0.08541
-7.21222,5.632116,9.791691,-1.03398,-1.38664,-1.50348
-2.08212,-4.22678,-3.08556,-1.83791,-3.20732,0.206482
-2.71624,4.795522,-4.57433,1.224853,2.234638,-0.00784
-0.03737,4.949227,-9.14559,-0.22111,-4.55576,0.071834
-0.44696,-2.22889,-6.92886,2.17756,-1.99756,0.186223
0.328461,-0.70559,-5.6302,1.050897,-1.41192,-0.7729
1.457555,1.885939,-6.21639,1.360027,0.657446,-0.26506
1.995904,0.619318,-3.45783,3.115936,2.114696,0.042965
3.308335,-0.93321,2.220594,4.054255,-0.50758,0.709782
1.290957,-0.04097,4.475931,0.67972,-3.58173,1.053235
0.153444,0.503241,0.733751,0.937155,-1.18198,0.269962
0.898904,-1.62918,0.1109,1.53851,0.932946,0.09877
0.678316,-0.62246,2.217655,3.102403,1.367502,0.171165
1.831278,3.302543,6.230082,1.436843,0.085296,-0.21287
2.075045,6.599952,8.243698,-1.41339,-2.97094,0.45962
1.08952,4.320073,0.753162,-0.92589,0.253929,-0.29447
2.66878,5.159369,1.355023,-2.9042,3.306051,-0.30249
0.0768,2.289433,-2.06676,-3.6728,1.927823,-0.14711
-0.29932,2.104389,-4.60882,-3.44881,-1.20799,-0.29171
-2.63472,2.422244,-5.61066,-2.10576,-1.48271,-0.09091
-1.12737,-1.14943,-2.9993,-1.54335,2.243487,-0.16103
1.332294,-2.99872,-4.32162,-2.38671,1.287396,-0.60137
1.612231,-3.13233,-5.91093,-0.70001,0.440249,-0.1356
1.744124,-4.2493,-5.75671,0.776956,0.037068,0.406709
1.615654,-4.43996,-3.83155,2.300013,0.942036,1.026142
-2.89597,2.580039,16.3212,-0.78955,6.283533,0.096345
-6.83527,6.9504,7.176282,-2.14171,-1.63678,-1.46021
-1.51857,-4.16824,-3.14855,-0.03725,-1.02782,0.710326
0.977231,7.635227,1.595079,0.01694,-1.82785,0.400171
-1.67694,0.853747,-7.88561,-0.02503,-5.45793,0.476536
-1.43369,-2.42972,-5.9784,2.362597,-0.42818,-0.15648
0.423894,-1.32763,-5.16241,0.408065,-0.19935,-1.01468
1.620443,1.906807,-5.98555,0.969354,1.034127,-0.2195
1.989652,1.338653,-3.26071,3.341914,1.497146,0.084004
3.138477,-1.28073,3.122442,4.045145,-1.44671,0.647911
1.352767,-1.07189,4.193832,0.632389,-3.70046,0.989307
0.838478,-0.12996,0.132602,1.061162,-1.17087,0.138978
1.612364,-1.53506,0.694036,2.508299,0.709524,0.010863
1.012627,2.076855,2.892544,2.862056,1.806726,-0.28891
3.992522,9.475426,19.05517,-1.32966,-1.49504,0.333253
0.804496,4.049744,1.372715,-1.9037,-0.86029,0.40008
0.451058,3.441247,0.725085,-2.18825,1.904302,-0.55239
-0.09908,2.446162,-0.6139,-3.68809,2.439354,-0.04091
-0.41609,3.50507,-4.39977,-3.57544,-0.89193,-0.18118
-2.82837,2.638385,-5.47432,-2.2852,-1.47695,-0.1115
-2.02276,-0.3856,-2.57763,-1.79031,2.22655,-0.24086
0.968552,-3.38808,-4.77464,-2.60372,0.521184,-0.73744
0.745208,-3.18675,-6.33076,-1.146,-0.3133,-0.53241
0.970515,-3.43487,-6.35042,0.591872,-0.25858,0.086847
1.664021,-3.58667,-4.67742,2.501138,0.758726,0.586763
1.139213,-0.43466,12.71885,-0.2086,5.623937,0.87475
-5.97957,9.177311,8.457983,-1.44669,0.028616,-1.22239
-2.58027,-3.73352,0.111327,-1.26773,-0.95729,0.101936
0.194382,-0.75086,-1.19411,1.66813,1.55654,1.035258
-3.11845,11.1173,-0.53309,-0.74661,-3.99823,-0.1612
-1.71378,0.010687,-7.55087,1.278252,-1.41565,0.32702
-0.10026,-1.43573,-6.34386,0.976481,-0.75338,-0.73743
1.418375,0.217432,-5.66791,0.922683,0.275777,-0.49966
1.703209,0.941565,-3.83588,3.16214,1.237136,0.074782
2.832398,-0.46424,1.208034,4.129409,-0.44222,0.473532
1.927489,-1.25296,5.59762,0.852866,-4.37423,0.878357
0.533351,0.232975,0.544284,0.818545,-1.70161,0.095261
1.03445,-1.11191,-0.15677,2.0127,1.50101,-0.21567
1.128751,-0.51622,2.554597,2.696937,2.327147,-0.18748
3.298322,7.096138,11.82025,0.67731,-1.47214,0.15961
1.069805,4.058552,4.407697,-1.59043,-2.32912,0.453307
0.458612,3.297536,0.929812,-0.98884,1.552536,-0.13495
1.542803,3.752491,0.362937,-3.32123,3.464237,-0.08053
-0.14434,4.35385,-3.5821,-3.70423,0.123456,-0.1907
-1.7846,2.581042,-5.03615,-2.80208,-2.27778,0.064912
-4.20831,-0.64773,-2.57513,-1.61603,1.629215,-0.15411
0.18777,-3.31681,-3.95704,-2.54133,1.116486,-0.87673
0.892409,-3.04794,-5.02805,-1.87824,0.447725,-0.93413
1.207423,-1.74016,-6.17635,0.117407,0.275651,-0.22421
2.469113,-2.12554,-3.75559,1.346233,0.25456,0.570149
1.575725,-3.94473,0.236905,1.717898,1.713151,1.133374
-2.93932,4.550453,11.51926,-0.53604,3.320812,-0.19289
-7.36085,3.77202,6.478558,-2.06138,-0.98706,-0.97107
-1.93335,-2.78239,-4.54829,0.561637,0.223685,0.365177
-0.07358,9.906358,-0.05663,0.026391,-3.71097,-0.09098
-1.26587,-0.93374,-7.25645,0.406391,-3.24075,0.605707
-0.42031,-2.58965,-5.38005,1.684437,-0.04624,-0.58719
1.310087,-0.88381,-5.06465,0.918758,0.520656,-0.8511
1.927469,1.959309,-4.13446,2.899752,1.998222,0.110354
3.242086,0.404591,0.683168,3.168345,0.420976,0.562107
1.519647,-0.97028,3.811196,1.213152,-3.2635,1.305872
-0.22152,-0.09282,0.970049,0.812167,-1.52731,0.478486
0.531284,-2.26574,-0.74065,1.15254,0.320599,0.128899
0.721124,-0.44378,0.543988,2.775035,0.818014,0.387742
0.63906,2.063049,2.669051,2.30325,1.075672,-0.18134
2.69,7.336908,18.96146,-0.46984,-1.77756,0.467179
0.717124,3.595332,1.439777,-1.89195,-1.26596,0.112832
-0.04139,2.969993,0.079664,-1.51987,1.344718,-0.43999
0.942655,2.894556,0.549026,-3.22938,2.237881,0.020114
-0.45377,2.969572,-3.3804,-3.69845,-0.04982,-0.35097
-2.30603,3.29571,-5.61554,-2.80766,-2.36745,-0.30897
-4.3802,0.077101,-2.91134,-1.46962,1.620959,-0.23929
0.459439,-3.62516,-3.70375,-2.67242,0.824018,-1.06388
0.909092,-2.74688,-4.95121,-1.59659,0.122655,-1.18545
1.288087,-2.23825,-5.94274,0.180832,-0.85992,-0.31574
1.817398,-3.13146,-4.50167,1.529769,0.135893,0.404915
2.00284,-3.3103,2.28801,1.743339,3.013242,1.026972
-6.26647,8.419898,12.26163,-1.04842,1.875835,-0.62796
-5.2862,-0.44724,2.816344,-1.66016,-1.04971,-0.33398
-1.08333,-2.39495,-3.55921,1.599666,0.645414,0.291201
-1.71987,12.83066,3.772601,-0.49291,-4.51498,-0.22654
-1.60894,-1.51422,-7.27323,1.613208,-0.61062,-0.0036
0.891884,-1.59292,-5.60546,1.348293,-0.00353,-0.91766
2.414572,0.41339,-4.54362,2.489234,0.693191,-0.26133
2.629269,0.581789,-0.41857,3.113866,0.894237,0.546042
2.629594,-1.50967,3.045409,1.190608,-1.81539,0.657396
0.410136,-0.90997,1.112537,1.044157,-2.11093,0.561763
0.906863,-1.38429,-0.63482,0.372581,-1.02491,0.64977
0.26465,-0.67617,-0.02555,2.691163,-0.36829,0.407251
0.786311,0.323285,2.348867,2.630702,0.47484,0.122085
1.063215,6.785165,4.987127,3.437889,1.636423,-0.24878
1.633369,5.662502,9.060798,-2.49251,-0.33512,-0.10361
0.81292,5.602174,-0.41812,-2.54551,-0.58975,-0.55309
0.283678,6.131209,-0.54517,-4.6336,0.747514,-1.14426
1.575428,0.517481,-3.09722,-4.31079,0.448492,-0.75425
-1.05722,0.031021,-6.1548,-1.54601,-1.1406,-0.53002
-3.55039,3.598247,-4.51578,-1.26988,-0.77393,-0.57029
-1.29184,-2.46752,-4.82992,-1.37943,2.276328,0.061307
2.89384,-5.75625,-8.37,2.186457,2.835821,0.370271
-2.58532,0.534224,2.920559,-0.47394,1.178658,-1.85196
1.144107,-3.48736,-0.04434,-2.54295,-0.24102,0.579152
0.810782,-1.61305,-0.69004,0.83077,1.149315,0.497694
-1.24,1.727609,10.53431,-0.1264,4.440687,0.17336
-7.38509,1.539736,3.20886,-2.05412,1.670942,-1.10856
-1.815,-0.90368,-1.68093,-0.54704,0.011897,0.233266
-6.2623,6.181646,4.457677,-0.70322,-0.3661,-0.98487
1.772327,2.707255,-6.08133,-0.67631,-0.24891,-0.17408
3.656057,3.461018,-6.28087,1.167098,-1.20584,1.53414
5.244306,2.024451,-4.24476,1.675738,0.412008,0.070537
4.957288,-1.46688,-1.69668,1.940239,0.071918,0.036496
3.389925,-3.50809,-0.40922,1.8256,-1.91193,0.033526
0.566614,-0.62172,-0.12927,2.209174,-0.77142,-0.06455
2.032599,0.646118,2.5597,1.302961,-1.87708,0.525293
3.132458,-0.40144,3.247508,1.044474,-1.72526,1.106102
1.351673,0.539388,-0.60459,1.874601,-2.67862,1.502787
-0.85566,-0.34221,2.502329,1.77238,-1.78009,0.36705
3.185149,3.209364,3.945786,1.834282,-1.98126,0.422674
3.793609,5.924638,5.687509,1.480732,-2.07113,1.647589
3.401838,7.672723,8.216262,-2.21119,-1.66847,3.852051
-2.11677,10.36418,-2.713,-4.16583,1.166171,3.656595
-3.20496,4.336207,-5.28929,-2.10758,1.244748,4.058619
-5.95969,4.172344,-5.90444,-0.374,1.659678,2.726551
-7.36415,0.065995,-4.41328,-0.59562,1.229385,0.636634
-3.43406,-2.16973,-5.62079,0.059291,0.501638,-0.72442
0.582604,-2.50659,-3.37972,0.373955,0.210555,-1.11136
1.557357,-2.40261,-2.4653,0.886246,0.007668,-0.47939
1.685382,-2.3774,0.30711,1.178457,-0.49894,0.054012
2.729205,-0.36363,1.147522,1.764635,-0.76884,1.017899
0.233114,-0.97093,1.401333,0.703634,0.749279,1.888338
-2.83863,1.220884,-2.24422,0.739358,1.903992,1.245466
-3.02314,3.305812,-1.88303,1.321242,1.042585,-0.11984
0.775874,1.135019,0.729867,1.0703,1.547737,0.53524
-2.65235,0.215904,-1.48932,0.376553,0.096491,0.598304
-0.24732,0.957944,-1.59975,-0.13911,-1.0702,0.60627
-2.6199,1.705893,-1.7542,-0.22915,-2.73536,0.166188
4.82826,0.906619,0.265476,-1.53216,-3.89973,2.472263
3.555426,1.194492,-0.74926,-0.53721,-3.38391,4.033195
0.522263,-1.67652,1.073809,-0.8608,-2.91215,3.960574
-0.89398,-3.33928,1.446406,-2.09353,-2.24929,4.138093
-1.72104,-0.21106,-0.62427,-2.4644,-3.97168,3.6976
-2.31391,0.133336,-2.86955,-0.27481,-2.68141,3.439677
-3.37445,2.084821,0.595804,0.377929,-2.06107,3.825359
-2.29733,1.218728,-0.53901,1.851332,-3.30475,2.290038
-0.87771,3.00856,3.19692,-0.17251,-4.99656,2.1002
0.369052,1.980482,2.604227,-1.29178,-3.54121,2.22063
-0.5299,0.881145,2.097698,-1.23109,-2.35629,1.653419
1.104965,0.235705,1.510093,-2.59988,-3.10527,1.61237
0.42884,1.558458,-0.28289,-2.08842,-1.78451,1.864725
-0.90298,1.162338,-3.98847,1.089416,1.709565,0.318456
0.588748,0.411579,-1.23226,1.537898,2.741178,-0.04033
-0.07335,0.484461,-1.07104,0.734496,1.014807,-0.74304
1.670722,0.654389,-0.05058,0.204968,-0.03334,-0.24669
-0.0226,-1.12494,-1.46752,0.407434,-0.23575,0.028954
-0.28615,-0.91583,0.873418,0.512208,0.24877,0.1949
0.403416,-0.08308,1.159701,-0.07937,0.096787,0.04198
0.17894,-1.53893,-1.94754,0.077188,0.437747,0.14878
-0.76418,-0.20893,0.793945,-0.12792,0.182524,0.192105
-0.54762,0.093586,0.594764,-0.20812,1.029324,0.943904
-0.76737,2.688209,-0.54516,-0.49017,0.196989,0.202407
-1.08233,1.34134,-0.59149,-1.04553,-0.49338,-1.15097
-1.1343,0.298247,-0.33852,-0.26852,1.570908,-0.78474
2.563796,-5.95884,0.289909,-0.70433,0.023049,-0.77727
3.132303,0.771146,-0.95495,-0.02486,-0.0722,0.357164
-0.59209,0.428213,-0.21716,0.886688,-1.07061,0.126898
-0.25768,0.474795,1.862777,0.476283,-1.56424,-0.16683
-0.62893,1.017472,1.154047,-0.34282,-0.62611,-0.6018
1.381344,-0.61722,-0.37326,0.153682,0.353312,0.289079
-1.0308,-0.40952,-0.21221,-0.09815,0.222216,0.465563
-0.46685,-0.12945,-3.04978,1.026293,0.595457,-0.31749
-0.88118,0.999216,1.094402,0.663524,1.250572,-0.35981
0.438247,-0.76971,-0.86243,0.096953,-0.86337,-0.39292
2.979065,-0.81127,1.805385,-0.7977,-1.69289,1.055366
-0.71442,0.437438,1.107391,-0.46472,0.233764,0.523125
0.161224,-0.20757,-0.88228,0.438201,0.377205,0.077669
0.541337,-0.86498,0.588692,0.215648,-0.16909,0.119216
-0.17573,-0.90419,-0.24443,0.089401,-0.48314,-0.13842
0.170748,-0.61271,-0.57184,0.474481,-0.51215,-0.37748
-0.07946,0.358817,-0.22365,0.300983,-0.37939,-0.27154
-1.30504,-0.02547,0.790888,-0.02417,0.868417,-0.4916
0.234754,0.638506,-2.31236,0.635572,0.103234,-0.03969
-0.51244,0.539169,0.992806,-0.42281,-0.57258,-0.25952
0.659279,0.72429,-0.80032,0.146348,-1.07562,-0.08334
-1.65161,0.864606,2.720039,0.069093,0.530571,-0.8885
0.82849,0.67263,-1.31606,0.63649,-0.23378,-0.53681
-0.47924,0.294819,1.156719,-0.4981,-0.25754,-0.54885
0.436312,0.330282,-3.23628,0.171283,-0.65114,-0.21859
-1.08664,0.436348,1.911266,-0.28113,-0.61576,-0.41189
0.37554,-0.33495,-2.01895,-0.03656,-0.30075,0.192443
-0.76382,0.067332,1.291892,-0.76388,0.145295,0.091764
-0.2251,0.624654,-2.57253,0.219416,-0.39057,-0.38166
-0.78987,0.379627,0.671983,0.724057,0.722089,-0.5929
-0.56539,-0.43433,-0.24609,0.236498,0.134752,-0.4204
0.303812,0.514032,-0.38674,0.299052,-0.55238,-0.01626
-2.33936,0.151575,-0.39669,0.264441,1.008776,-0.32054
1.156079,0.21302,0.624654,-0.37399,0.880751,-0.16226
0.839286,0.373746,-1.18809,-0.01871,-0.42197,-0.36586
0.010071,0.132465,0.817905,0.336657,0.209928,-0.13633
-0.77577,-0.19468,0.405778,0.317307,0.700887,-0.21888
1.352494,0.925189,-0.79197,0.678364,-0.7496,-0.25497
-0.66901,-0.62232,2.086004,-0.03576,0.154239,-0.4301
3.207749,-0.35896,-0.63655,-0.32807,-1.60296,0.613796
-2.38463,-0.95661,2.021308,-1.16254,-0.3601,0.452823
-0.81172,-0.3374,-1.87993,-0.3723,1.155567,0.164742
-0.45974,0.15328,-0.27191,-0.67352,0.72953,0.071466
0.232809,-0.4199,-1.2285,-0.52913,0.544152,0.011779
-0.06784,0.684691,-1.306,0.726596,0.679194,-0.01067
-0.40163,-0.26591,0.428422,0.287661,0.256868,-0.12464
0.412583,-0.05532,0.53817,-0.1626,-0.3607,0.086439
-0.33063,-0.052,0.261737,0.079716,-0.18077,-0.02129
-0.22663,-0.23072,0.221276,0.379016,0.128659,-0.05823
-0.11648,0.235263,0.386792,0.050371,-0.35254,-0.23329
-0.16623,0.230931,0.130578,0.061326,-0.15896,-0.29589
0.72752,-0.53907,-0.04537,-0.34568,0.103593,0.495442
-0.10943,-1.12757,0.847563,-1.70011,-0.86342,0.787968
0.562575,1.10662,-0.12928,-1.52543,-0.21642,0.675154
-0.84844,0.484609,-0.9171,-0.47116,-0.07022,0.274472
0.178417,0.233857,-0.30535,0.456077,-0.58013,0.057072
-0.12697,-0.61962,-0.16835,1.009955,0.581105,0.333055
-0.62013,0.154054,1.14951,0.123546,-0.36426,-0.11309
0.272916,-0.58817,0.58278,-0.16196,-0.77677,-0.35115
-0.67871,-0.12489,-0.66726,0.72377,1.037524,-0.01054
0.212064,-0.22404,-0.02437,-0.00292,0.099704,0.114417