Accelerometer x,Accelerometer y,Accelerometer z,Gyroscope x,Gyroscope y,Gyroscope z
-0.1040584865,0.2923153054,1.115399867,-0.4692699313,0.1070334911,-0.03184244037
1.32235145,3.696366793,-0.1346247435,-0.416904062,0.2776004672,1.498224378
-2.207711997,-1.086971061,2.171264427,-0.7227031589,-1.254754663,0.9375540614
-0.6760375593,-0.107513157,-1.121973985,-0.4324519932,0.4016825855,0.6422756314
-2.134710181,2.638279589,2.296281384,0.9554620981,-1.880499601,-0.103720665
-2.014445387,5.699719708,3.657836279,1.179957032,-3.108001232,2.013381243
-0.2974433159,5.288376457,5.990304244,-1.768626213,-3.609313965,3.132775068
1.085050906,5.803186512,-0.2262432891,-4.104593754,-2.493019819,4.102676392
-0.5481827483,6.471245348,-7.024061017,-3.506427526,-2.950423241,3.803596497
-2.572830381,4.263602324,-12.9352625,-2.159155369,-0.7640462518,3.354750395
-4.336519384,0.01784428425,-10.44787051,-0.8186575174,2.136415482,3.751033545
-11.544969,0.2601701086,-2.899502129,-1.13120842,2.067716837,1.824877858
-0.6978890334,-0.2406049919,-5.202616574,0.06756199896,3.056690216,1.477766514
-4.236697659,-6.167193427,2.847940869,0.5773470402,2.20415926,-0.70857656
-0.9300205037,0.6584943039,2.410304654,-2.938005209,1.985667109,-2.018161297
-1.483403159,-0.2701362068,1.249424307,-2.255304813,2.507298946,0.1777507812
0.1216714462,-0.892055807,1.251789283,-2.073330402,0.8827009201,-0.6157491207
0.9621136781,0.681236297,-2.248760047,-1.030012131,-2.082731009,-1.417976737
-0.6509665387,0.2442781274,-1.753100536,-2.30375433,-1.283230186,-1.497041225
0.2539227386,-3.297921601,2.522335873,-3.880386353,0.5379993916,-0.01700299233
-0.7041603688,3.55226578,-1.295481563,-1.474875093,-0.3282725811,-0.6110829115
2.814405679,2.387005027,0.5421861383,-0.6208631992,-0.8266342282,0.3345735967
-0.5983952245,0.7754261543,-1.709467,0.7010228038,-0.6050892472,2.93192029
-9.365411961,-4.766418283,-3.194862209,-0.9638186097,0.9886092544,1.05251646
-2.880834253,-0.07783551935,-0.1426034673,-2.090968847,1.864957094,0.7268574834
-0.5582420778,2.978103957,1.093623797,-0.691736877,0.2548871636,0.4842360616
-0.904746654,0.9195505476,-0.4248807783,-0.7936140895,1.008740664,0.9607000351
0.7856389208,0.6481599569,-0.0780424401,-1.00291729,0.06918252259,1.144916892
1.418906721,-2.2757898,-1.175591594,-0.0284574721,0.3748168945,-0.2435073256
-0.7360381468,0.183451026,0.1878568598,0.1530875415,-0.8537912369,-0.2685305178
0.7804961511,-0.664451751,0.2372945522,0.1931182146,-0.2530965507,-0.2529900968
-0.3432134257,0.958293243,0.02428980713,-0.04547671229,-0.3628813922,-0.2316085994
0.2480380645,-1.178449906,-0.73688395,0.1411192864,-0.2655027211,-0.1725081205
-0.3362916636,-0.8792980322,-0.6047358257,0.3738435805,-0.6015784144,-0.3378429115
-1.742059502,-2.504319154,-0.7516746919,-0.7494447827,-0.05556085706,-1.117302418
-0.2141264425,-0.7320248195,-0.3266439837,0.3545427918,-0.7908944488,-0.4175516069
0.7970159087,0.447891067,0.9768325238,0.6392307878,-0.5043826103,-0.5886490345
0.06766776108,1.400158474,-0.07900865479,0.9496847987,-0.9045397043,0.1495769769
0.04408332575,-0.02926291936,-0.9293640856,1.196798444,-0.3813609779,0.003704312025
-0.1528882761,2.762791227,-0.3200079067,1.049216747,-0.1930076182,-0.1177657545
-0.1568434435,0.0657137044,-0.3199003547,0.1220926344,0.08033985645,-0.0356798172
-0.3937583487,-0.8310913429,-1.027291376,0.1599441171,0.2084989101,-0.02256629616
-1.142639464,-0.06533844135,-0.6605620501,0.2103810459,0.1365537345,-0.006183265243
-0.9637990008,-0.5012894797,-1.115734214,0.006198567804,-0.06991940737,0.0395992361
-0.9097079297,-0.7897913643,-1.690378853,-0.03797055408,-0.1693484187,0.0854428634
-0.6423826886,-1.113456917,-2.048733734,0.05542291328,-0.193599537,0.215901196
-1.594707671,-0.5952478664,-2.308055701,0.05679380894,-0.1920883656,0.2872136831
-2.909865702,0.4595569549,-1.945572634,0.03239786252,-0.5379471779,0.2609434426
-2.247105119,1.371466048,-2.160652724,-0.1756538898,-0.7542651892,-0.03285705671
0.9251572816,11.22630169,4.100193385,-0.1135308444,0.5113045573,-0.864690721
0.3471503268,-4.412134889,-2.556982823,-1.151761413,0.1213495508,-0.1738601774
0.1679486287,-4.236259267,1.003552773,-0.3381428719,0.4382301569,0.452827245
1.760246024,4.202529431,1.368928054,-0.1080866158,-0.04496347904,0.09484282881
1.25027391,-2.385718494,-1.456428643,-0.5104646087,0.6885023713,0.4205803871
0.6837615777,-0.2014998929,0.08115648047,0.1440546662,0.564606607,0.5140553713
0.1778678191,0.2938876693,-0.4866916301,-0.1816506684,0.8925636411,0.2374773026
-0.8062266585,-0.1870189476,-1.410050046,-0.2283603847,0.7701394558,0.1500113755
-0.7283496381,0.1798831044,-1.673059469,-0.5030489564,0.2519932985,0.2416207641
-0.1720249383,0.4094517385,-2.559190855,-0.8158687949,0.08566191792,0.1254872829
0.2512573188,-1.849889031,-3.952359323,-0.1460334361,0.644395411,-0.04642750695
-2.687559168,2.401377251,-2.549122757,0.1642383188,-0.3938428164,0.4167276919
-1.119796349,1.668677893,0.9408730294,0.4625404477,0.1049141586,0.5888620615
3.738403269,-0.1200122808,6.337021586,1.761575937,-0.06015618145,0.6381993294
1.114037639,3.112762602,1.926861796,0.91587919,-0.3984880745,-0.302182436
-4.692524195,-1.930972154,-0.2653063024,0.4822051823,0.2612580061,-0.5533035994
-1.946196173,-1.90878721,0.3868494461,0.6562279463,-0.04874734581,-0.5504981875
0.8712770767,-1.080202882,0.02542436411,0.5887237787,-0.5246731639,-0.5753241777
-0.5367910012,-0.9396458257,-0.8304547986,0.1455584913,-0.7552138567,-0.2541060448
-0.9095013012,-2.070079596,-1.553975994,-0.4666957855,-0.9551352262,0.09848989546
0.2025860807,-4.360293643,-3.305709771,-0.3952209353,-1.010368824,0.5119255185
0.07552811919,-0.6805354553,-0.6781576202,0.4464160502,-0.2425386161,-0.2510399818
-4.390399443,3.702928051,-2.973411415,0.6766778231,-0.2284536362,-0.4693864882
-0.6054052494,8.647611482,4.571394893,-0.7597467303,0.1881757826,-1.051193953
1.215033377,-5.433772185,1.086603689,-0.2764434814,-0.1555088758,-1.406685472
-0.1304424894,6.365267438,1.707833407,-0.5064883828,-1.203258753,-0.3023433983
6.576478577,-0.6944786404,0.9287839477,-0.566557169,-0.1636790335,0.6957219243
2.74693724,-2.053830472,-0.4556152315,-0.4806791246,1.671695113,0.6473913789
1.145267767,-0.4306470867,0.9359729824,-0.3218373954,1.637591243,0.8562436104
0.3685992114,-1.133240645,-1.676026795,-0.847563684,1.684095502,0.6399487257
-0.117910194,-1.270318042,-2.334511746,-1.107252955,1.633864999,0.3956144154
-0.5346349922,-1.603186892,-3.254574919,-0.9540479779,0.8455433846,0.3630900383
-1.936520582,-1.452120716,-2.766945132,-0.1203215569,0.8102563024,-0.2298185527
-3.96210155,4.832356444,-4.351086254,0.2526632249,-0.4670786262,0.3047477603
-0.8595178115,1.975299372,-1.027803709,0.3841007054,-0.116032429,0.9908016324
2.73583863,-1.743072332,5.057841023,1.489425302,-0.2625560164,1.455873966
4.067475064,1.685831857,5.240820925,1.565925837,-0.4032677114,0.5298420787
-6.058106445,1.805772826,1.676575807,0.1715326905,-0.9176657796,-0.5417515039
-4.080082617,-3.463417869,-0.1077121867,0.4950908124,-0.6035580635,-0.9733506441
2.472766955,0.0225321498,0.9583166239,0.3193178773,-0.8368548155,-1.109712005
0.2733018312,-1.962355134,-0.6771906749,0.5134068131,-1.234333158,-0.3112594783
-1.035678096,-1.510980902,-0.9060266108,0.04738094285,-1.076506376,0.2018883675
-0.3728093764,-3.438406761,-2.56451731,-0.3576458395,-1.491341591,0.3919575512
-0.6712862732,2.851774748,-0.9672995563,0.1720479578,-0.3520624936,-0.3489331603
-1.352241269,2.395263736,-1.144571017,0.4817244709,0.3468327522,-0.5693031549
-1.514261092,5.615748462,2.579280872,-1.040247679,0.4330594838,-0.7573032379
1.291746176,-3.608530104,0.898986483,0.2000528425,0.3511081934,-0.7968670726
-0.6730906922,5.202696069,1.806026363,-0.7476685047,-0.6379469633,-0.2933334708
5.868072534,-0.6685930886,0.5195556426,-0.3406173289,-0.1994193047,0.5213599205
2.446242229,-1.707906911,-0.4765642038,-0.6342562437,1.475135803,0.5129973292
1.016031438,-0.1238829848,0.5459092504,-0.4294955134,1.610105157,0.6394761801
-0.8741996862,-0.7560118443,-1.275406013,-0.8631404638,1.42348206,0.5898138285
-1.191887041,-1.728609507,-2.434099079,-1.202208042,1.068573236,0.4406556785
-0.2781615462,-1.859671005,-2.8758816,-1.027880073,0.7344735265,0.0310799107
-1.58618768,-1.997348122,-4.629569141,0.2355384976,0.1626902521,-0.5005161166
-2.67613761,6.593678134,-3.091208066,-0.0131957233,-0.5742359161,0.5389894843
-0.6145449798,0.9247896173,4.292318131,1.045951009,-0.6914284229,0.7150039077
6.251750949,-2.791934319,4.388014886,1.518828511,0.4219958782,-0.1719039381
-4.157766161,7.471393281,3.068845135,1.412321329,-0.8955414891,0.172511816
-4.519461876,-2.786311803,-0.1137067509,0.1903183609,-0.4439986348,-0.3633405864
0.3999430287,-1.390837103,-0.7334909465,0.495901674,-0.4252098501,-0.9882020354
1.109995816,-2.261769458,-0.4690134962,0.4908336103,-0.8012708426,-0.5666094422
0.7360083362,-3.662127254,-1.266389032,0.2749654055,-0.6749275923,-0.1666019559
-0.2142936158,-3.218312058,-1.760389085,0.06569848955,-1.043592811,0.2563374937
-3.210042827,-1.827208413,-2.275498124,0.1890482455,-1.031101942,-0.08080452681
-1.184775309,5.39595888,-0.4503577494,0.3585268259,-0.2917990088,-0.3844536543
-2.922026096,4.803358897,-1.339632986,-0.4273289442,0.2907338142,-0.2219712287
5.782409682,-0.3220990337,2.798466351,0.3336263001,0.1473556012,-0.904927969
0.2637365689,1.304623047,3.143067724,-1.071671605,-0.4981026053,-0.4864881635
7.360677236,4.174394055,2.745064139,-0.3407988548,-0.5723300576,0.8996044993
4.104930643,-2.710880422,-1.715219864,-1.269562721,1.597869873,0.7134029865
1.156610999,-0.5900269168,-0.2610132814,-0.1977744102,2.211434603,0.829782486
-0.3572602174,-0.7020178038,-1.297279699,-0.8557858467,1.817602992,0.6033096313
-0.9600935704,-1.776321691,-2.362087443,-1.090804935,1.784211755,0.6436032057
0.6065772158,-0.7203665304,-1.193364566,-1.260076404,1.586290479,0.5024093986
-0.2853494119,-3.007543402,-4.790153671,-0.1391271204,1.843388677,-0.1697117388
-5.947877307,3.319501565,-4.033655797,0.06571439654,-0.7389670014,0.02155529894
-2.066452492,2.382332359,-2.100181304,0.4982718229,0.5183873177,0.8450540304
-0.221165109,-4.532066506,4.545572177,0.4499182701,-0.8708336353,0.875166893
3.916845819,3.555705692,5.381472089,2.239474535,-0.1808901876,0.4124791324
-5.145866513,3.673005206,3.829001824,0.570428431,-0.7652599216,0.2396191359
-3.467840361,-5.002428933,-1.192396598,0.212013334,-0.05016800761,-0.8193410635
0.4526026057,-0.7696417257,0.2758066536,0.8303971887,-0.5266448855,-0.9251183271
-0.05275105472,-2.061202462,-0.437929645,0.6514194012,-1.100242615,-0.4975299239
0.4311813398,-2.171912077,-0.8476713063,0.03629744053,-1.106538534,-0.06858952343
0.4408367646,-2.708579744,-1.596052217,-0.1046071053,-1.195724607,0.401927948
-1.921226713,-0.01363105047,-1.579270594,0.3371201754,-0.6191216111,-0.1519610882
-0.4094784804,5.439983315,-1.407702898,0.4901513457,-0.005683255382,-0.4151340127
-2.627363643,4.355581812,2.990595189,-0.8995938897,0.2059492171,-0.5482054949
1.274186408,-3.248109231,2.386402969,-0.435017854,-0.1588597596,-0.9178422689
1.717296963,5.859340361,1.94893042,-0.5467204452,-0.4265657365,-0.152023375
6.101829852,-0.1566074428,1.165466359,-0.7923206687,0.4868205488,0.8587844968
3.301634777,-0.6704553753,-0.9158570999,-0.5127539039,2.341117382,0.648868084
0.6186437934,-0.2944073092,0.01481295373,-1.027795315,2.100550413,0.6246172786
-1.169112315,-2.475824881,-2.716620135,-1.223438025,1.749006033,0.4379716516
0.01353080496,-2.399449498,-1.396468679,-1.132249475,1.239696503,0.4061422646
-1.016845239,-2.999577537,-3.9970884,-0.05442074314,0.8300014138,0.2066154331
-5.156983535,2.880842437,-3.370045465,0.1044639274,-0.4357203245,0.09265158325
-2.483655429,3.371641502,-2.971519318,0.3163422346,-0.279620707,0.5382780433
2.543811791,-4.613316803,0.1823895343,0.3102739751,0.463670969,0.3632858992
6.702661656,2.122674291,5.760890508,3.11505723,0.5216526389,1.701824546
-2.748783744,6.522439529,5.980043547,0.9030628204,-0.1228255481,0.5768367052
-10.20457263,-2.752777782,-4.27561045,0.1624011248,-1.606650352,-0.9072151184
-2.205998325,-1.62306122,1.402649122,-0.3166641295,-0.04753709957,-1.47256434
1.803718816,-0.1266454352,0.0460813677,0.8112985492,-2.092363834,-0.6206243634
-0.02548398535,-2.778279303,-1.486407601,-0.06559240073,-1.631031871,-0.05676490813
1.32770041,-3.513914715,-1.872888652,-0.2589342594,-1.573828936,0.2508976758
1.266258976,-1.795396394,-1.06906131,-0.07663093507,-0.2645609379,-0.2353886664
0.1959489808,2.6323879,-0.9793314279,0.4482145309,0.3325423896,-0.1990992576
-4.02686716,5.561773127,-1.115695782,-0.7426083684,0.7332795858,0.1564929485
3.81186598,5.062342427,5.302938066,-0.06928881258,0.7447721362,-0.9879380465
1.294220896,-2.185037516,0.8107799379,-1.757228374,-0.4667364955,-0.5013213158
5.247970212,3.030593438,-0.8017106424,0.7617809176,0.5005452633,1.34871304
1.586941859,-1.60806122,-1.26332453,-1.679913402,1.574774861,0.4244261384
2.089178995,-2.035140969,1.561546721,-0.6700072885,2.22136879,0.9834141731
-1.0648415,0.1961544403,-2.043432705,-0.6257904172,1.418050766,0.588932395
-1.72671098,-1.796896861,-1.929188486,-0.6059257388,1.340410709,0.3965625167
-2.130254079,-0.3609264848,-2.0528891,-0.5717371106,0.8619045019,-0.1381089389
-1.27672031,-1.357121296,-5.386199702,0.1007380486,0.4624527991,0.1265815049
-4.020145742,3.88734763,-1.166417815,-0.1238474995,-0.6315788031,0.3036997914
1.029177774,-0.9886486338,-0.4735702827,0.6221084595,0.4921191931,0.5705105066
5.433167205,-2.394566402,4.873253395,1.735654235,0.4033849537,0.9883780479
-1.620437302,5.328242603,5.581093329,1.665748,-0.6807052493,0.3867912591
-7.177056114,-1.567225936,0.1198947919,0.07913805544,-0.6292690635,-0.572378099
-0.8180025827,-1.519344825,0.3517815668,-0.2766089141,0.3401555419,-1.421833634
1.919955524,0.4902870242,0.5092063173,0.7623378038,-0.8821670413,-0.5289573669
-0.3793910929,-2.112733327,-0.8579740892,-0.2959456444,-0.5064308643,-0.008191622794
-0.7819475189,-2.378056581,-0.7867313922,-0.6486388445,-0.7999034524,0.3712068796
-1.21852195,-5.559337424,-3.091245183,0.3588900268,-0.5953683853,0.03125610203
-1.746708789,6.689648445,-0.6084908674,0.56761235,0.2364720851,-0.5689988136
-4.607162372,6.553064384,-1.703002188,-0.6763256192,0.2887009978,-0.3585894406
5.590398917,-1.307692372,2.195133524,0.01612715796,0.3568655849,-0.6188645959
-0.7183309329,-1.281069153,1.75300935,-0.6266855001,-0.547842145,-0.6228566766
3.985787253,4.683622511,1.700301696,-0.1454179436,-0.8933308125,0.4870840013
3.283164177,-1.68640235,-0.5119818464,-0.8273770213,0.3550189734,0.465312928
2.047246418,-0.01147124209,-0.8040792712,-0.3160327971,1.420169711,0.6059080958
0.345454921,-0.5650222394,0.6784392137,-0.9724606872,1.289310694,0.6130185723
0.215883077,-1.727923863,-1.71035635,-0.9567695856,1.411107421,0.722399056
-0.5649335382,-2.28798468,-2.655704186,-0.4407654405,0.5700224638,0.4597731531
-1.973416042,-0.4488426687,-3.75707319,0.04155651107,0.6919146776,0.1040674746
-3.424875664,2.686131181,-2.701742299,0.1960920095,-0.3853223622,0.3592235446
0.9452065285,-0.5246791231,-1.400628137,0.8285975456,0.6598721743,0.6998138428
3.357762907,-1.422901052,6.57693392,1.518270969,0.3939512074,0.560287416
-2.000994077,5.320664861,5.394746581,1.825307965,-0.7157686353,0.3878750205
-6.248746506,-0.7890776631,-0.3936462666,0.1431131512,-0.4103359282,-0.9258539081
-2.202774248,-3.647474459,0.4396037887,0.2027705908,0.2466309667,-1.107725739
2.295501632,0.116264911,-0.05162731138,0.7018114328,-1.102293372,-0.4905738831
0.3040117345,-1.793433569,-0.6068202673,0.007383596152,-1.257784724,0.06703349948
-0.06256269303,-2.467623455,-1.231684652,-0.4841556251,-1.494155049,0.4640849233
-3.23757147,-3.820373112,-4.066033633,0.2690925896,-1.247727871,0.1570095122
0.1661095767,9.537788635,0.3521159863,0.6910825372,-0.01659672149,-0.6280069351
-1.674736901,3.198085263,-0.9281786752,-0.8558222055,-0.4694827199,-0.3167414367
2.63924142,0.3569429681,2.206455567,0.02699164487,0.5851528645,-0.5467463732
1.445728093,-2.909901943,1.345134506,-1.112349153,-0.5710170269,-0.6822553277
3.145546974,2.447503627,-0.6940896411,-0.121978052,-0.01447310671,0.7836227417
4.543018693,-1.157193767,1.545736573,-0.8725007772,0.9056646824,0.820725739
1.839574996,-0.8999047669,-1.212044717,-0.8224797845,2.212257147,0.3244953454
-0.5963888531,0.3128706022,0.4594286523,-0.7255170941,1.203304172,0.5614562631
-0.2117807562,-1.416784614,-2.926216241,-0.6603152752,1.190306544,0.5298537016
-0.04865165657,-0.7290355746,-1.283676121,-0.5340521932,1.156792402,0.2404363602
-1.916293202,-1.459009891,-3.41973041,-0.2391785383,1.13711822,-0.09263490885
-2.614945475,2.446879357,-3.120123194,0.1755021811,-0.3571302593,0.399500519
-1.134106906,1.133520631,-0.9516936986,0.2733511329,-0.008749356493,0.6492261887
2.714163682,-0.1398053611,3.356765712,1.359096169,-0.306078434,0.9316251278
1.414981072,0.56563891,4.817436523,1.09470582,-0.5724098682,-0.1103784293
-4.602824927,2.02435128,1.743506193,0.6501154304,-0.4800232649,-0.1654855162
-1.777406271,-2.188838662,-0.07671499089,0.2296861857,-0.1307281703,-0.7621560693
0.959879197,-1.452154619,1.028919854,0.4771605134,-0.6643488407,-0.7044217587
0.4403361216,-0.5559241562,-0.6596224311,0.2859857082,-0.7227153182,-0.2098839432
-0.10022753,-1.642991079,-0.6923696855,-0.1723586321,-0.5988233685,0.007410177495
-0.2800491135,-2.785617976,-2.3845721,-0.2307925522,-0.8383940458,0.2234418541
-2.504819505,-0.4072919301,-1.292706546,0.1500855684,-0.1733272374,-0.3383396566
0.1552216875,4.131783578,-1.395895556,-0.007314205635,-0.02355417982,-0.4113641679
-1.501226985,8.983863544,4.763847556,-0.4349534512,0.6830043793,-0.7366191149
0.2676169175,-5.279733132,2.428828591,-1.249917746,-0.5423160791,-0.9294623733
1.668246224,3.691964174,1.164044656,0.2100073844,-0.6430042982,0.3762781024
4.787137246,-0.9882798005,1.010586033,-0.963044405,0.02268978767,0.5662760139
3.383812417,-2.030618523,-0.9202852916,-0.8020249009,1.880554438,0.4118441641
0.9525006311,-0.6360492478,0.4144271888,-0.470340848,1.287679672,0.6042429805
-2.668783156,0.2904261306,-1.493667363,-0.5755960941,1.022947907,0.735794723
-0.757785576,-0.4225011897,-2.407485212,-1.072205305,0.9831500649,0.40908283
-0.4975342188,-2.167757296,-2.876322037,-0.4632994533,0.6656628251,0.04907319695
-3.192730458,-1.796563684,-4.059097697,0.2056678534,-0.2427226901,-0.1187983006
-3.673514325,5.36022881,-3.370965795,0.2228049487,-1.181822538,0.6182004809
2.163600176,-0.8117565279,0.9737424488,0.127276659,0.1143455431,0.2759290934
5.36568766,0.5809715037,5.873194115,1.984348655,-0.2748312056,0.8230218291
0.6452608744,5.522053695,3.054415627,1.25361383,0.5131832361,0.252774477
-5.645218303,-2.447421794,0.6717021605,0.4170316756,-0.06715945899,-0.5521200895
-3.00130363,-2.775828403,0.5540297208,0.6912599802,-0.4495978951,-0.7526035309
2.029634481,0.6899883433,-0.4466016117,0.6833618879,-0.9373397827,-0.9190690517
-0.02355097146,-1.258563891,-0.9830138428,0.482333988,-1.152764559,-0.4089301825
0.751990626,-0.6732412066,-0.6628595864,-0.006693782751,-1.161839128,0.06784453243
0.332967926,-3.229620803,-2.06126749,-0.1126845479,-1.111955166,-0.0101868175
-0.3564848491,1.827849633,-0.4450141964,0.1055788547,0.1305975318,-0.520603776
-1.747353517,2.610920165,-4.610949489,-0.2015361041,-0.3313857913,-0.0361578986
-2.615335936,3.191168031,3.201966488,-0.3857555091,0.5854259729,-0.4595808685
0.5334937132,-1.146380697,2.548770291,-1.249865055,-0.8979327083,-1.477561474
2.762556541,0.7156231353,-0.2004547678,0.1221859753,-1.190564275,0.3412559927
4.382501383,1.265349021,3.299612331,-0.6768792868,-0.2705660164,0.7145155072
3.822330675,-1.800039251,-1.353438224,-0.5766083002,1.647744656,0.6773824692
2.220359589,-0.5596884772,0.8911343082,-0.6444120407,1.316912889,0.6674441099
-1.023837582,-0.6931430079,-2.265267822,-0.7467948794,1.441618919,0.6359183192
-0.3247853502,-1.28689216,-1.590485231,-0.5648972988,1.00660181,0.5464907885
-0.9480473049,-0.5073877966,-2.800419824,-0.2572671473,0.7266209722,0.05858797953
-2.003523742,-1.397698806,-4.549116133,0.1562178135,0.4420073926,-0.1468608081
-3.839841198,2.374815992,-3.051138798,0.4316303134,-1.085529447,0.426843971
1.449306682,0.4850853639,-0.9534650922,0.5251344442,-0.07103533298,0.3826527894
5.683998407,-0.2125999636,5.395971739,1.926087141,-0.7680693865,0.7701101303
-0.3327589594,5.823946976,5.651625247,1.415408254,-0.2357712388,0.2214458138
-8.703326355,-2.79553965,-2.187888814,0.5717048049,-2.12156415,-0.9801943302
-1.983550775,-2.214699664,1.002080947,0.2208429575,-0.6082884669,-1.363588333
4.643416173,2.89937295,-1.200881591,0.925385654,-1.463403821,-0.9375578761
1.620739792,-1.756276682,-0.413418304,0.2336781472,-1.596596479,-0.1238531694
0.6012653731,-1.873417206,0.02751468746,-0.3138669431,-1.170150399,0.3443898559
0.6340661112,-4.435670079,-2.353928102,-0.1673824489,-0.8180348873,0.3603426218
-1.042744381,2.524334938,-0.7388239781,0.2040645629,0.04110429063,-0.309371829
-2.759628963,4.970612822,-2.317347407,0.02073015086,0.2020082176,-0.4263319969
2.03205557,7.119440376,2.662057355,-0.4971799552,0.3738029301,-1.201256633
2.793618911,-6.534393001,0.1555469739,-0.8320084214,-0.8994414806,-0.3535344303
3.482233628,1.372322957,1.474123143,0.2200958282,-0.7841705084,0.5249821544
3.898889015,-0.8710223713,0.560928102,-0.5136264563,0.2359110415,0.1854322404
2.370456335,-0.4202151246,-0.9584405425,-0.7107486129,1.645859957,0.6584240794
0.9458610469,1.464906548,0.7747264816,-0.1472119689,0.8485726118,0.9298532009
-1.511301073,-0.4844944123,-1.727978954,-0.6017616987,1.253477335,0.8888260722
-0.7268545773,-1.45431735,-1.778151537,-0.6038499475,0.44182989,0.5004358292
-0.4140916733,-1.862177435,-3.455779921,-0.03613093868,0.6888632178,0.1872747391
-2.844304558,0.04778583353,-4.070479507,-0.3049533665,-0.006921526045,-0.2832765579
0.9866131824,5.679577668,-2.572862237,0.3079016209,0.06510896981,0.5232596397
0.4735010168,-2.428921091,0.6659114483,0.8697050214,-0.3628669083,0.5624314547
4.318651719,-0.8510042502,4.092276328,1.354185462,0.1015860215,0.5956521034
-2.816086179,5.131213134,4.521650911,0.6607946157,-0.160036549,-0.311280489
-8.536199272,-2.244576331,-0.2240239325,0.9892432094,-2.029883146,-0.6332967281
-0.2351563711,-1.064856844,-0.9654980598,-0.3096559048,-0.7629277706,-1.255787373
3.33258375,1.990343796,0.7425520587,0.8703984022,-1.749443889,-0.7169262171
0.5219235408,-2.604185888,-0.796149355,0.3090943694,-1.520322561,-0.1282326132
0.5426121086,-1.383883631,-0.2150794324,-0.1699936241,-1.387193322,0.1273674518
1.601139019,-2.315742456,-2.484998952,-0.1553157121,-0.8382547498,0.150647983
-0.363743588,1.750359566,-1.012847913,0.2083178163,0.6902813911,-0.4029794335
-0.7568987101,2.000113495,-3.125864076,-0.02879217267,-0.1640670002,0.1672179848
-5.117933381,4.299031073,2.566464937,0.3907224238,0.4174066186,-0.4491284788
0.1343611242,-1.6056337,2.843219685,-1.142395735,-1.489465237,-1.223201752
5.430852498,0.6905734497,-1.379471806,0.5215859413,-1.156498075,0.4238864779
3.535849483,1.976954738,3.61470324,-1.116291404,0.1689473689,0.442610383
4.564212288,-2.305377714,-1.110631484,-0.843357861,2.296360016,0.7396814823
1.280583562,1.32042735,-0.05129179582,-0.3415275812,1.447840571,0.6645823717
-2.709022227,0.6871580883,-1.131003095,-0.7419365644,1.574852705,0.6199824214
-0.006967354795,-2.670936535,-1.964000271,-0.6835890412,1.097889543,0.3670381606
-0.4272575904,-1.924465841,-3.358983973,0.130303666,0.8238062263,0.1138946936
-2.931727405,1.250921852,-2.758903572,0.04594483227,-0.06399080157,-0.05930139869
-1.229337651,3.084536625,-2.65753111,0.1300943792,-0.3768874705,0.4900561869
1.85397104,-2.27916483,-1.160404254,0.413523823,0.335672766,0.4339355528
4.279624654,-0.6882090587,4.171242897,1.471161962,-0.09187838435,1.195048332
-2.011319656,5.128589799,5.14485529,1.206562042,0.1313510686,0.4013641775
-9.29252442,-0.1450315713,-0.2226315648,0.581355691,-1.503749847,-0.3794260919
-2.155657254,-2.964701454,-0.2883050103,-0.3621117473,-0.2904615402,-1.265687823
2.751823258,2.147541021,0.8736322615,0.749370873,-1.396130085,-0.8958721161
0.4977775261,-2.240508644,-0.5853378822,0.1645513624,-1.346193075,-0.1481417865
0.7695482022,-1.589030356,-0.0633797085,-0.3042272031,-1.137829661,0.1133425087
1.384623343,-3.296858941,-2.21060918,-0.2174009979,-0.7476852536,0.1772187203
-2.17899356,1.762448648,-0.8960649696,0.1840832531,0.002674710937,-0.1637508273
-1.920854957,2.99487915,-2.199995431,-0.2021900266,-0.3580517471,-0.07475084066
-1.533490986,3.506806928,-0.3009541005,-0.3758074045,0.2538641393,-0.1216159984
2.462857848,-0.2009077723,4.23109297,-0.8412505984,-0.005755052436,-0.8217911124
3.337193874,-1.773045446,-0.3314123671,-0.3777118921,-0.1933056414,0.1483466029
3.658041446,1.167614039,2.604775671,-0.05862888694,0.6461832523,0.7177615762
2.992553045,0.2664952199,-1.15582657,-0.7848280668,1.696051359,0.455191493
0.8142235025,-0.3900374285,-0.413551575,-0.8286919594,2.244271755,0.2885654867
-0.735785195,1.748341212,0.05924246256,-0.8072677255,1.376091957,0.4540896416
-0.6318766383,-1.734068941,-2.356646129,-0.9794299603,1.313226342,0.3878466785
-0.0828403419,-1.768916967,-2.138644014,-0.4032221437,0.842844367,0.2358663827
-0.8807425319,-2.577545134,-4.56787724,0.1665669233,1.236446857,-0.2261869609
-3.535910273,1.826995647,-2.751063672,-0.1250535548,-1.000893354,0.0711779967
-0.04326280314,1.863873717,-3.402789212,0.5005185604,-0.1434747875,0.6625463367
2.561877025,-2.752523515,3.374039211,1.089750886,-0.7090748549,0.927567482
2.268672369,0.8359902209,5.426299073,1.523745656,-0.3368670046,0.5998930931
-1.890471802,8.6790459,4.355405871,0.8551004529,-0.09532429278,-0.1470181793
-7.00120095,-3.666938454,-0.7332628369,0.4987283051,-0.6261696815,-0.9031288028
0.1860866352,-1.284287531,0.5543207762,0.1596598774,-0.3767941892,-1.082779765
1.583637849,0.4289414519,0.9290834421,0.53016752,-1.275132656,-0.4527195692
0.8752578169,-1.268219024,-0.4814321021,-0.1076654941,-0.930269897,0.04925470799
0.3806517605,-1.988250039,-1.404871474,-0.3776126206,-1.012842894,0.2259324491
-1.497122326,-3.253279911,-2.8077357,-0.04570494965,-0.2832809985,-0.05241404846
0.2033348533,2.832794153,-0.5567266317,0.381002903,0.0753204152,-0.4727133811
-3.081158673,2.394381693,-2.036489461,-0.3516674936,-0.2727754712,-0.1245454028
0.2142700888,5.238091792,5.376461567,0.2089795172,0.4982935786,-0.8562804461
2.013929547,-3.976445132,0.8037608529,-1.13463819,-1.239029646,-0.9285666943
3.717925129,1.037093223,-1.179585047,1.260165334,-0.2537573278,1.007876992
2.562183607,1.167968844,1.437279559,-0.5125794411,0.1756300479,0.3722090125
2.399691051,-0.3575993862,0.01560439637,-0.707236886,1.922971845,0.2884123623
-0.146943104,0.8623521581,1.24638304,-0.7992259264,0.8633053899,0.1772930026
-0.7780034575,-0.08305822244,-1.932143098,-1.094952106,1.254004955,0.3118704855
0.7960863728,-2.479088267,-1.187900748,-0.7372000813,0.8915464878,0.1893161088
0.8582613817,-2.206485378,-3.551571368,-0.07559908181,1.05571723,0.0867606923
-1.885936935,0.8410895899,-3.123031775,-0.06828077137,-0.07601501048,0.1198658794
-2.292997394,1.973269912,-3.258946266,0.1095987633,-0.1630915105,0.5917872787
1.043905534,-1.935596307,-0.7604188471,0.08972303569,-0.1539410651,0.3806719482
3.356458546,-0.9829957226,4.152981264,1.379458666,-0.2694986463,1.169442534
0.118995505,5.441861968,5.005110135,1.631113052,-0.1605906487,0.4474758804
-7.473185425,1.340775726,1.547784738,0.3403466046,-1.052649856,-0.4890267849
-2.608708334,-3.186097303,0.1871193393,-0.1789720654,-0.6205565929,-1.177019715
2.663358793,0.6704261492,-0.2594518042,0.9292340279,-0.9766752124,-0.9570001364
1.459179403,-0.8366577449,-0.2927951613,0.3793818653,-1.410620809,-0.1493975818
0.3958326707,-1.340727211,-0.07555756448,-0.05655888841,-1.07909894,0.05657909065
0.5404353491,-1.898599578,-2.415432664,-0.1151692793,-0.6359961033,0.1564351171
-1.476334828,0.7248141575,-2.042832693,-0.03942319378,-0.3510943651,-0.2036369741
-1.396459327,2.306627422,-1.922761375,-0.1545646042,-0.5821826458,-0.0615792796
-2.576455585,2.943200986,0.09352138346,-0.03950017691,0.007178963628,-0.372220695
0.529895981,0.1722778901,4.300712158,-0.7518462539,-0.8211051226,-1.097867012
2.509024263,-1.161865266,-0.7858380966,-0.07893154025,-1.111336946,0.08764638752
6.063351945,2.066728532,2.057547593,0.4628296793,-0.232695654,0.9270054698
1.603745987,0.1877449238,-0.1482500949,-0.7985054851,0.9383592606,0.317964524
1.30784084,-0.3639391106,0.3243500275,-0.8031129837,1.620387077,0.2489496022
-0.5066536371,-0.06201952606,0.05821370404,-0.79524225,0.7450276613,0.2803762853
0.1946282536,-0.495089456,-2.088207666,-0.8489605188,0.7898248434,0.3494770825
0.8324738833,-1.446004864,-2.240881276,-0.3214540482,0.6287555695,0.1627640724
0.3398750751,-2.454757543,-3.810333364,0.09982293099,0.9983773828,0.05801422894
-2.430378597,1.069753969,-2.714498613,0.1612048,-0.650721252,0.1697146595
-1.319644821,0.8636421979,-2.82882408,0.2967660725,0.1474405378,0.3839355707
2.658596693,-1.110444291,3.11435484,1.261035562,-0.4718296826,0.5946065187
3.36065366,2.450477674,4.678291087,1.403620005,0.3544639647,0.42336151
-4.173765694,5.376108516,2.782321857,0.7812311053,-1.050918102,0.01260622125
-6.443707353,-3.973234354,0.1187631575,0.2814777195,-0.8091381192,-0.9735395908
1.277306732,0.3234165461,0.1012087596,0.3716294765,-0.6694858074,-1.167955637
1.953590813,0.5861982985,0.4443137931,0.4670726359,-1.781947494,-0.2705449164
0.1751812103,-2.254415004,-0.5612509042,-0.0526294522,-1.270012617,0.1331644654
1.253843146,-2.877437012,-1.702804619,-0.1514518112,-1.127258658,0.2848442197
-0.8805160297,-2.017158153,-2.790381245,0.2476003021,-0.740758121,0.1417357475
-2.135487449,2.944949291,-0.62987487,0.1061975956,-0.47457546,-0.350508213
-1.908639911,1.671391828,-1.129186255,-0.4921730161,-0.4331300557,-0.2178386599
1.833140141,6.861081116,1.58118315,0.4858882129,0.4373737574,-0.8230239749
0.4854074355,-4.279036333,0.1862180065,-1.047691464,-1.24959445,-0.8961770535
3.107853203,0.1185480535,-0.244812965,0.5457269549,-1.045053124,0.5521018505
5.803865142,1.794602028,1.648321334,-0.06528099626,-0.2813304067,0.681646347
1.640356785,-0.6250602363,-1.026355118,-0.903152585,1.017637134,0.09068444371
0.7759282586,-0.3361936101,0.9321030091,-0.6963805556,1.068290949,0.06960426271
-0.05101633988,0.6579191343,-0.9876188523,-0.8748689294,0.2957603037,0.3049242496
0.9746179165,-0.9348784651,-2.003558667,-0.9327546954,0.3424420059,0.30152601
0.6482577181,-1.023598367,-2.076049903,-0.4196007848,0.3962675035,0.1719790697
0.2771003467,-1.980320999,-4.071669593,-0.1276523918,0.8383519053,-0.002030882752
-1.341877988,0.1124713639,-3.145279847,0.2663560212,-0.5333604217,0.02809137478
-2.466535075,0.7742424975,-0.9579214871,0.3583122492,-0.4003739655,0.1363678873
4.739413079,2.224234385,2.831864763,1.834088326,-0.5707734823,1.048165321
1.648234532,0.6954775884,4.569812007,1.187602997,-1.346452236,-0.4865763485
-8.509474346,2.049640619,-0.8047579012,0.862932384,-2.54077363,-0.4560653865
0.5688818375,-0.9271581,-0.9738986623,0.4104784727,-0.7457231283,-1.302600741
3.021527503,0.08025251737,0.3902326588,1.042878747,-1.969351411,-0.8973668814
0.7691688475,0.3253402076,-0.9669090957,0.7213233709,-1.614896417,-0.4036432207
0.00353869552,-0.947397755,-0.781169155,0.04808647558,-1.610116601,-0.2150946409
1.358694245,-2.60139012,-2.195042339,0.08837335557,-1.408480763,0.1455994695
-1.552191156,-0.8447942896,-2.324019286,0.2056582868,-1.197749496,-0.2243809849
-0.274186359,2.291788749,-0.7968482971,0.1105357334,-0.6369449496,-0.4644070864
-1.462409763,0.5628583394,-1.963494222,-0.3448497057,-0.9334065318,-0.04276579618
2.335130463,6.05120558,1.997146462,0.4943526983,-0.7647037506,-1.424885631
0.7265750297,0.4675549679,-0.8756840795,-0.4078758657,-2.4773736,-0.7738658786
7.130190903,5.591558024,-1.501231953,0.5770902634,-2.649927616,0.8372436166
4.721474103,-0.202969381,0.7170847323,-0.4928206801,-1.131814837,0.4309109151
2.171405297,-1.187204874,-1.365500125,-0.8838177323,0.4132628739,-0.2281662375
0.4663911848,-0.185678639,0.2758893635,-0.1895643771,-0.6605030298,0.4144372642
0.7425473826,-0.40869186,-3.058133187,-0.4284436703,-0.5315499902,0.3431405425
3.458615437,0.2099678616,-2.369421439,-0.4253486097,0.00159375323,0.3738583028
1.779542552,-0.2513227853,-3.073459643,-0.1500230283,0.3449924588,0.5526766181
-2.094833221,-2.036504659,-4.213795799,-0.2589994669,0.5365552306,-0.03983594105
-1.703109447,1.538377443,-3.750458741,0.3943616152,-0.4525391757,-0.06275878847
-0.01869754008,0.9287889161,-1.838417205,0.687538147,-0.1137524918,0.07299606502
4.3722515,2.155920727,4.486904592,1.937910676,-1.076925755,0.8984104991
0.3340834861,4.015956474,4.045809176,1.460447431,-0.4454295933,-0.3933462501
-7.207061376,-1.266356153,-1.784535977,0.6635934711,-1.848119497,-0.7431527972
-1.686631629,-2.718479792,-0.4242215837,0.360468626,-0.9905145764,-1.069429398
3.941661988,1.079094628,-0.167957835,0.9659603834,-1.602500319,-0.8357266784
1.085565578,-0.6798971574,-1.067657289,0.6275618076,-1.706724763,-0.2503625154
1.022310665,-0.6600730975,-0.7001135776,0.2188825309,-1.208944201,-0.05793425813
1.081656003,-2.778244232,-1.982022543,0.03465481102,-0.9392659664,0.06149230152
-1.344580379,-0.1958236009,-2.751829688,0.2838971019,-0.522755444,0.02825887315
-1.486576236,1.837092678,-3.365412837,0.204764232,-0.5630992055,-0.1390116811
-3.672170509,2.394144962,-2.272440928,-0.01943106204,-0.2496590465,-0.2100473195
1.70553609,6.454168541,6.79309596,-0.3549731076,-0.6821793318,-1.536227226
4.608796987,0.14598668,-1.523729324,-0.5323521495,-1.859083533,-0.1710520983
6.617413814,0.849824685,0.5584815856,0.7383942604,-0.06418071687,1.500880361
2.351651681,-0.08390811726,0.2930779603,-0.9903914928,1.165455461,0.2057000697
1.065216325,-1.372494806,0.06420534567,-1.001845241,2.034514189,0.2196584344
-0.8684666955,0.1856669485,-1.3508485,-0.656925559,0.7198144794,0.4974479377
-0.297478095,-0.8724988736,-2.387881809,-0.8384151459,0.8523592949,0.4571365714
1.651786526,-1.163263442,-2.938682339,-0.2878822088,1.006459117,0.1259157807
0.07537994289,-2.354847555,-4.607658631,-0.1847538203,0.7569841743,-0.09204558283
-4.059452501,2.942546906,-2.677811097,0.1688891053,-0.7468791604,0.4333331883
1.776542786,-0.06968611517,-2.913472202,0.6974520087,0.4759200215,0.5867791176
2.387188859,-3.486939029,3.22536753,1.287273288,-0.5165074468,0.6293463111
2.415199878,5.115424613,5.166686014,2.145849943,-0.1091949344,0.8952099681
-5.962173544,5.487608405,4.186490735,0.3244455457,-1.063166142,-0.04609119147
-5.733238531,-3.913001126,-0.5380372019,-0.2362522036,-1.36355114,-1.419709682
1.75713476,0.09478606963,-0.08884747336,0.6392094493,-0.9054375291,-1.105458379
1.641930025,-0.6224824948,0.4684558623,0.5577225685,-2.253700733,-0.3764881492
1.143841534,-1.335689217,-0.5373137099,0.1301656216,-1.457611442,0.06654875726
0.9896379371,-2.454668112,-1.791518675,-0.1743353754,-1.198947549,0.286650449
-1.826215895,-2.183836324,-2.574341954,-0.05814656615,-0.7701717019,-0.06094799191
-1.822981297,2.125240342,-0.65302654,0.3192312419,-0.6249340773,-0.3843759298
-2.254158691,1.090789742,-0.5481318949,-0.2369654775,-0.9715088606,-0.2267313749
2.541186411,12.9909838,2.977728694,0.7244389057,0.692663312,-1.675758243
1.792616115,-4.272362846,-0.4826104982,-1.454848051,-2.278013945,-1.061092496
6.933075508,3.559105271,-2.222057626,0.991087079,-0.9066762328,1.466599941
5.132237801,0.2404179449,2.29004702,-0.3015473485,0.192589134,0.5915086865
1.995056504,-0.2961462618,-1.690280361,-1.415938497,1.911332011,-0.2527354658
0.8767258436,-0.7822457712,0.6076400227,-0.5439270735,1.073282242,0.5134067535
-0.6468827765,0.05888531969,-2.234428447,-0.7052154541,0.2935790122,0.6811769605
1.338598674,-1.078805875,-2.558409057,-0.8013470173,0.8848803043,0.2690142095
0.9964965708,-0.341665904,-2.411404432,-0.3641335964,0.5755670667,-0.02797837928
-0.449854476,-1.306845984,-3.805186064,-0.1750105917,0.9529593587,-0.206537053
-2.472860186,0.8248527408,-4.915747259,0.1061550826,-0.2609453499,0.1212097704
0.06858487593,0.8548784612,-2.899967701,0.546172142,-0.4536190927,0.3215214908
1.755237986,-0.9421949256,4.685305349,1.393261909,-1.965135098,1.097472072
0.6216058581,5.063731835,6.045231766,1.550037622,-0.9723015428,0.571100533
-3.265926042,1.109177632,1.505305194,0.2905908823,-2.078513861,-0.669788897
-6.806327782,-3.261744957,-0.08556348326,0.345580101,-2.072468042,-1.093112588
2.902307542,0.309607801,-1.325342302,0.9116562009,-1.94039762,-1.153820515
3.368539445,-0.1741138734,0.05960968844,1.037953138,-2.492041111,-0.5909593105
1.828815264,-0.8935176962,-0.7850070526,0.5647875667,-1.597251534,-0.02387199737
2.091463745,-1.353065299,-0.816365483,0.05286691338,-1.06635952,0.317114979
0.5334247397,-2.053718828,-1.904886696,-0.1589393914,-0.3088726997,0.2332398444
-2.98899886,1.801634411,-1.031958199,0.3280953169,-0.1245379001,0.04469333589
-2.847427658,1.388241826,-2.143813525,-0.3931942582,-0.5984791517,0.1147439107
-2.276711445,6.988271326,2.417146336,0.2457807213,0.5152011514,-0.8074730635
-0.9047378862,-4.631249934,2.795181338,-1.536441684,-0.7258999944,-1.647675395
3.549315991,-1.511256796,-1.277131814,-0.1452154964,-0.7894021273,0.461609602
4.425805103,1.501798063,2.655979788,0.1466550529,0.07880677283,0.9574381709
3.173943924,-0.180257783,-0.7389644095,-1.06196332,1.221388102,0.2447401881
1.47087437,-0.1812514702,-0.7426277543,-0.1828555167,1.81562829,0.8529922366
-1.236950902,1.536409357,0.2959457708,-0.5518946648,1.017605782,0.6329649091
-1.27091893,-1.213738661,-2.105970409,-0.7741941214,0.9595285058,0.3440912962
-0.513505695,-1.701547313,-1.590915731,-0.3963099718,0.2098849565,0.1299064755
-0.4547615373,-1.534244873,-3.329330301,0.171361506,0.5151686072,0.02155533992
-1.485132759,1.101446745,-3.335837783,0.000609366456,-0.4087545276,0.1530497372
-1.692666525,3.269026931,-1.740710571,-0.01126956567,-0.3319477141,0.5663442016
-0.7793509266,-0.1772036561,0.5948337326,0.6745048165,-0.7596322298,0.8328570724
4.017404043,-0.04179331511,4.601726902,1.414240122,-0.3736369014,0.6159198284
-0.02995302052,2.335759408,2.273972668,0.699793458,-0.3515860438,-0.1912469715
-6.371462785,-1.290813133,0.7128885958,0.801571548,-0.3734865189,-0.3932392001
-0.5269241987,-1.163363396,1.43127199,0.5911263227,-0.1904956847,-0.9489151239
1.241553281,0.2814192328,0.6905319486,0.6358951926,-0.8072498441,-0.6913505793
-0.319312764,-1.573157664,-0.7415397399,0.3508987725,-0.6952901483,-0.1759363264
0.9635206223,-2.253131394,-0.3827437643,-0.1962990165,-0.5511808991,0.1485761851
0.07495441096,-3.145429193,-2.298466327,-0.3662620187,-0.6553454995,0.6482605934
-4.748104628,0.3933931686,-1.162409456,0.510106504,-0.2763670385,0.1142603159
-2.479730657,3.968101667,-1.735856994,0.1726771295,-0.2884877026,-0.4955907464
-2.854401881,6.67098583,2.316428685,0.1055561379,0.1522425264,-1.142490149
3.276255129,-7.036483276,1.914374655,-0.698697865,-0.6159383655,-0.8433115482
1.163520486,2.843105704,-0.8398550796,0.5404629707,-0.4185815454,0.6166465282
6.925355728,1.284510233,3.043694327,-0.5891557932,0.005446611904,0.3601293266
2.576899822,-1.868983023,-2.367902851,-1.069449544,2.098289967,0.3349958658
1.495240019,1.165448385,1.368014884,-0.8405607939,2.226475716,0.8676267266
-1.224422698,-0.0760877989,-1.287085929,-1.549024701,1.980707884,0.6719450355
-0.4780534194,-2.009644124,-1.627570514,-1.052770734,1.350542307,0.6608642936
-3.048296268,-2.107525822,-2.396482465,-0.3876820505,0.7673909068,0.4701816142
-3.287890621,-1.940494016,-3.315164705,-0.2971659601,0.9170226455,-0.007162353955
-3.853238439,3.390702761,-1.824972032,-0.245203644,-0.6410214901,0.3130625486
-0.4478622793,-0.151939451,-1.631255048,0.2144851834,0.2985506058,0.3913180828
3.688511111,-1.446223475,1.427962719,1.596837282,0.397919625,0.8199515939
2.558793087,0.2419675124,6.323334422,1.399107695,-0.998054266,0.2220629007
-4.746742107,4.683624849,1.518489524,0.4533948302,-0.3497106135,-0.1955473721
-2.718216757,-1.978654527,-0.09200031137,0.3943088353,-0.1833132654,-0.9630387425
0.8032315684,-0.4912368723,1.140960937,0.8332919478,-0.6699821353,-0.8614029884
0.1038341762,-0.1929395699,-0.2199170086,0.294549495,-0.8124024868,-0.3465045393
0.7223246787,-1.125374149,0.03829436708,-0.08750294149,-0.5803200603,-0.02829991467
0.6745921828,-2.43929051,-1.063005663,-0.2592744529,-0.5980080366,0.1985072047
-3.784705001,-3.577486146,-2.086953574,0.006009926088,-0.8008375764,-0.008285757154
-2.959931756,3.955803911,-1.15504806,0.7993134856,0.1964167655,-0.4729453623
-3.215181067,2.989535451,-0.5381167699,-0.1349256635,0.1218369529,-0.8586139083
3.780664494,4.762386836,4.06920408,-0.4705012441,-0.2419181764,-1.398521066
1.883076138,-2.12020001,-1.163935058,-0.5185109973,-1.694932103,-0.1623644978
7.452503287,3.615910277,0.1550174702,0.08281146735,0.2055715919,1.534786105
3.31618528,0.01192073942,0.1939266812,-1.525355697,1.507347584,0.1952100545
2.40520397,-0.8756453549,-0.9150210875,-1.04991281,2.438657522,0.4256749451
-0.9769703248,-0.2909896097,-0.9295793358,-0.7396068573,0.9503298402,0.8858997822
-1.036058912,-1.499942206,-2.658522459,-0.8531916142,1.119462609,0.5458829999
-0.5012779354,-0.9981389312,-2.749396323,-0.5944215059,0.6641156673,0.09600868076
-3.177302295,-2.177689492,-2.598093417,-0.5369710922,0.2015491128,-0.1662775278
-2.084181479,1.484227919,-3.009024872,0.04328638688,-0.4961753786,0.04012333974
0.9202426215,1.276587624,-2.257012327,0.1116467789,0.1751895547,0.140608415
1.014030912,-2.455308163,1.926473966,1.695747256,-0.5857158899,0.5944990516
3.06446239,1.070610878,6.020244624,2.219556093,-0.6268232465,0.3479238749
-2.548034378,5.776117304,3.611614626,0.4718592167,-1.006097436,-0.2724430263
-5.406131314,-2.219958023,-1.401128196,0.4734581113,-0.8990198374,-0.9071229696
1.406197023,0.5384194792,0.7219301265,1.049719334,-1.011826515,-0.8843893409
1.251749243,0.1858136635,0.8124363268,0.4154633582,-1.659621,-0.2750870883
1.050197766,-0.8510013275,-0.02395951573,-0.1108211055,-1.365439534,-0.02364170738
1.74630956,-2.641747265,-1.949836429,-0.15657112,-0.9804670215,0.1778418571
-0.8375226912,-2.199170671,-2.478209146,-0.01420004666,-0.2232448608,0.0004284900788
-1.619847227,3.259440772,-0.1378769503,-0.1422152072,0.06955707818,-0.135205999
-1.990810537,1.23873574,-2.069918268,-0.4994797707,-0.1579806209,-0.05114759505
-1.415136263,3.813789057,1.449574539,0.3295307755,0.7602113485,-1.111846328
0.3649953417,-3.206391903,2.554339615,-1.375379682,-1.5163064,-0.8295767903
4.564840649,1.060906645,-2.97718275,0.8355947137,-0.6646689177,0.9053574204
4.970377844,0.9515268176,3.150814977,-0.8467108011,0.6139503717,0.5783243775
3.276153422,-0.6024199499,-1.941974464,-0.8813111186,2.196396828,0.4034051299
-0.03259805514,-0.4628402143,0.725431851,-0.3784081042,1.404024243,0.4902592003
-2.22439849,0.1931125883,-2.090031959,-0.6341169477,0.8763743043,0.3397784531
-0.4767199789,-1.037231755,-1.456027807,-0.5671380162,0.3652873933,0.01968345791
0.1384890178,-1.047276179,-3.076564331,0.03924152255,0.8681339622,-0.0135795055
0.4784188917,0.006291209099,-2.922242369,-0.01150865201,0.230614841,0.09147701412
-1.200011895,3.573974339,-1.800719196,-0.2698377371,-0.1713662744,0.3904483318
-0.3123173522,-1.031920789,-1.485789323,0.824252367,0.08424220979,0.4914008081
3.138279613,-1.230346682,3.019816608,1.248547196,-0.08378979564,0.7057865858
0.2474222707,1.70591486,3.444788279,0.9157896638,-0.7551206946,-0.007172330283
-7.885733376,2.156216495,2.429665772,0.9686838984,-1.207133412,-0.3057194352
-1.560454104,-1.904340752,-0.4184790215,-0.03778361157,-0.4950152338,-1.202004433
1.838993689,0.9712772277,0.9317069224,0.9289553761,-1.785240412,-0.68785882
-0.126468179,-0.1736602844,-0.7987725431,0.3694155514,-1.356764436,-0.1959915757
0.5265181751,-1.302109603,0.003749086868,-0.2111022174,-1.462467074,0.09718886018
1.706211943,-2.882880665,-1.983513073,-0.3832490742,-1.15186131,0.2321884036
-1.217938159,0.004820552024,-2.239323379,0.07809787244,-0.319526732,-0.1434559077
0.4893007896,2.236432188,-1.763546965,0.1013779864,-0.02812253498,0.04967081547
-1.398570036,2.387895253,-1.068876601,0.09288957715,0.2918200791,-0.1955714077
0.3589341419,3.051180299,5.72974309,-0.4543728232,-0.4219612479,-1.128598094
2.82254047,-0.05126783042,-0.07774842559,-0.2313391119,-1.105498672,-0.07465723902
4.838337856,0.7778507511,-0.1551379547,0.3372491598,-0.02013071626,0.824734211
2.236690839,0.6957166578,0.4214123715,-0.7432483435,1.05749321,0.2589994967
1.09599564,-0.3734352532,-0.1889854254,-0.7413067818,1.556029201,0.3014119565
-0.2143134895,-0.2716904505,-0.1413524444,-0.7727344632,0.8777574897,0.2863547802
-0.560154195,-0.7682160768,-2.009057557,-0.7761452794,0.6824415326,0.2901269197
0.07442790287,-1.020178329,-2.185342929,-0.4032794833,0.212876007,0.1943215579
0.3640808572,-1.896554336,-2.95924728,-0.2048286498,0.706456542,-0.02201896161
-2.25291702,-0.9419435812,-2.691648191,0.1146773994,-0.7828197479,-0.02184536494
0.62249287,3.337336497,-3.434759345,0.5763024688,-0.04544779286,0.4434169531
0.3233367588,-0.9520680849,0.7928454912,0.9904344082,-0.7955263257,0.5846751928
3.240734902,0.05208499202,3.534400453,1.548689008,-0.1759803891,0.5876235366
-1.109552603,3.594075462,3.435343867,0.7640384436,-0.7520766854,0.001762145897
-7.389530406,-1.295440793,-0.289286934,0.4478503168,-1.056541562,-0.7891833186
1.10790352,0.2104483386,-0.2946329347,0.408672899,-0.7222667933,-1.155673742
2.141505102,-0.3590291267,0.5588720097,0.5042460561,-1.456108809,-0.6057451963
0.9706412679,-1.167879412,-0.370037391,0.08139704913,-0.9081766009,-0.04414856434
0.9665165892,-0.7645937947,-0.2737982364,-0.4104028046,-0.8413053155,0.3426994383
-0.7252275606,-2.930336828,-2.109103447,-0.3618840873,-0.6904774308,0.213447839
-2.299069992,1.705128094,0.3757387809,0.1751578003,0.1478809416,-0.3011623919
-2.640674083,1.904575146,-2.144249579,-0.3096941113,-0.3477695286,-0.4342003465
-0.9074676034,3.300893311,1.216729221,0.07437530905,0.4029877782,-0.8042684793
1.679189643,-2.610221077,2.464015786,-0.8659027815,-0.7426037788,-0.5841037631
1.50921886,-0.6066676705,-0.8399170389,0.09874142706,-0.7213507891,0.138979286
4.586880339,2.475693948,1.3131879,-0.2780029774,-0.1023121476,0.4871526659
1.635384111,-0.4414648334,-1.322713707,-0.8299470544,0.8129053116,0.3202990592
1.960396986,-0.9382061483,0.2946878797,-0.3386872411,0.9816544056,0.3436049223
-1.507170111,1.090081302,-0.775964499,-0.4376707077,0.323258698,0.3492756486
0.306637553,-0.2778501422,-2.005154412,-0.6276540756,0.2338555157,0.3139871061
0.4434986773,-0.6194838975,-2.743371948,-0.199759692,-0.001254762872,0.2381401956
-0.1755284163,-2.110159093,-4.03992947,-0.08159825206,0.4597114027,-0.01146800909
-1.52729783,0.1241793374,-3.162629334,0.2827033103,-0.9070206881,-0.02871886082
-0.2447814008,1.01968207,-2.180157051,0.6660339832,-0.1624133438,0.06608471274
2.610883925,-1.645210508,1.890574093,1.429194331,-0.6363767385,0.6692388654
3.593129121,4.513512028,5.692662191,1.955456257,0.02217964083,0.4118138254
-5.545645583,1.478415433,1.834766281,0.2867410481,-1.179693937,-0.1622754484
-6.578259615,-4.262845661,0.3088356475,-0.02565450966,-0.9422084093,-1.073185444
2.78786897,1.371161512,-0.113167018,0.6314232349,-1.281432867,-1.011342287
2.704090616,-0.4089338521,-0.2423802579,0.1268291473,-1.662509918,-0.2957967818
1.530853769,-1.746721502,-0.6508453966,-0.107944347,-0.8311824799,0.1629347801
2.164421429,-3.387657402,-1.243378597,-0.2291303128,-0.5324930549,0.3846301436
-1.928526807,-0.4935311207,-1.897099841,0.1294003725,-0.0726646781,-0.1120408177
-0.2154787339,3.02911109,-2.400077274,0.1946351379,-0.2508698702,-0.3113295138
-4.947272863,6.513724307,-0.7463397606,0.2440448105,0.2495360076,-0.5172314644
0.05507540601,-2.334202826,4.770029459,-0.9244254827,-1.305089712,-1.249112606
2.941376108,-1.150484625,-0.6668411303,0.1685963571,-1.311615586,0.2780021131
5.750847838,1.713986523,0.2332955457,0.3257740438,-0.6051665545,0.7108567953
2.221196917,-0.6773387051,0.1716284863,-0.8166995645,0.8509606123,0.2412826717
1.836239861,-1.199403846,-0.1356730836,-0.5692168474,1.430761456,0.2196682096
-0.3706666653,1.300903734,0.1609270595,-0.6421673298,0.7563315034,0.234584704
-0.5373085954,-0.3671978201,-2.263170996,-0.5799417496,0.5173358917,0.2521936595
0.3691002928,-1.084652263,-2.07379964,-0.1564944237,-0.1007296145,0.2181011289
1.959817433,-1.31474872,-3.416850471,0.1936920136,1.11070919,0.02771755867
-1.167979657,0.4845078563,-3.833060452,0.1442970037,-0.8138796091,0.1468276083
-1.861020082,1.890820761,-1.209386311,0.8381682038,-0.7413458228,0.7096759677
2.071195741,-0.004037292692,3.167608291,1.358402252,-0.8683786392,0.8591082692
2.028243173,2.448630585,3.927775502,0.8977778554,-0.2566846907,-0.2479211241
-4.612645187,1.703073499,2.009966196,0.8413634896,-1.245453477,-0.02609721012
-2.551481595,-2.257341705,1.293142453,0.01080759615,-0.2599502206,-0.8010965586
2.291545442,0.6332061334,-0.0509692128,0.3631551564,-0.6645997763,-0.7446314096
0.5760752561,-0.4016992247,-0.2742296136,0.1148641184,-1.006066203,-0.06147352979
-0.6575785042,-2.215834806,-0.2377006122,-0.2476021349,-0.6074702144,0.1488924623
0.5514454034,-3.18544147,-1.891846013,-0.4705292881,-0.6461844444,0.4398230612
-2.293132565,-0.2115665289,-1.631532696,0.1827103645,0.00252232654,-0.05519381538
-1.233654053,3.792580849,-1.115202372,0.1886199713,-0.177391842,-0.2416317165
-1.462029824,5.190483653,1.68349903,-0.3568487763,0.1987890303,-0.4999492168
1.116071922,-1.992384947,3.275363733,-0.5275139213,-0.2362796217,-0.5664324164
1.594360903,-1.524827056,-0.6011712651,0.1587609798,-0.3590571284,0.2063316554
3.941232949,2.930707415,1.80936296,-0.1617782265,0.1504346281,0.7218349576
2.874340215,-0.8905424798,-0.4905247785,-0.8771772385,1.49920547,0.3327296078
2.019505301,-0.7484820333,-0.1207810732,-0.7661803365,1.973606944,0.2320217788
-0.9812515093,0.2210731929,-0.4825650516,-1.033119678,1.565380692,0.07007021457
-0.2356841944,-0.9738917942,-1.8936554,-0.8296324015,1.138332486,0.3016957939
0.09768325238,-1.079823527,-2.91484466,-0.2847687304,0.8960729241,0.1902996302
-1.29584046,-2.959000028,-4.571575802,0.1727035642,1.084177613,0.1480151713
-4.086151416,1.300000064,-1.995174285,0.1590729952,-0.7365438342,0.3358714581
-0.887300283,1.48933138,-2.82661108,0.5807065964,0.0005728015676,0.7566006184
2.351397414,-2.479561145,2.128082872,1.063759208,-0.3680296838,0.7678416371
3.337826326,3.018423692,5.312717117,1.225492239,-0.0765895471,0.2295873016
-5.849453758,7.164162146,3.860458454,0.5937532783,-0.97740376,0.1719475538
-5.641582576,-4.240902709,0.1956358963,-0.02959825099,-0.5182399154,-1.147911429
1.11127475,-0.1210860475,0.2937526447,0.3456141353,-0.8335713744,-1.028923869
1.975077984,-0.2054366479,0.485221046,0.3671779335,-1.548335195,-0.3869427145
0.4682768524,-2.303845682,-0.4097556168,0.09393250197,-0.9454438686,0.04251725972
0.4276144411,-2.100601576,-1.00393505,-0.1345816702,-0.9790453911,0.4216530323
-1.556413596,-4.255951225,-2.432446927,0.0580490157,-0.7246819735,0.02570647374
0.324566739,4.063765688,0.427463123,0.1592254192,1.009708643,-0.5142197013
-3.688044078,3.233960294,-2.803661582,-0.5863735676,-0.2898756862,-0.0142093841
-2.750168769,3.247409558,2.937192101,-0.03631734848,0.9189736843,-1.029523373
1.798552812,-2.856393055,1.77812158,-1.110907912,-1.07922101,-0.8235852718
3.655482701,1.036045176,-0.4235588821,0.4604970515,-0.3295943141,0.8106510639
4.816968905,0.9852256736,2.461466101,-0.7514428496,0.7978814244,0.5191254616
2.970389729,-1.355407478,-1.596458022,-0.8091241717,1.948432088,0.4613389075
0.5449789838,0.9657996731,0.797730779,-0.6842296124,1.752779961,0.4474522173
-0.6878009162,0.5654992093,-1.11621586,-0.9950650334,1.535591483,0.5293248296
0.1517141178,-1.556618033,-1.698737516,-0.8109956384,1.124280572,0.4799017906
-1.456148803,-1.851823799,-2.922138032,-0.2074778974,0.8082305193,0.3470481932
-2.593927237,-3.379229765,-4.581392555,-0.0961188972,0.4478227198,-0.08001980931
-1.999244165,2.959001197,-2.355213027,0.1401238889,-0.6495719552,0.1948147118
0.1276797467,0.1470166076,-1.541108329,0.4362841249,-0.1437689364,0.3927363753
2.056173967,-0.7435527602,2.589114284,1.208727837,-0.5597380996,0.8123366833
2.110100641,2.029499748,6.208622001,1.542895794,-0.2777597308,0.2602915466
-4.605986021,4.391463273,2.692151172,0.5230332613,-1.126903892,-0.004495861474
-4.873850191,-3.757107969,-0.4785772972,0.03643240407,-0.628798604,-1.117825389
1.955232443,-0.1917231798,0.8196936775,0.8379641771,-0.7198905349,-0.9125949144
1.291194387,0.02653612475,0.665386986,0.4649253786,-1.393815875,-0.1465409547
0.1525738033,-1.733271069,-0.04050389636,-0.004384544212,-1.023028851,0.06433063745
1.334327719,-2.784718397,-1.214738194,-0.3523881137,-0.7599053383,-0.02805852517
-0.9019755818,-1.439495628,-1.761129382,-0.08253180236,0.03189572319,-0.04615173489
1.596927977,5.459578242,-1.558801806,0.03930213675,-0.07306303829,0.4236075282
-3.920385976,6.003994916,1.189369944,-0.08806081861,1.276841521,-0.399708122
1.222589345,-2.632493114,3.804591021,-1.219235182,-0.7079981565,-0.8591944575
1.78431795,-1.988631732,-2.614186473,0.1946047544,-0.1639553607,0.6585232019
5.38489388,1.6550749,2.525527362,-0.2435249686,0.62343961,0.5696728826
1.289352851,-1.767651478,-2.015630359,-0.8546103239,1.971888781,0.03976555541
0.1765367166,0.4523369405,0.4371722507,-0.1628760993,1.659473658,0.4612724185
-1.003035179,1.202055238,-1.264208765,-0.4017812014,0.7967299819,0.4747941196
-1.314229664,-1.033349361,-1.255761255,-0.7198918462,0.7606583834,0.07614151388
-0.4616217785,-0.9188625654,-2.541945413,-0.05829526484,0.5590965748,-0.1298711002
0.3448588548,-1.99706989,-3.606807518,0.04075447097,0.5013432503,0.04394993559
-1.474322465,1.988059485,-1.787832826,0.1317943633,-0.8158301115,0.509809792
-1.00994452,-0.595318009,-1.599238885,0.5804210901,-0.2662138939,0.3864635527
2.600629657,0.1163607726,3.332215501,1.173684239,-0.5040810108,0.4194892049
0.8376862112,3.43067003,3.722448159,1.073387384,-0.2545748353,-0.03640251234
-5.869823177,2.281691133,2.899876223,0.5548224449,-0.7941994071,-0.2236892581
-2.885247978,-3.218776753,0.1142085812,-0.135731861,-0.3627703488,-1.011669874
1.623434438,-0.2735901466,1.067554413,0.3563662767,-0.8052053452,-0.8335550427
1.846448682,-0.5778372974,0.02703998262,0.178299427,-1.170920253,-0.09534429014
0.08746361779,-1.4182693,0.03952887731,-0.1769849807,-0.7263655663,0.1885903478
0.3635601943,-3.135568893,-1.819207477,-0.3601422906,-0.683616519,0.3911630511
-2.763707757,1.221492929,-1.576403076,-0.09330491722,0.4634767175,0.08297784626
-0.8587591021,2.169997183,-0.1871510496,-0.2173567116,-0.227531448,0.01342877746
-0.5504160603,6.347786141,2.344500933,-0.164528057,1.188590407,-0.5996794701
1.370178931,-4.870350951,1.076241504,-0.8512195349,0.02297430858,-0.5949993134
-1.237221828,-0.8641881414,-0.8934476267,0.4520041943,-0.4048136771,-0.06114798412
2.918510781,2.711081498,0.6660463267,-0.399830848,-0.008565876633,0.4154093564
1.522368849,-0.2193032607,-1.118089837,-0.9570417404,1.003983736,0.3727839589
1.735468433,-0.5155652578,0.7768846826,-0.8320991397,1.405495763,0.5432822108
-0.452853804,0.7896803051,-1.48734649,-0.8337889314,0.745033741,0.6403278112
-0.922611981,-2.018402016,-1.356551095,-0.6855115891,0.7039787769,0.4530276656
-1.431881354,-0.5495750795,-2.162815163,-0.2436874211,0.538838625,0.1472909302
-0.844167536,-1.690479975,-3.962797131,-0.1759296954,0.5180566311,-0.01817356423
-1.771179359,1.034109239,-2.434661389,-0.005763995927,-0.2436862141,0.07025870681
-0.05964578267,0.8839093254,-1.158288577,0.5504873395,-0.06985358149,0.4254335761
3.2532992,0.8453542616,3.821094412,1.295022011,-0.5591111779,0.546186924
0.4756712005,1.106111815,3.960880484,1.286669374,-0.2617735863,-0.1165430695
-5.095948344,1.149089371,0.5411738925,0.5331349969,-0.8039818406,-0.3165991902
-0.9773078862,-2.830507503,0.4444914877,0.7142865658,-0.3032541871,-0.9053557515
1.442134744,0.09416706095,0.2690332505,0.5960527658,-0.9048330188,-0.8278359771
-0.1126201247,0.1348620594,-0.06528408082,0.3143694997,-0.8593094349,-0.1556167006
0.4882166477,-0.9320441185,0.145531922,-0.446729213,-0.9619398117,0.1468912214
0.6995709951,-3.610951778,-1.928631144,-0.5195729136,-0.9732406735,0.3688794672
-2.155350672,0.1090782144,-1.601755982,0.1748756915,-0.1490722746,-0.2022844851
-0.8827963957,5.603381148,-0.4770948766,0.07923004776,0.06361981481,-0.4077400565
0.9546414425,6.13036095,0.7211246553,-0.238798365,0.4677313566,-1.054050684
1.910852619,-4.994352009,1.344436441,-0.8075540066,-0.8136588931,-0.1128554419
2.920224015,2.889430232,-0.1007939317,0.2556537688,-0.4444522858,0.7430797815
2.021339969,-2.213696624,0.7945219,-0.8410034776,0.214459002,0.1585015208
1.955294256,-0.4887526542,-1.251870531,-0.6599892378,1.200354815,0.4146598577
0.7524376391,-0.4142366347,1.133321309,-0.5266814232,1.029728532,0.3570921123
-0.2956808363,-0.1000835915,-1.498167451,-0.7572690845,1.188662171,0.2787426412
0.01635916026,-0.6052133801,-1.362524324,-0.5762093067,0.6538119912,0.4488731027
-1.266702043,-0.8351011631,-2.347555644,-0.2318312228,0.7593775988,0.3502449691
-1.731121344,-2.789392818,-3.895430106,-0.2229612172,0.3113459051,0.01737726107
-2.146066565,3.368050784,-1.989771841,0.0580830127,-0.4183072448,0.1992631108
0.4632210304,0.5766220763,-0.6083003863,0.5576132536,-0.04249919951,0.4504693747
3.954375339,0.7605600091,3.768140528,1.30770421,-0.1677417457,0.4671044052
0.45729354,1.650969802,3.457286818,1.17959094,-0.1385471225,-0.08424241096
-5.948099426,0.2591998022,2.022691238,0.5805431604,-0.5534006357,-0.3218013644
-2.104228972,-2.252077501,0.7422456962,0.3068947792,-0.6706187725,-0.9405358434
1.937507693,0.2532417706,0.7700023757,0.651409328,-1.09560883,-0.7852779627
0.8560802382,-0.5072720613,0.03602521657,0.3658054173,-1.182827473,-0.05183676258
0.3955588222,-1.516803909,0.3189268335,-0.1971069574,-1.1594311,0.3843000531
1.898518914,-3.199271842,-1.829948652,-0.2448957115,-0.6555632949,0.372161448
-1.566393577,-1.938010967,-2.399697335,0.560782969,-0.2675179541,0.03477976844
-3.789292914,4.472689604,-0.1349801329,0.1723436266,-0.3514027297,-0.3476773202
-1.111013031,6.134302965,-1.241598143,-0.7826077342,-0.00824220106,-0.395069927
1.558484119,1.304878483,1.909880997,-0.261063844,0.3778726459,-1.053040624
3.064937606,-5.150787603,1.115395191,-1.069193125,-0.4304543734,-0.1124964803
1.995790956,2.483597269,-0.2532990538,0.327630043,-0.1639755517,0.5013266802
2.532187697,-1.614722431,1.807687866,-0.8695275784,0.4473214149,0.2541182637
2.314999821,-0.5187111546,-1.470282104,-0.5336464643,1.471506,0.5010495186
0.9249681888,-0.2262105558,0.8537342596,-0.3903737068,1.453465581,0.4497743547
-1.068523696,0.5703273601,-0.8304638587,-0.592851758,1.206022024,0.3487741053
-0.6082407651,-0.7310732179,-1.300785369,-0.5490400195,0.9077519774,0.2507474422
-0.0491696891,0.1320972709,-2.244710333,-0.3336714208,0.8411009908,0.1055212766
-1.005376627,-1.860094783,-4.786781564,0.01045204606,0.8480860591,0.0079979375
-1.380046683,0.7028478249,-1.782797317,-0.2672000229,-0.5896059275,0.2546020746
-0.8175352574,2.904354245,-3.193903593,0.507784605,-0.1812211722,0.7409125566
1.986117849,-0.7398971603,3.256058436,0.9999322295,-0.3039903641,0.8305931687
2.061652544,-1.247026014,4.90537901,1.038509965,0.3721928895,0.1455130875
-2.168964041,2.36361889,1.649302308,0.7918542624,-0.657577455,-0.1441751719
-5.811544006,-1.459277018,1.517698227,0.6683022976,-0.09871976078,-0.728867352
0.4226271542,0.3459393435,0.6743932993,0.4923331141,-0.511097908,-0.8864536285
0.0643090983,0.4374322168,0.3883060746,0.4389161468,-1.263405681,-0.3273429871
-0.4536740343,-0.6365846699,-0.260461785,-0.06499592215,-1.209083438,0.08152633905
0.6310146147,-2.126978126,-0.7956734081,-0.4700239003,-1.295474291,0.3639398217
0.02953121491,-4.41377272,-2.921611085,-0.1527130902,-1.068617225,0.1539009511
-2.07587893,2.482871293,0.1282428605,0.3684364259,0.3495657146,-0.3619722128
-2.336764201,1.912856067,-3.45161228,-0.248298198,-0.5725227594,-0.2032014132
-2.934119853,1.985859344,0.9348363796,0.2083360106,0.362454325,-0.2769471109
1.967002522,-0.3547995263,4.051140016,-0.8683882952,-0.8397798538,-0.8241131902
3.482474744,0.321076705,-1.044567359,0.1048980951,-0.3639416397,0.3693548739
5.014138075,1.00285953,2.854333785,-0.3836177886,0.4275792241,0.6050232649
2.856806604,-0.2174322061,-0.3406289622,-0.9968659878,2.036411762,0.2987815738
1.078646885,-1.355886201,0.2585514213,-0.7632696629,1.975500703,0.3414856791
-1.096428187,0.08873451451,-1.106267297,-0.6875807047,1.514511466,0.427010715
-0.7112924126,-1.046574753,-1.21575307,-0.752204895,1.173937798,0.3186953366
-0.9955912925,-0.8956365881,-2.178675288,-0.4329382777,0.8443202972,0.04541014507
-1.072729331,-2.314741754,-3.606453005,-0.1355634034,0.9849856496,-0.09790588915
-1.852327949,0.2156780559,-2.296611493,-0.09835568815,-0.5241574049,0.1894945651
-1.342837773,1.94256673,-3.931397199,0.1671797186,-0.08242407441,0.6531820893
-0.1563527374,-0.7648468927,0.1500295257,0.2660057247,-0.5371046662,0.609429419
3.533153084,1.511512816,4.243991323,1.618120551,0.1780193299,0.9432980418
0.1969025552,2.439555883,3.497976556,0.7336906195,-0.2003715485,-0.1269540638
-6.725374423,-0.1174818856,1.311805068,0.8707967997,-0.373930186,-0.3562943637
-1.776490179,-1.944053754,0.4480057064,0.3439436555,-0.38314569,-1.098650694
1.975375067,1.388709444,1.131722057,0.7248072028,-0.8512868285,-0.708453536
-0.1794309767,-0.8133388286,-0.4400772149,0.2427664399,-0.9887285829,-0.2730529606
0.2514358902,-1.76639534,0.3710615098,-0.01221934706,-0.7490606904,-0.0433860831
1.306208563,-2.438206222,-0.8868646681,-0.1503865719,-0.524314642,0.2288292646
-1.493140563,-1.793933335,-2.184469361,0.1133465692,-0.4206388891,0.1706364602
-1.084787287,3.662335344,-0.5646423368,0.0005947521422,0.09245129675,-0.06069935858
-3.503134962,1.024802482,-2.236047572,-0.6115195751,-0.08397498727,-0.1477396935
-1.194305939,2.320218725,2.627746212,0.05087919161,0.2277347893,-0.4858898222
0.3959853771,-1.982156398,1.574717168,-0.9439341426,-0.9707787037,-1.00550878
3.147720811,-0.9368681777,-0.5683117825,0.3493094444,-0.6529936194,0.428409487
6.025004971,2.235280095,2.939401593,-0.4149349034,0.4302759767,0.6782778502
3.15149653,-0.6420879435,-1.033678885,-0.9867116809,2.246216774,0.386590153
0.5778517643,0.5124228682,1.439306974,-0.7302756906,1.755664229,0.5763627291
-1.525380891,0.1237234103,-1.99655288,-0.8505147696,1.495496392,0.5727593303
-0.7679520191,-1.284999478,-1.146442656,-0.7455204129,0.9773048162,0.3702611923
-1.089260341,-1.353649821,-2.375211859,-0.1726186574,1.106345296,0.1316304207
0.05940598256,-2.23240074,-3.431104914,0.008991552517,0.8614526987,0.08998849988
-1.869690587,2.064359465,-2.309951305,-0.1609736234,-0.1918902844,0.3608257771
-1.561629285,0.9061907153,-2.497908411,-0.01739132591,0.6832943559,0.5358199477
0.4211499212,-1.696264404,0.4221041532,0.8417776227,0.02896526642,0.6208781004
2.263974129,1.382475518,4.895978729,1.450784802,0.2338154763,0.8930132985
-1.474391,2.924156093,3.45707756,0.286254853,-0.1433882862,-0.312081635
-7.171625321,-0.5070014276,0.3312695246,0.667553246,-0.4215668738,-0.5717889667
-0.6448702677,-1.539552916,0.7269453243,0.2132385522,-0.03196090832,-0.9564785361
1.172706832,0.2864391068,0.9702946464,0.5090887547,-1.08471632,-0.4650668502
-0.1708604245,-1.226370179,-0.6901566856,0.1922777444,-0.7631056309,-0.0876160115
0.3581134732,-1.74350254,-0.1164670825,-0.2282945216,-0.7252011299,0.178799957
0.3949202321,-3.162088651,-2.197511213,-0.3397182524,-0.6982563734,0.2807244658
-2.61183348,0.7970102096,-1.793392653,0.1302694231,0.1231522486,-0.09601460397
0.01832242315,2.376274958,-1.997279879,-0.09414377064,-0.1924036145,-0.1226723865
-3.814526724,5.404869331,0.2851731785,0.1316086948,0.8209719062,-0.5012351871
0.7593297367,-3.175658327,4.955999775,-1.186412573,-0.8167766929,-0.8868831992
2.903247161,-1.640943498,-0.6838147692,0.2920219302,-0.2976632714,0.3947767913
4.267252956,1.690356056,2.014258925,-0.04405672848,0.2083241045,0.6067177653
2.6563381,-0.441734298,0.1582068408,-0.7735850811,1.583282471,0.3048808575
-0.01000832993,-1.0155986,0.4495334274,-0.29649809,1.393467188,0.3798965514
-0.9603813013,0.5664356134,-0.09510784893,-0.8790587783,1.340965509,0.04468567669
-0.5665621624,-0.3098825263,-1.883365477,-0.7916231751,0.9769337177,0.1111007929
-0.7251620941,-1.314696697,-1.552205038,-0.2182980031,0.2595477998,0.2969120145
-0.6762075091,-2.06684076,-2.82827989,0.0675784871,0.8182742596,0.1463757455
-0.4826791795,0.7770259907,-2.764337287,0.07329262048,-0.3704225421,0.179365471
-0.5831263437,2.709554142,-2.766711031,0.1508074999,0.364913851,0.6221163869
1.409665138,-2.061917332,-1.84674445,0.01215680316,0.8858659863,0.1936383843
3.502980064,1.487774798,4.374612091,1.654522777,0.8913012743,1.234459162
-2.972871609,4.275565442,5.827959135,1.007903695,0.1659520417,0.1570878178
-9.872367796,-0.640072512,-0.03467624965,0.4904640913,-1.170053363,-0.8482425213
-2.632825707,-2.631449743,-0.3344773807,-0.2696071565,-0.2213769704,-1.368356824
3.755279585,2.185925405,1.762286736,0.9719130993,-1.342884183,-0.7647731304
0.8862938825,-1.271197747,-0.474914683,0.3258843422,-1.220852375,-0.1334305704
0.1255491644,-1.170692131,0.8017524357,-0.126101613,-0.8818664551,0.1380103678
0.4444580238,-3.560786356,-1.740747104,-0.2659963667,-0.7430695891,0.2741600275
-2.716215938,-0.346112362,-1.84125915,0.006536967587,-0.7008623481,0.0451298207
-0.5674877528,3.129992554,-2.3255671,0.347632736,-0.4944723845,-0.05948102847
-3.37563554,1.714905391,-1.674922925,-0.5302152634,-0.2209922671,-0.1252092421
1.83804048,3.926028366,3.949330331,0.2157796323,0.5817096829,-0.9138097763
1.090761685,-3.698047293,1.736093141,-1.277646184,-1.380627751,-0.9887925386
3.909589272,1.207865385,-2.031537538,0.4597560763,-0.4165978134,0.7262585163
5.557578598,0.9572913725,1.935610335,-0.3612654507,0.6643848419,0.639373064
2.990806786,-0.2353659222,-1.688286264,-1.220023632,2.619074106,0.008044886403
-0.08147241455,0.5853291144,0.4986847041,-0.5534802079,1.63118577,0.6446607709
-2.044607447,-0.2158838076,-1.867427318,-0.69116503,1.268967628,0.7394371033
-0.7030817797,-1.299436,-1.742503008,-0.809830606,1.179897189,0.1582246572
-1.623916522,-1.142015487,-2.782328871,-0.3303241432,0.6918035746,0.01230958197
-2.103131533,-1.391321672,-3.148662768,-0.05306892097,0.1302442253,-0.06151624024
-0.6305832375,2.337577856,-2.566094058,-0.01707236469,-0.4385165274,0.1653977931
-1.025072531,0.2881085013,-0.5046373288,0.8295291662,-0.9255415797,0.4717946947
3.039905164,-0.120712538,3.355989175,1.474590302,-0.791541636,0.6227356195
0.7478833368,-0.9814835645,2.195238592,0.8366779685,-1.364513874,-0.3559684455
-5.693902546,6.22766514,0.7417009949,1.060835719,-1.415989995,-0.1251597852
-0.7489439517,-1.282196696,0.6525217323,0.3228399456,-0.9351210594,-1.04908514
1.622978218,-0.1580377678,1.536462549,0.73780334,-1.87577033,-0.6795134544
2.161087024,0.6850222453,-0.6380453901,0.5020320415,-1.229849458,-0.2822111845
1.184585047,-0.8832692739,0.6264823781,-0.0102504082,-0.8597258925,0.02484575659
1.682904279,-1.761678248,-1.240291153,-0.4367670715,-0.559961617,0.3448147476
-1.022017819,-1.952438721,-2.370553074,-0.1042001024,0.03119725734,0.1008997262
-1.747711682,1.495915434,-0.313734014,0.1411111355,0.3755444884,-0.1683277339
-2.410240941,3.283348886,-2.48269126,-0.5153531432,0.0749065876,-0.1110919863
0.0419692562,5.409530309,2.736952437,0.3161655664,0.4841052294,-0.9986253977
0.8713488268,-4.576107893,1.118705923,-0.9562348723,-0.682115376,-0.6752599478
2.771764222,1.284240184,0.005493190589,0.3221829236,-1.048605323,0.6753448844
4.184983838,-0.4542354676,1.365700324,0.02529361844,-0.203021273,0.3944199681
1.757231498,-0.6626274582,-0.8453355569,-0.3706748784,0.8102377653,0.2733687758
0.9495864972,0.8600508954,1.054222637,-0.3622754812,0.9129837155,0.3012404144
-0.660538523,0.405405678,0.1807632483,-0.8127439618,0.6341775656,0.1682273895
0.3042781304,-1.339753982,-1.756837676,-0.5805111527,0.5271162987,0.04869901761
0.003899199396,0.1136053364,-0.9703890467,-0.4187959135,0.23576276,0.01899841055
0.09742752405,-0.6990425874,-2.595069977,-0.1748486757,0.6380873322,0.07864240557
0.1733044567,0.2467448098,-3.224698252,-0.004100601189,0.1168469191,0.1963073015
-0.2950168194,1.793269318,-2.619304839,-0.1345235556,0.07452126592,0.364279002
0.6609580636,-2.065257291,-2.402403964,0.01088112034,0.1678324789,0.1107426882
2.912171057,-1.55569858,1.544996568,1.777442813,-0.1814353317,0.965108633
1.140820724,0.7966694334,6.117775609,1.102686048,-0.7665115595,0.5054953098
-6.551129616,13.2776649,6.451318997,-0.1162410453,-1.293387055,0.1584530473
-4.959937114,-4.612208549,-2.470218732,-0.278457135,-1.423731804,-1.241012216
2.385358721,-0.4887152448,-0.08014854554,0.8400685191,-0.9748325348,-0.9454481006
2.312801288,-0.1865758801,1.198896481,0.5647403598,-1.930347562,-0.3261051476
1.567993121,-0.5323825371,-1.081422779,0.3280995786,-1.199224114,-0.03703929111
1.654904658,-1.001898576,-0.1687982313,-0.1264638156,-0.8069537878,0.08101050556
1.094280507,-1.853291533,-1.580562387,-0.2443948537,-0.09599095583,0.1853844523
-2.585449624,1.170252571,-1.249831719,0.1699772179,0.1542554647,-0.1111793816
-2.343963903,0.1814928777,-2.315567099,-0.1321001053,-0.02316657454,-0.2242692113
-1.818257337,2.937222496,-3.334384077,0.279042989,-0.3006307483,-0.1474260688
-2.275406062,1.515270708,4.694414539,-0.2496634126,-0.8398090601,-1.523122907
2.839762531,-1.009073582,0.2358298864,-0.7218750715,-1.388351679,-0.175685823
5.509847125,0.9340800082,-0.8997709114,0.7288808823,-1.159631014,0.9324672818
3.09014219,0.3116682406,2.782258728,-0.7727665305,0.543435216,0.2291395962
3.705137544,-0.9262357245,-1.077264344,-0.5882325768,1.594589353,0.3554068208
0.3125457541,-0.1494219152,0.8182194403,-0.3111411333,0.9818570018,0.3889748454
-2.232502155,0.6122679747,-1.410079856,-0.4732627869,0.4310806096,0.3050121963
-0.2151088777,-0.4175450286,-1.045947123,-0.58574301,0.3714857697,-0.02293642797
0.6986652785,-0.1777110211,-2.127427916,-0.04776879027,0.3701905012,-0.05317799002
0.4361665808,-1.970236243,-2.852748853,0.09415373951,0.7739431858,0.08789207786
-0.1029575395,0.7178466565,-2.595742762,0.02855996042,-0.3201936781,0.1341097951
-0.536203849,0.7772510317,-2.14521024,0.1900554299,0.3114247024,0.3543231785
0.7069108365,-1.497932035,0.06666355247,1.001591086,-0.1177890003,0.6631565094
3.983818876,0.2817909888,3.434198204,1.430790067,0.3821670413,0.6675797701
-2.123368557,4.422568605,3.161024237,0.892136097,-0.04913672805,0.1049605086
-7.278153267,-1.714970273,0.135104015,0.4251036346,-0.4083293974,-0.7429617643
-0.7213488195,-0.761490568,0.2093535291,0.2936191261,-0.2278412133,-0.9053288698
1.419910638,0.7904793466,1.565715531,0.5033973455,-1.178945065,-0.433137387
-0.01913826958,-1.55317403,-0.6493839457,0.1810189635,-1.11560142,-0.01407947578
0.5052672973,-0.9437082528,-0.1317254967,-0.07686325908,-0.98826015,0.172247991
0.5398858985,-2.759293448,-1.479138487,-0.07918349653,-0.9045625925,0.2237837613
-2.632898773,0.3538338962,-0.9921640215,-0.02962253988,-0.5769553185,-0.06550015509
-0.817320884,1.537694721,-0.2002338185,-0.1301469803,-0.6703290343,0.001515398617
-1.344457922,1.073773726,-2.960146275,-0.1408925802,-0.222949937,0.04980836436
0.8095729002,4.525658977,4.644938268,0.1777490228,0.4758140147,-0.7995810509
1.741602552,-4.339394063,0.6931564519,-1.00959444,-0.6569239497,-0.6054512262
4.003310051,0.4427198019,-1.579144337,1.040334344,-0.3269633651,0.7057880759
2.184927626,0.5780132384,1.527381417,0.2545503974,0.3322447538,0.3757532537
2.551872348,-0.4952817637,-1.196558394,0.09874389321,1.210897565,0.3538594842
0.3400179907,2.900681694,1.866250968,-0.07968247682,1.155698538,0.5122529864
-1.738657877,0.2829699694,-0.6140168642,-0.7388060689,0.9198741913,0.3256061077
-0.7687593899,-0.8733329863,-0.7676385692,-0.6441808343,0.6548596621,0.1077610403
-2.120165669,-0.2741127092,-0.9668645259,-0.7904960513,0.3668951094,0.0001197194142
-0.5424724079,-1.350277714,-3.308262086,-0.4823606908,0.813072145,0.1508580297
0.9715854169,-0.5794049851,-1.632103043,-0.7223705649,0.3732522726,0.3461546302
-0.2627735691,-0.2017857241,-2.539931151,-0.2828394175,0.3974911571,0.4392774701
-2.304086213,-1.496170286,-2.461867083,0.5870881677,0.224437803,0.2182981223
1.746969047,1.925578771,5.287029718,1.725696564,0.08542743325,0.8404767513
-0.04145144287,2.587568516,3.789278885,0.4779512286,0.2158766985,-0.2386359423
-6.404132298,1.347590667,-0.4387175805,0.9410133362,-0.9750499129,-0.2484004945
-1.093189497,-1.651682335,0.7589362073,0.1986021399,-0.02547489107,-1.060712814
1.93283108,0.3363601988,1.049835801,0.3319571018,-0.9987345338,-0.5635822415
1.06632604,0.1860620853,-0.4618085332,-0.2766491175,-0.9897751212,-0.07289736718
0.09928294266,-2.257162257,-0.4328641417,-0.3838194907,-0.6502891779,0.02040943131
0.6434376045,-3.015691637,-1.980743609,-0.05980446935,-0.3603421748,0.160746485
-2.772865754,0.1690694495,-1.409196936,-0.1191729307,-0.2343699783,-0.03175871819
-0.5304775803,1.796000789,1.031881115,-0.6208518147,0.6045080423,-0.2411415577
-0.4355426037,2.237342873,-2.309170092,-0.4172523022,0.6726593375,-0.3602751195
0.7159659574,1.978071759,3.218677969,-0.06195973977,0.9269872904,-0.9618467689
2.202232397,-2.621320563,0.7231599605,-0.694131732,0.1507845968,-0.2611503303
2.13913735,1.769381662,0.7213432665,0.1445308775,-0.3757819533,0.2345424742
0.7554960037,0.09238310014,1.522820831,-0.8667174578,0.2445175201,0.05577166378
2.200064405,-0.8246364677,-1.567807974,-0.5834700465,0.9497559071,0.4507162869
0.2735232189,-0.8184761915,-0.1084358248,-0.395979017,1.065345883,0.3871551156
-1.334308868,-0.2102829189,-1.451847014,-0.2568980157,0.3667209446,0.3274873197
-0.7777792933,-0.3080892131,-1.242326312,-0.3832632303,0.1792140454,0.1398340017
-0.622311376,0.1928986533,-1.443564777,-0.4193238914,-0.0259632431,-0.004885811359
0.6403014984,-1.19799281,-2.912809354,-0.1257995367,0.5211389661,0.1384498924
-0.7267080084,0.2788449984,-3.29361952,-0.0225655511,-0.6513723135,0.2289635837
-1.865531568,1.951508162,-2.100244579,0.5587049127,-0.2735219896,0.2708573639
1.464573517,-1.183042494,2.008340202,1.144330978,-0.7286672592,0.2298311889
4.69363917,0.6509206537,3.787347625,1.351805687,-0.1418644488,0.09977287054
-2.707754984,6.42147214,2.191460243,1.078287601,-0.7816567421,0.01669749804
-4.732401447,-3.150338008,0.1090589251,0.2305860817,-0.7968347669,-1.001216054
1.064626835,-0.5818289973,0.5295709868,0.5639833808,-0.6142101884,-0.9124976993
1.903376291,0.541405217,0.598148264,0.3491475284,-1.500747561,-0.1449514627
1.056769399,-1.341577106,-0.4376467364,-0.06612572074,-1.188871026,0.1185098216
1.480194426,-1.92056708,-0.9638660747,-0.2605750561,-1.049928904,0.3803225458
-0.2249864209,-2.432623453,-1.933870652,-0.1740740985,-0.6157484651,0.262081027
-1.849761605,2.383410802,-0.6502244882,0.393310219,0.05142669007,-0.166268751
-3.570992693,1.624338401,-1.976040545,-0.09368662536,-0.9129052162,-0.216557771
-1.72372758,4.085438007,1.653503705,0.1069320738,-0.3895780742,-0.7121596932
1.26356623,-2.785568876,2.114985052,-0.7968990207,-1.366700768,-0.7411415577
4.135812103,-0.3273018631,-1.439891642,0.4394201934,-1.00488472,0.3891159296
3.414040382,0.7328320442,2.167641999,0.08368863165,-0.2217994779,0.2918979824
2.736737625,0.4311269792,-0.6187045837,-0.3788189292,0.9352177382,0.351226449
1.167866845,0.3134194682,1.154050793,-0.3983741105,0.8523895144,0.3207855523
0.1779132657,0.6143950499,-0.1734557017,-0.8548654914,0.8084472418,0.165161103
0.8557625506,-0.8960182809,-1.335574212,-0.7650720477,0.6639129519,0.2632268667
0.5476847357,-0.4903653501,-1.408543733,-0.6147499681,0.2836139202,0.4125124216
-0.6921417219,-1.276045187,-3.29433819,-0.2540051937,0.6938384175,0.1339842677
-0.222743172,-0.6284755977,-2.150957698,-0.08199197799,-0.1677499563,-0.09960298985
-2.001080586,2.313397354,-3.840125275,0.1534127295,-0.1789667308,0.2838462889
0.6232476339,0.7852987291,-0.6179027658,0.1097715646,-0.4398034513,0.2073475718
3.211011964,-0.2914531356,2.820011828,1.3473351,-0.3648885787,0.489189446
0.2527864281,0.8578858264,3.298697847,1.376174092,-0.9467298985,-0.06959836185
-5.980362111,0.905208134,0.7104397413,0.7822899818,-0.9346613288,-0.4178817272
-1.573088106,-2.437852001,0.02317972699,0.5284098983,-1.189490318,-1.066434026
1.917628542,0.613704145,0.9062555973,1.135392189,-1.569464922,-0.6834903359
1.197430208,0.9436433709,-0.05195815077,0.6547628045,-1.388299465,-0.1968011111
1.205476736,-0.2854904278,0.2036042448,0.004363208078,-1.259041309,-0.01658394933
1.698787492,-1.944689129,-1.293357557,-0.2719258964,-0.9665303826,0.1851518303
-1.294493575,-2.182154654,-2.014091751,-0.1201873347,-0.5994660258,0.02188579738
-0.6565957768,2.288979537,-1.088192712,0.1380576789,-0.03042924032,-0.258443445
-1.625883877,0.02150689841,-3.006155162,-0.2819927037,-0.5917193294,0.1831466705
-2.524115742,3.008530659,1.217742636,0.4199616313,0.2480317056,-0.5004647374
1.951184629,-1.063013847,2.694052037,-1.470468283,-1.111744881,-0.8721151948
3.880560746,-0.6584054565,-2.942475302,0.1899487376,-0.7491945028,0.5989044905
4.45526676,1.323017951,2.362616435,0.05277775973,0.284062922,0.777248323
1.347902948,-0.5782762733,-0.3298078546,-0.9281228781,1.328171134,0.1313778013
0.8550716457,-0.3500169682,0.3915092546,-0.3930947185,1.194066525,0.2648471296
-0.9209887637,1.036714453,-0.6595917437,-0.5136827826,0.5295596719,0.2083229572
0.7866976361,-0.3699871586,-1.521115634,-0.6495504379,0.6159242392,0.2445115298
0.4221155514,-0.8539367965,-2.174317092,-0.29969275,0.2272187471,0.2908058763
0.09078107177,-1.623700103,-3.288338657,0.006225290243,0.8071005344,0.2280249894
-1.51048435,0.9800351192,-3.173285168,-0.07056024671,-0.6130631566,0.03955898061
-2.052958512,2.053351164,-2.559752288,0.1267051846,-0.3446995318,0.2009006888
0.7291140466,-1.127975271,-0.02752192091,0.9638742805,-1.047953367,0.3067199886
4.603672484,0.545197595,3.730499364,1.466940522,-0.5452072024,0.2239456475
0.5674842456,4.238766282,3.608070085,0.9426670671,-0.8652181029,-0.3691520989
-7.040388467,-2.275521505,-0.23925555,0.6558966041,-1.007914782,-0.6519734263
0.05918386424,-1.51441789,-0.4375134654,0.7100988626,-0.7916999459,-0.9801495671
1.184719487,0.9475520688,0.6651216131,0.8498253822,-1.883474112,-0.4482146204
0.07597878557,-0.6412906556,-0.4738391993,0.3227517605,-1.589041114,-0.1709906906
2.580318106,-1.946357939,-0.357764879,-0.1489209533,-1.416708469,0.1582037359
1.48204283,-4.218656975,-2.486480131,0.08818436414,-0.7108749747,0.2985752523
-2.688738733,2.298994735,-0.5457364512,0.6866611242,-0.3223959208,-0.03881571442
-1.998530025,4.324636639,-2.1470471,-0.1073412225,-0.7601318955,-0.2916115522
-1.905934451,1.445090672,-1.964201639,-0.4334768355,-0.4117171168,-0.4614798427
3.084128336,5.915653785,3.775775261,-0.3538427949,-0.5790014267,-0.6870791316
1.609398313,-3.794947579,-1.008545613,-0.9001374841,-1.481645942,-0.7218181491
5.39402002,1.833261137,-0.2409070436,0.5914171338,-0.3365103602,0.9046295881
3.234513836,0.06136778415,1.130898904,-0.7806425095,0.3680017292,0.4846960604
2.65733471,-0.5157891297,-0.2611713946,-0.6167988181,1.719365835,0.4796500802
-0.2985211743,0.9394248764,0.5163265976,-0.5517371297,0.9257182479,0.4874127805
0.07824453854,-0.7110287932,-1.567766326,-0.8711389899,1.314576745,0.26667431
0.1987595082,-0.9362982688,-1.252616673,-0.6262199879,0.660292089,0.3654226065
-0.7323638422,-1.069414946,-1.983534116,-0.2623507679,0.6893657446,0.345192045
-0.9789039232,-1.414862707,-4.230101037,-0.2329476178,0.9254418612,0.005991133861
-2.210810109,0.459372246,-3.198034117,0.07853380591,-0.6779465675,0.1552345753
-1.333494045,2.182141795,-2.585062962,0.4778287113,-0.129277125,0.4627727568
1.311296972,-0.6633563569,2.888825545,1.198150158,-1.118020415,0.7455303669
3.080100104,1.327749656,5.125463192,1.607676744,-0.3327120245,0.2242594957
-1.576221728,2.511145786,2.112151144,0.6374537349,-0.7203009129,-0.178186655
-5.264301169,-1.947273301,0.4908592711,0.7142333984,-0.7029107809,-0.6905652285
1.094538135,-0.2464028645,0.5062497325,0.5693614483,-0.5225557089,-0.9299221635
1.548675111,0.9227852918,0.44278936,0.5152714252,-1.03073895,-0.3356965482
0.2256495609,-1.490699161,-0.2106044424,-0.08697789162,-0.9523329735,0.006849448662
1.114872629,-2.626412333,-0.9062800741,-0.3907545507,-0.8187887073,0.3358741999
0.01356485336,-3.832312556,-1.846860039,-0.02073418908,-0.2269647866,0.2520271838
-2.286462439,2.259971469,-0.1076982312,0.5989949107,0.3901869953,-0.1298338175
-3.608223814,4.886885906,-1.893617114,-0.3441450596,-0.075076662,-0.2048503608
-0.09068988636,4.052080511,3.05078107,-0.2523829639,0.2804193497,-0.6009576321
1.031174355,-4.172307896,1.427205032,-0.8637799025,-0.4827601314,-0.7036683559
3.930932212,1.621143404,-0.8196656936,0.3699485362,0.024247339,0.6358101964
3.760565124,0.2571849553,2.229386361,-0.3488688469,0.7704052329,0.5284186006
2.066992444,0.1285942312,-1.000556514,-0.6767342091,2.210339069,0.361130923
0.7724548834,0.5010305365,1.877881931,-0.8126339912,1.842032909,0.4494153261
-1.034124437,-0.9155494953,-1.477870221,-1.16947329,1.94002676,0.1867579073
-0.5537104257,-1.51865392,-0.5593022544,-0.8267294168,1.171406865,0.2583432198
-2.24848576,-0.658671414,-1.658624993,-0.8060773015,0.1954372525,0.2353440076
-2.364976442,-1.876014237,-2.997814912,-0.6254509687,0.6559204459,-0.5276163816
1.108219308,0.06378185956,-3.100058896,0.006749781314,0.001002073055,-0.2181700021
-0.9412832176,2.682119607,-3.973198406,0.0909576416,0.04413209856,0.7503546476
-1.274511402,0.4668476964,-1.48671506,0.1561633497,0.2032474726,0.6031424403
1.798266688,-1.284792558,3.672225454,1.233315229,-0.4194797575,1.165145636
2.226615727,0.7433189515,4.37199694,1.430277824,-0.6256573796,0.4257355332
-3.622733109,2.301035885,0.1315348878,0.7144497037,-0.4333558977,-0.207243517
-3.602610358,-2.842449286,0.5726666167,0.6568188667,-0.493003875,-1.028805375
2.031602128,0.2422352234,1.14016606,0.8869572282,-0.5181968212,-0.9909341335
-0.1593660938,0.1338888305,0.1950058547,0.7582683563,-0.9799898267,-0.4097174704
0.3296348361,-0.5019792156,0.6732020437,0.1166159734,-0.861694634,-0.1949785352
0.993607133,-1.515401641,-0.3876701148,-0.1671616584,-0.8678516746,0.1839531362
-0.1123972758,-3.113022715,-1.690897908,-0.1275669187,-0.8253235221,0.1949647069
-3.324788273,1.652974713,-1.818642829,0.389822036,-0.5275654793,-0.2031671703
0.2273268465,4.081575486,-0.7668459575,-0.439299494,-0.4525610507,-0.2376246005
-0.8720980377,3.719062609,-0.494409584,-0.3305215836,0.01568998024,-0.3286940157
1.204153379,0.08584814542,3.506992222,-0.8197648525,-0.05565516278,-0.7733154893
2.532629888,-2.22997439,-0.02933130842,-0.5208377242,-0.5826066136,-0.09842584282
3.704072545,0.1089420208,1.509432941,0.406401664,0.1215006486,0.514967978
4.1280403,0.4481213686,1.122673804,-0.5350492001,0.8786449432,0.3429293931
2.221999173,-0.2277139461,-0.08041720641,-0.3332936764,1.899349928,0.3727064431
0.8006285463,1.028601874,1.308413818,-0.4576785564,1.632398009,0.3111604452
-0.07721753358,-0.3060375413,-0.4130936021,-0.7136327624,1.480966806,0.3020495772
0.7122405071,-0.836206494,-0.4970600255,-0.418774724,1.220979691,0.2709694803
-1.127728457,-0.3742009769,-0.5537484196,-0.4157708883,0.930331409,0.09899698198
-1.058189641,-0.9762211139,-1.476505947,-0.5624371767,0.7849708796,-0.089912422
-0.1571282518,0.1298889472,-2.005435128,-0.6387710571,0.3367040157,-0.1197999492
0.7797939942,0.007265022567,-2.09919244,-0.3486865163,0.2209891528,0.06649748981
0.4103212148,0.8103647812,-3.246602333,-0.09306336939,0.09221507609,0.282186538
-1.015585594,0.9820949744,-3.756899587,0.03230935335,0.0003214350436,0.3195079267
-2.753652519,-0.1912257517,-0.7567353363,0.5489296913,-0.6828745008,0.5955921412
2.540029935,-2.147889981,1.803056991,1.403387666,-0.3834215105,1.154149771
3.083419896,-0.8167331472,4.502268165,0.7700280547,-0.3479349613,0.1385700554
-4.379082515,5.251119031,2.151622738,1.183740258,-1.311658502,0.2656798363
-4.837657765,-3.893289879,0.3574935147,0.5021756291,0.2398551255,-0.8838410378
1.445937936,1.445080735,0.8323813827,0.689457655,-0.3972654343,-0.9953753352
-1.448015327,-0.05557049605,-0.1625543685,0.6102374196,-0.9435130358,-0.7230503559
-0.1810828356,-0.9246908331,0.4408008165,0.2356559336,-0.7775616646,-0.4415554404
1.15393155,-1.52150288,-0.451161467,-0.2751594186,-0.9829250574,0.009437829256
0.5255560521,-1.74843006,-1.483749196,-0.3060446084,-0.7105823755,0.3737340868
-1.302807814,-1.174171205,-1.703048949,-0.1677896231,-0.4939643145,0.2557937503
-2.559321495,1.623920467,-0.8227672398,-0.2642482519,-0.4792007506,-0.2414118052
-2.639954244,1.914040309,-1.605023459,-0.6175940037,-0.441559881,-0.241066277
2.206405298,5.03736756,1.617753177,-0.3495481908,0.3015295267,-0.2416751236
1.555234469,-2.287247598,1.417133574,-0.5408724546,0.4768252969,-0.4688359201
1.351920513,-1.851487699,0.4601309554,-0.4377189279,0.2177643031,0.1568505615
0.9115043116,1.638072911,1.514362945,-0.06884405017,0.07042455673,0.412729919
3.311482509,-1.113659161,0.03971592432,-0.7424122691,0.6675631404,0.2807362974
1.850090399,-1.107992222,-0.7691710395,-0.3747361898,1.433150172,0.3355692625
-0.8751637089,-0.4149626109,0.1912732441,-0.2209831774,1.143119574,0.3480676413
-0.4232537616,-0.008921557602,-1.083322621,-0.3818190396,1.013956428,0.3839161098
-0.1454002585,-0.2091074453,-0.7425393454,-0.3719081581,0.6138268709,0.2955571115
-0.5769770273,0.1583043098,-2.091374898,-0.3685413599,0.6163154244,0.1829747111
-0.6379452907,-1.309047878,-3.456222696,-0.1785333753,0.7389853597,0.08397316933
-0.8643253579,0.8666209215,-2.691610197,-0.05557141453,-0.2736925185,0.3408591449
-0.4391870977,2.051587077,-2.236528196,0.2804691195,0.1288129091,0.6218988299
-0.7619149309,-1.699694378,0.9097770494,0.6157646179,-0.4581137002,0.6363973022
3.280890679,1.166575343,3.296129165,1.243662596,-0.003557991702,0.7012624741
-0.02878894518,2.641345114,3.537459841,0.7381300926,-0.3301272094,-0.0506243743
-6.882314458,-1.356163265,0.2012087645,0.6749377251,0.09419678152,-0.2792243361
-1.437508692,-2.300942362,1.245011751,0.4422351122,-0.01540871616,-1.04874444
0.8681922624,0.9445634083,0.3379682185,0.5027521253,-0.6565026045,-0.7989499569
0.2446180269,-0.8532850546,-0.2567664376,0.2276277989,-0.3245951235,-0.5250319839
0.09712167297,-1.822573154,0.2208499056,-0.2898438871,-0.4673801064,-0.08380084485
-0.1966802177,-2.39151169,-1.40250416,-0.2948766947,-0.4854885638,0.3525258899
-3.451237601,-1.623635805,-2.207619935,0.2033377588,-1.053611755,0.1855461001
-2.928935729,3.434405709,1.202257482,-0.1089373082,-0.3377285302,-0.5688000917
-1.187424216,4.696425878,-1.43684599,-0.8038565516,-0.4104261398,-0.8285180926
2.817731608,3.969697412,4.356624015,-0.5787345767,0.3559673131,-0.6379734278
2.332982637,-3.866185015,1.152246885,-0.7438558936,-0.2968632281,-0.1962119788
3.040278673,2.788233711,0.2468319036,0.09645999223,-0.1971725076,0.7878504992
2.879249322,-2.269782084,1.729498565,-0.7810027003,0.5151391029,0.508775413
3.46405149,-1.199141396,-0.9315035819,-0.3490038216,1.846624374,0.5538798571
0.2752215472,0.8404688276,0.72143226,-0.7003323436,1.811163306,0.3840230405
-0.3722100953,0.8630518308,-0.6237341023,-0.8048450947,1.512729645,0.5771885514
0.4182850333,-1.043812887,-1.131683478,-0.6539871693,1.387898803,0.4787359834
-1.110265719,-1.02571492,-1.176677635,-0.5886709094,1.134624124,0.3665941358
-0.8100297041,-1.273698917,-3.218201291,-0.2895137668,1.424319863,0.162290588
-0.7819475189,0.07461655731,-3.702560971,-0.2803507447,1.111122608,0.02900345996
-1.814756635,2.598905318,-3.435969305,0.04172673449,0.1359038502,0.4155625105
-1.654654336,-0.9004553865,-1.277515991,0.4880180955,-0.1171201393,0.6030073762
1.294011929,-0.1943646342,3.372461002,1.402165174,-0.07228147984,1.331168294
3.18636969,3.229782131,7.023222228,1.306119561,0.4015343487,0.3893171251
-5.54825372,1.677117805,1.494901873,0.3918276429,-0.1298213154,0.2623654008
-4.950810974,-3.995128206,1.664941629,0.2447671443,0.3112433553,-1.020630002
2.069593274,1.47017309,1.293589027,0.4460550845,-0.3111087978,-0.9634843469
-0.1502363003,-1.090043892,0.4336182115,0.2378280908,-0.5814526677,-0.4954953194
0.5250419651,-1.848960811,-0.07637128745,0.02096011303,-0.3780375719,-0.1238523275
1.222840836,-2.027300777,-0.4095487691,-0.1282509416,-0.1054975986,0.2943076193
-1.689314438,-1.526880481,-0.912069252,-0.1661113501,-0.286018163,0.5740201473
-2.204367947,1.721888674,-0.3991349272,0.03294904158,-0.05526006967,0.3689148724
-2.348436373,1.300895551,-2.141930196,-0.3824273944,-0.3478940129,0.003164568916
-3.39454307,2.032569657,1.024329019,0.1952868253,0.08247670531,-0.07365477085
5.064218157,5.784742509,6.910439898,-0.8776093125,-0.292578131,-0.6789847612
3.453449432,-4.972758602,-0.7630863858,-0.7145007849,-0.005062131677,-0.367567271
4.479110284,2.790499903,1.794874854,0.1050826237,1.428048491,0.8253784776
2.51861276,-0.5156435838,0.8788730848,-1.261174917,2.682468891,0.2676867843
2.030850432,-0.08986264175,-0.1989794346,-0.8286543489,3.40672636,0.6859909296
-1.058550291,1.565878028,-1.204380173,-0.9005123973,2.788095713,0.8970034719
-0.755653094,-0.6998024658,-1.515068901,-0.6631048322,3.078410149,0.7334176898
-3.26536607,-1.428289174,-1.270740067,-0.2968287468,2.141883373,0.6283302903
-3.670946228,-1.776601677,-2.362103371,-0.03759856895,1.707214355,0.359221071
-2.446420215,-0.6327262409,-2.17329111,-0.06115239114,1.177877903,0.06386635453
-1.433976572,0.7720026096,-1.682087994,-0.2948929071,0.9266388416,0.1228932962
-1.240366264,-0.3764239137,-2.580565943,-0.3265099525,0.9878303409,0.3539967835
0.09439860468,-0.1175824233,0.766836459,0.6517992616,1.303541064,0.6681895256
2.402918635,1.893684918,5.060037657,1.329765201,1.698666334,0.8081207871
-1.336145144,0.8900842147,0.08285838902,0.3347713649,0.6391329765,-0.1038692445
-8.398681729,1.240270694,2.887925089,0.7859453559,1.117393017,-0.4789995849
-0.9160492615,-1.942978234,0.4939817871,-0.5909952521,1.214567184,-1.207224488
1.943730075,0.04413432528,1.088171669,0.3701794446,0.6751591563,-0.4482846856
-1.389937816,-0.7362766317,0.3431669562,0.07196275145,0.4399086237,-0.2640841007
-1.161801115,-1.888236005,0.3317091581,-0.2107786685,0.4220443964,-0.2342822701
-0.03123772657,-1.166136367,-1.413355225,-0.3355144262,0.3848428726,0.2328074574
-2.428389907,-1.177957154,-1.790910773,-0.2770416737,0.06846491992,0.420298934
-4.480864727,0.9025999974,-0.02769232731,-0.4630647898,0.05496641621,0.2256391644
-3.22958807,-0.2786725645,-1.526808585,-0.5170106292,-0.5236780047,-0.07446791232
-3.838315303,-0.193570269,-2.543407887,-0.1955572516,-0.2290995717,-0.02504927665
1.927748078,7.911040251,5.947475156,-0.2106800973,0.7263025045,-0.6627904177
3.168029147,-5.795030678,1.360852446,-1.504913807,0.2326289564,-0.7196517587
2.758641122,-1.586072675,0.01002805754,0.3173795044,0.8534756899,0.7467824817
3.114569944,4.546491337,2.8547184,-0.6013330817,1.817003012,0.5189593434
2.209194637,-1.542639192,-2.471511694,-1.006725669,2.685539484,0.6097539663
1.305080436,0.1418254687,0.3623836979,-0.4351605773,2.887900591,0.8407840729
-1.709625697,0.6813315741,-1.798539806,-0.7001100183,2.889588118,0.6264535785
-1.101095594,-0.6100263333,-1.904301151,-0.4885971844,2.450764656,0.6174182892
-3.710938923,-0.7952765177,-1.257725979,-0.4241175056,1.729577899,0.471350342
-3.042493134,-1.655405155,-2.195257005,-0.3296599686,1.377496123,0.2567456961
-1.850352996,0.2022574333,-2.996773294,-0.2245505899,0.9448460937,0.05995188653
-0.9356297219,-0.2030330939,-2.328385372,-0.03900181502,0.4876630008,0.1319000274
-1.289122257,-1.162622806,-2.6679809,-0.2695042491,0.68931669,0.3809737861
0.4772578121,2.872563853,1.90732196,0.9878866076,0.6045904756,1.183270812
1.058569434,0.5395113661,6.284039353,0.6188730597,0.9462369084,0.08896563202
-1.774158083,-0.3587339432,-0.2814650447,0.3870111406,-0.1703167111,-0.1022694856
-6.551445258,-0.01496551394,1.110384597,0.7685886621,1.045969009,-0.5248496532
-0.2899913925,-0.1982289084,1.669615466,-0.1549119651,0.7967579961,-0.9646605253
0.3581505903,-0.8590279821,0.3380078564,0.232088834,0.0824040994,-0.2864441872
-1.797008505,-0.6891185747,-0.6245183114,0.04906622693,0.1833596975,-0.0840909332
-0.8540455175,-1.272319445,0.1280173081,-0.3358464837,-0.02177048102,0.03197638318
-1.561424848,-2.144692062,-1.960402247,-0.386703223,-0.303619653,0.2217783779
-4.893016372,-2.000204096,-2.371874093,-0.1205594912,-0.2362875938,0.2006176114
-0.9872447583,0.3940805664,0.6469044038,0.07743360102,-0.4544986784,-0.01613645069
-2.100821356,7.862514997,1.299658703,0.4809054732,0.5444118977,-0.7514019012
0.9031265054,-4.857140172,4.147102143,-1.185073256,-0.3500832319,-0.9329013228
2.141411433,-2.787486692,-1.117291234,0.1151458472,0.2191880643,0.3182631433
5.810789389,4.338809541,2.74384015,0.08169853687,0.5859813094,0.5313448906
2.394605126,-0.3102788321,-0.1829109278,-1.096678615,1.458615303,0.02702502348
2.381250993,0.03312368644,-0.03486556168,-0.5183306336,2.431635141,0.3765040934
-0.4605899512,0.8562561793,0.3823240776,-0.5847426653,1.763281226,0.4375195801
0.1791359393,-0.1908399672,-0.9574246435,-0.5930156708,1.968865395,0.3587744832
-0.6542002599,-0.1931681179,-0.5468422935,-0.443605572,1.533087492,0.2588168681
-2.423207244,-0.706362555,-0.8603485632,-0.5308991075,1.166786909,0.1748674363
-0.9071315033,-0.5649404064,-1.112181636,-0.6449850798,1.019713044,-0.03467389569
0.4845876435,-1.355551855,-1.890047,-0.2104513943,0.459957689,0.05811949074
-0.6413290879,0.2829693849,-1.542706704,-0.16938214,0.6221495867,-0.002943484578
0.4655123562,0.1498293269,-2.428658057,-0.1743112057,0.7843754888,0.07530404627
-0.06721285692,0.3897609496,-3.382651264,-0.1038974896,0.6435258389,0.2805379629
-0.03106368518,-0.1778694265,-2.863042868,-0.2402447015,0.8119163513,0.305841893
-0.4461623435,-1.075936457,0.8257716092,0.3418272734,0.3988514245,0.6946533322
1.294082072,4.66596352,6.514563096,1.101701856,0.5379567742,1.398456693
0.4058513029,0.6544079113,5.353360093,-0.2167676687,0.4913315475,0.05488069728
-5.95277677,0.0394376919,0.3897067352,0.274015516,0.2498293221,-0.4210094512
-2.210565487,-1.716944204,1.128877773,0.03430429474,0.6794598103,-0.8226614594
1.408355078,-0.3822480898,0.6267557151,0.1871010959,-0.204647243,-0.4960627258
-1.100006776,-0.9288543826,-0.01310395785,0.1641265303,-0.5131968856,-0.2192896903
-0.5270778548,-0.02354921789,0.4806242928,-0.1018113792,-0.5600956678,-0.2814079523
0.4439173411,0.1093874264,0.02546644969,-0.3064869046,-0.939715147,-0.1245651841
0.638886371,-0.1173316634,0.2682743584,-0.2811491191,-0.5411607027,-0.1449866444
-0.176189949,0.130537182,0.2666518718,-0.2454497665,-0.1774457395,-0.03166788816
0.5309243011,-0.313935601,0.8045895588,-0.2436879724,-0.1384405792,-0.02673023939
0.5990259236,-0.9314479062,-0.04451017286,-0.371332705,0.03538230062,-0.01961744949
0.5314576774,-0.4173042056,-0.04110547898,-0.1431932896,0.4045086801,0.1132511124
-0.1163344691,0.3001730331,0.3830208277,0.001436745282,0.3428339064,0.1284038126
-0.4055310579,0.3697966045,0.5628827432,-0.3678544164,0.02938479185,-0.09471549839
-1.795704583,0.5719312882,-0.3367724329,-0.3173861206,0.3850715458,-0.1865696609
-0.6767968533,-0.02415770518,0.2122211934,0.2897987664,1.664041162,-0.5114480257
-0.2371533901,0.9023276102,-0.2368482697,-0.4165113568,-0.4917853475,0.1551263928
-0.1440162567,0.7189356208,-0.7530293214,0.2189186811,-0.1167687848,-0.103813991
-0.9638388944,6.371893578,-0.1828314328,-0.1081463844,0.5578645468,-0.0515527986
-0.16444442,5.149008318,-0.7787175971,0.328828007,-0.08902744949,1.136505961
-0.8446731474,2.644462369,0.1191150397,1.153380871,0.08119702339,2.58239913
-5.514233377,0.1236269642,-0.291062675,1.869317412,-0.3926751912,2.42280364
-6.540358047,-2.271215332,-0.1110509757,1.874915719,0.01632608101,1.39497602
-2.920596355,-6.30022944,-3.410702177,4.1691432,-1.235377312,-1.103023887
-0.1329155833,-3.891967691,10.84288222,-0.9234167337,-2.267560482,-0.7840207219
-2.447624769,-6.5484414,-12.95938104,2.860933781,-4.155362606,-2.860893488
-0.5231225414,1.141211185,-5.176277433,4.301383495,-1.056728721,-4.97840023
2.680273687,2.758428356,-4.229046852,2.610002041,0.08298547566,-3.514717579
1.550104705,3.81709862,-7.383468914,4.955329895,-0.732681632,-3.522244453
-2.811759548,7.966094614,-2.318947389,4.092564106,1.613158107,-4.791906357
0.2527197926,6.361922219,-0.1983206784,2.804298878,3.606962681,-3.522550821
-2.421476328,7.31037036,3.323055458,2.778443575,2.235846043,-3.560818911
0.4775070376,2.344050559,2.210462465,1.588562727,0.9618987441,-1.784434199
-1.192074965,2.603296246,1.675773989,0.4639037549,0.5172336698,-1.405747175
-0.9275107129,1.561808587,-1.168244738,1.296606421,0.9508760571,-0.4844253063
0.6062541943,2.207133613,0.9466314468,1.437425852,0.2650369108,-0.126229167
-0.3047882719,0.9935440046,1.618409011,0.4484079182,1.32158947,0.6802018881
-0.9459167957,0.02769815426,0.9384557391,0.2762033939,0.6335791349,0.4938936532
-1.469991889,-0.4039823672,0.2901952445,0.572716713,-0.05362518132,0.3041010201
0.4669249264,0.1738145982,0.9228419904,-0.01622134447,0.1923852712,0.3991732597
0.3955287194,-0.1880938834,-0.4271627518,-0.1754723489,-0.1839745194,0.4218938649
-0.1849608461,-0.2100689838,-0.7482184139,-0.1713389605,-0.2469908744,0.149187699
-1.473599996,-0.7370435245,0.1003647465,-0.1276483536,0.1295803487,0.01149976999
-0.08980090163,-0.02155307564,-0.6232599089,0.0921394825,0.2216416895,-0.01992600039
-0.2500354489,0.03471533955,-0.07310264561,0.06964207441,-0.1245812997,-0.04889410362
0.1918731097,0.2183160032,0.3173696671,0.2266714573,-0.1172565222,-0.04112792015
0.1075713169,0.1382873577,-0.1032429323,0.3394109607,-0.173327595,-0.0009507751092
0.0509387446,0.1592629257,0.1906213561,0.1684757173,-0.2210178077,0.02464456111
-0.1152845217,0.07415653858,-0.1602624581,0.2975047827,-0.2293477207,0.002034628298
0.05550181473,0.2405173136,-0.1499532456,0.4421767294,-0.2802130878,-0.02069025673
0.009805062439,0.153168116,0.3301765417,0.3261145651,-0.05644588917,-0.009461484849
-0.4262693101,-0.05946984158,0.2602326524,-0.005890439264,0.2261485904,0.0854395628
-0.1656925204,-0.2092623436,-0.0336672918,-0.0796425119,0.004873448983,0.0127130188
0.01742766627,0.03291033596,-0.3358382208,0.4748213887,-0.371917963,-0.1935170591
-0.0987767467,0.07541852134,1.017643258,0.1320358515,-0.1709008813,-0.05319419131