lsm6dsm_accelerometer.x,lsm6dsm_accelerometer.y,lsm6dsm_accelerometer.z,lsm6dsm_gyroscope.x,lsm6dsm_gyroscope.y,lsm6dsm_gyroscope.z
0,0,0,0,0,0
0,0,0,0,0,0
1.4617156,3.0161529,8.653643,0.2506001,-1.6677657,0.8991672
2.7595227,2.202294,9.4941225,0.3593309,-1.0703571,1.1935955
3.0586255,1.5604194,7.923533,-0.18065807,-0.934749,1.6663914
3.609274,1.4001004,9.48455,-1.0456178,-1.0899042,1.5698775
3.7791643,-0.6346962,9.151649,-1.6149274,0.06826218,0.7379035
1.2463615,-3.5509489,8.012068,-1.656465,-0.40575528,1.6993771
0.75553375,-3.167798,10.135697,-1.9912094,-0.6061132,1.8325418
1.7443677,-2.9045875,12.786048,-2.7547684,0.07314896,1.5820944
2.4792633,-1.815255,15.570396,-2.655811,-0.18340689,1.2901094
1.7970098,-2.4185455,15.9795685,-2.1634684,-0.46073154,1.4196091
4.3202415,1.1009976,12.10858,-2.2196662,2.3613827,-0.1783674
6.216553,-0.40259242,5.922236,-1.624701,1.1176977,-1.6993771
4.909175,-4.2762733,6.8485575,-2.132926,0.47019967,-2.4055166
4.109673,-5.885147,2.8935208,-0.836708,-0.76493347,-1.5112361
5.2947183,-7.8026958,6.290731,0.41675055,-1.3770025,-0.6963659
4.7392845,-6.9361944,6.8916283,-1.216655,1.6173708,-1.0017895
4.811069,-6.713363,5.7352967,-0.19287503,-1.0043856,-0.95170003
6.3481584,-3.8069808,7.1096745,-1.4768759,1.2215418,-1.0311102
5.955436,-6.567401,2.6374888,-1.2386456,0.95276904,-1.4147222
5.096114,-5.00399,3.7005002,-0.45431766,0.94788224,-1.4660335
5.4960146,-5.851648,3.5183465,0.052685577,-0.39842513,-1.2705623
8.687142,-5.916254,8.945867,-3.168923,-1.9548639,-1.2571237
6.68106,-3.1319058,-1.8155541,-2.889155,1.4707675,-0.91749257
10.504192,-6.5482583,2.524727,-0.6033644,0.6033644,-0.6914791
7.9331045,-6.2177496,1.9911275,0.12110047,0.41278005,0.04031592
7.640881,-5.382355,3.415455,0.3654394,0.031611346,0.12705623
8.641679,-5.6503515,2.6470602,0.18707198,-0.4277458,0.047646087
7.8613195,-5.5666027,2.673381,-0.1525591,-0.39842513,0.67071027
7.265208,-4.726423,2.55374,-0.36879903,0.24662958,0.88206345
6.4534426,-6.579365,1.3779668,-0.9894198,-0.17485502,2.4898133
5.689833,-7.16112,1.2343974,-0.9710944,0.31504446,3.68967
3.8344984,-8.700603,0.97597253,-0.35902548,0.6021427,2.4336154
3.1399815,-11.5352,2.7714868,-0.27472857,-0.3556658,0.72690827
3.3101711,-7.2233334,-0.39361933,-3.1420455,-1.9658592,-1.315765
3.568596,-7.4916286,-3.7597225,-1.4658808,1.568503,-0.3090887
3.5231323,-9.186645,0.15702899,0.8834379,-2.1454482,0.14293826
2.3524437,-10.654043,-1.7126628,0.32145837,-0.786924,0.029320668
1.3540385,-6.806683,0.12352947,0.27625567,-0.95307446,0.41537613
4.042674,-7.448558,0.06610172,0.3825431,-0.14675605,-0.035429142
5.3306108,-11.532807,-1.1979069,1.1167815,-0.14064758,0.8014316
2.2758734,-6.9481587,0.50189453,0.6806366,-1.7606145,1.6004198
1.2870395,-12.37538,0.6789634,0.4534014,-1.4600776,-0.028098974
1.2726825,-10.280763,2.8791637,0.22372282,-1.7887135,-0.12583454
1.605584,-9.533604,2.2926233,-0.030389652,-1.386776,0.10017895
0.1594218,-10.829018,2.3189442,0.25670856,-1.3550119,0.3347443
-2.7589245,-6.1603217,2.7212377,-0.7572979,-0.9433009,-0.5289937
-2.3422742,-10.086645,3.6308093,-0.024281178,-0.86144733,-0.59130013
2.390729,-12.2940235,2.1035903,0.23960483,-2.0782552,0.047646087
1.8257236,-8.772387,-1.8658035,0.9555178,-2.0843635,-0.88206345
6.6308107,-14.455939,-1.4901303,1.8730104,-3.5786486,-0.34329617
3.9158542,-10.8098755,0.7268199,0.7576033,-1.3855543,-0.12949961
2.2208385,-5.818148,2.1370897,0.9665131,-3.6299598,-0.38605547
1.7682959,-4.261916,1.9669002,1.0837958,-1.5736953,-0.58519167
0.7579266,-4.7718863,3.0155547,0.7979192,-2.274948,-0.042759307
5.230112,-7.556235,1.6199409,0.32390177,-1.5712519,0.58396995
5.945865,-14.290834,8.206185,0.45217967,-1.4661862,-0.5473192
6.096912,-8.283952,4.9812584,0.34711397,-0.41797224,0.36039987
0.8153543,-12.658031,0.549751,0.09666658,-0.3324536,-0.092848785
2.3261228,-17.585154,-2.9192436,-1.8348324,-0.4277458,0.6071822
0.61435723,-4.4461637,2.228017,-1.7822996,0.6094729,1.3218734
-0.051146585,0.8135597,1.6438692,-0.68277454,-0.14797775,0.99079424
0.91585284,-9.876077,-1.0854442,-1.0334009,0.9393304,0.29931515
-1.3537394,-8.185846,4.9046884,-0.76951486,2.7511034,0.25899923
9.910473,-11.760125,-0.12053844,-0.1537808,0.49585527,-0.57663983
4.9812584,-7.010372,4.397111,0.7637118,0.018172706,0.8258655
-1.0806586,-16.59632,-2.4906292,2.0429788,-1.3843327,-0.84296924
0.7962117,-16.830816,-5.9192452,1.6921996,-1.226734,0.05375456
4.648357,-2.2363918,1.8161523,1.2743801,-1.8009304,-0.8099835
0.48753762,-2.94048,-1.7437695,0.75271654,-0.95307446,-0.8942804
-0.15194423,-2.722434,2.9772696,0.74782974,-1.1155598,0.2895416
8.186744,-10.254441,4.421039,0.53403324,-1.9854063,0.78432786
-1.7724833,-13.622937,6.3457656,-0.12568182,0.27350685,-0.63894624
2.3045874,-11.616556,-5.229514,-0.9894198,-0.6696413,-0.004886778
-0.66161543,-12.047563,-0.42951167,-0.8220477,0.10491302,-1.3792931
2.1514466,-10.848161,-1.3896317,-2.180572,-0.11132691,1.6749432
3.3795629,-3.1223345,2.024627,-1.06883,0.7072084,1.1545013
-2.2322044,0.6652047,1.7706888,-0.71331686,1.169009,0.45691374
2.996412,-13.622937,2.4601207,0.38742986,1.4939797,0.5082249
8.309076,-4.0298123,-1.6456637,-0.030389652,-0.23227467,-0.5900785
3.9373896,-16.91965,7.126424,0.72461754,-0.47417018,1.5552171
3.2766714,-10.500902,-3.6544385,0.9164236,-1.7801616,-1.5234531
-2.1125634,-19.141087,-3.1803603,2.497449,-1.3452383,-0.2932067
5.47418,-8.303095,-1.384547,1.506502,-1.6286715,-0.38239038
3.5733814,-2.7439694,-0.6089734,0.17118995,-0.72095245,-1.2375766
-0.49172506,-2.4065814,0.4755735,0.2970245,-1.0447016,-0.48379102
2.5893333,-1.0633105,3.7818563,0.42530242,-1.0801307,1.064096
8.052746,-29.340193,5.7017975,-0.37002072,-1.8852273,-0.009773556
3.8656049,-8.79153,3.92064,0.0038177953,0.038941514,-0.16492876
-3.7214375,-13.424034,-3.1372895,-0.47386476,0.7572979,-1.4171656
0.97567344,-9.971789,-0.82701933,-1.9973178,-0.16263808,1.75191
0.054137614,-1.7697915,2.9748766,-1.0773818,0.72064704,1.6297405
-1.6384853,1.7353946,1.157827,-1.200773,1.1519052,0.4459185
2.2519453,-13.42882,0.8033902,0.08078455,1.3217207,0.23456535
1.6366907,-4.9322057,3.3436706,-0.85014665,2.5873964,0.39827242
8.0455675,-11.5017,1.7994026,-0.100026235,0.52273256,-0.2699945
5.9243298,-7.8003025,5.2683973,0.46073154,0.1085781,0.7745543
1.4353945,-13.704293,-6.8431735,1.8998877,-2.7478964,-0.05375456
-6.565606,-17.965612,-4.8705907,1.77894,-0.7832589,0.08674031
8.9362955,-1.3316058,1.7682959,0.9420792,-2.3103771,-1.0677611
1.1386845,-1.8774685,0.011066805,0.2677038,-0.8321267,-0.99445933
-0.19262223,-1.5254245,3.2599218,0.7380562,-1.3220261,0.4202629
6.8509502,-11.566306,4.2296133,0.63665557,-1.4881766,0.69392246
1.4904294,-8.612068,7.7273216,0.64032066,-0.1577513,-0.5668663
2.630011,-26.112873,-7.5062847,-1.1971079,-0.36299598,0.24678229
1.9764715,-13.900505,1.2846466,-1.5489559,0.78784025,-0.04031592
-1.7796619,-8.6599245,1.4476577,-1.8336108,0.61191624,2.1562908
-1.6815561,1.3283156,3.7076788,-1.6747905,2.2184446,1.7323629
-2.4095724,-2.5525436,0.86111706,-1.2154334,2.0596242,0.599852
6.070591,-12.090633,0.5138587,-0.22952586,0.5948125,0.10750912
3.1136606,-3.0170503,5.9748783,0.77715045,1.9875443,-0.0904054
7.583453,-21.628723,2.2232313,-0.27961534,0.14156385,1.1410627
4.962116,0.3681956,-3.4124641,1.0813524,-1.0752438,-1.3328687
-5.552844,-34.061234,-1.9447666,1.9658592,-0.43629766,0.06474981
6.233303,-6.023931,-6.259026,1.5529264,-2.2053113,0.47279578
4.962116,-4.819743,0.35353956,-0.2857238,0.48974678,-1.1520579
-3.1971102,0.8997013,0.84406817,0.57190573,-1.678761,-0.007330167
4.834997,-0.14895321,3.8416767,0.56946236,-2.154,0.8099835
6.1471615,-19.710876,3.0275187,0.09544489,-1.958529,0.33718768
3.9302113,-8.243274,4.607679,0.5902312,-0.57312745,-1.3744063
-3.5754752,-10.4362955,-4.7892346,-0.35291702,0.61558133,-1.4012836
5.658726,-16.488642,3.9014974,-1.6381396,-0.16263808,0.0891837
-0.84855473,-4.5684967,3.1163523,-1.8580446,0.7731799,1.6590612
-0.5491528,1.9483558,2.9892337,-1.2142116,1.260636,0.8796201
-3.5635111,-10.510473,-2.2226331,-0.32603973,1.5587295,1.0885298
4.4784665,-5.1813583,7.6292157,0.46317494,2.896485,-0.351848
7.2580295,-16.040884,2.7595227,-0.45309594,0.8403731,0.16370706
1.3540385,-4.194917,-2.629712,0.94452256,-0.5865661,-0.10140064
-2.9386854,-24.659533,-2.0862422,2.6061797,0.17454961,-0.05619795
6.1328044,-11.949457,-4.549653,0.7576033,-1.4735163,-0.23945212
2.996412,0.36340994,0.8129615,0.7514948,-0.38620818,-1.0469922
-3.0607193,-2.4879375,0.0038883367,0.72828263,-1.810704,-0.2736596
3.5997026,-6.2344995,3.4130623,0.46317494,-1.8436897,0.9370397
5.1678987,-14.874982,2.984448,-0.3077143,-0.9433009,0.14415996
4.638786,-14.594723,-0.65922266,-0.20142688,0.5056288,-0.36650836
-2.9937203,-8.796315,-1.9737796,-1.0981506,1.1201411,-1.5051277
3.7384863,-17.127825,-3.3502507,-2.5360851,0.12690352,0.863738
1.8592232,-1.1614163,5.61087,-0.9710944,1.6784556,1.8594191
-0.9873384,2.7792635,-1.41356,-1.3693669,1.1030375,0.63528115
2.2686949,-12.928421,0.8344969,0.21150586,0.9307785,0.34818295
2.9246275,-5.45414,2.5465615,-1.1971079,1.9386765,0.87839836
5.9123654,-10.773983,2.134697,0.6500942,-0.3361187,-0.27488127
3.8775692,-6.699006,3.676572,0.8724426,0.3113794,0.44836187
-1.8780667,-16.967505,-3.7214375,2.0258749,-2.0452693,-0.28465483
-3.1803603,-20.027029,-6.1968126,1.9377602,-0.4534014,-0.04031592
9.271291,-2.0832512,2.4672992,0.73072606,-1.4515258,-1.9424943
-2.265704,-3.2156546,0.60717875,0.2249445,-0.6097783,-0.9785773
0.38913277,-1.3938192,2.4409783,0.34833565,-1.0960127,0.5509842
5.9769716,-5.6913285,5.5223355,0.47783527,-1.3537903,1.1606098
0.41784665,-16.727924,5.366802,-0.08414421,0.24540788,-0.9345963
-1.4781662,-25.28675,-9.488738,-1.2777398,0.43599224,0.1795891
1.5239289,-7.039086,2.065305,-0.8684721,0.676666,-1.3621894
1.4904294,-14.221442,-3.6206398,-2.2147794,0.010842538,1.4098355
1.0334003,2.9563324,3.9541395,-1.4548855,1.36448,1.1471711
-0.80548394,-5.5450673,1.4763715,-0.14522894,1.6430265,0.5082249
3.757629,-12.023635,2.7954152,-1.2752963,1.6173708,0.45813546
4.950152,-3.1797621,-1.0160524,0.027029991,0.5251759,0.0452027
4.4928236,-18.178871,4.2077785,0.786924,0.4201102,0.36895174
-1.2266207,-4.022634,-2.6632116,0.66353285,0.3077143,-1.0506573
-0.58265233,-26.94109,-4.0348973,2.9225986,0.16599774,0.4263714
5.0530434,-6.632007,-3.4794633,0.51815116,-0.61710846,-0.03420745
7.049555,-1.719243,-0.7908279,0.39353836,-1.019046,-1.4941324
-2.8522446,-2.8902307,1.8687944,0.7172874,-1.5333793,-0.4300365
0.20967108,-4.4485564,2.8839495,0.5584671,-1.4979502,1.007898
7.8756766,-16.804495,3.6547375,0.020921519,-1.0520316,0.12705623
4.497609,-5.930611,7.5140615,0.7624901,-0.5157078,-1.1019684
-1.4303098,-38.93571,-2.4188447,-0.47875154,0.47997323,0.3994941
3.0323045,-7.685447,1.6677973,-1.0077453,-1.6604356,-0.8906153
-3.2330024,-13.553546,-1.0136595,-2.0034263,-0.009926268,1.8019994
1.8448663,0.58624154,2.7858438,-1.568503,1.2374238,0.7281299
0.52342993,-0.76660055,1.6103697,-1.2459757,1.2264286,0.7379035
-0.14955142,-10.750054,-0.8964112,-0.9356653,1.7114413,0.58763504
4.1982074,-3.3281171,4.126423,0.34344888,2.3051848,-0.34085277
8.601001,-16.60589,3.81057,0.18829367,0.5862607,0.53021544
0.69332033,-8.767601,-1.2337992,1.1021211,-1.4222051,-0.84296924
-3.6664026,-18.664913,-2.1221347,1.9916675,-0.57312745,-0.29198498
6.843772,-8.0614195,-3.5321052,1.2010784,-1.5248275,0.11606098
5.9769716,-1.1805589,-1.6743777,0.8174663,-1.8766755,-1.3866233
-0.17826529,-4.6689954,2.443371,0.47905695,-1.4710729,-0.7537855
0.10199407,-2.5812573,1.9381863,0.7160657,-2.030609,0.32741413
5.222934,-6.854839,6.233303,-0.15866758,-1.6531054,0.5363239
1.454537,-15.236597,6.96102,-0.081700824,-1.1338853,-0.8454126
0.8153543,-13.699508,-2.9838498,-0.020616096,-0.73072606,-0.098957255
-1.1524432,-11.171191,0.9975079,-0.10124794,-0.46684003,-1.5723208
1.1386845,-15.698412,-1.5451652,-2.2037842,-0.21272756,1.8410937
4.011567,-1.719243,2.5609183,-1.1971079,1.1494619,1.127624
-2.4909284,-2.4568307,-2.0670996,-0.44943088,1.0114104,0.9272661
-0.56590253,-10.247263,1.3947165,-0.8379297,1.4145695,0.4202629
5.206184,-7.2783685,3.1016963,-0.30160582,1.7786345,-0.004886778
3.9924245,-15.511772,4.4856453,0.53892,-0.37154785,1.0201149
1.8927227,-9.699007,-3.359822,2.1003983,-1.9059962,-0.42514968
-4.7341995,-25.519154,-2.0407786,2.0307617,-0.88099444,-0.05986303
7.016055,-5.4613185,-3.075076,1.2719367,-1.6812043,0.018325418
4.514359,-1.0345967,1.3851452,0.15530792,-1.3000357,-1.2778925
-1.7653049,-3.5246277,1.0836495,0.8333484,-1.2328424,-0.90894073
2.402693,-5.092525,2.876771,0.6293254,-1.4527475,1.3377554
7.6217384,-13.287643,1.2296118,0.22250111,-1.7874918,0.65116316
-0.6664011,-13.82872,4.2535415,0.6940752,0.5996993,-0.74034685
-0.24526432,-16.495821,-2.6201408,-1.1176977,-0.11987878,-0.04886778
1.2990036,-11.810374,2.161018,-0.74385923,-0.2481567,-1.4538165
-0.8461619,-11.702698,-1.4829519,-1.7077762,0.15622419,1.1581664
1.0310074,-1.4919249,2.9724839,-1.2142116,2.0657327,0.86618143
1.0190433,-4.63071,-0.17557336,-0.9039012,1.8091769,0.8466343
3.0323045,-9.873684,0.16660027,-0.78906196,1.1800042,0.42881477
1.8089739,-3.385545,4.0091743,-0.8220477,2.1830153,0.18569757
5.239683,-14.204693,2.608775,-0.15500249,-0.09300149,0.3384094
2.690131,-3.4456646,0.60000026,1.1265551,0.065818794,-0.06230642
-3.807579,-20.386251,-4.327121,2.2592187,-0.5584671,0.12461284
3.7719858,-13.239787,-7.463214,1.0801307,-1.3098092,0.15026842
8.55793,-2.5262225,3.7196429,0.96773475,-1.1057862,-1.6126368
-2.984149,-4.561019,1.9887347,0.45095798,-1.2572764,-0.8209787
-0.4103691,-3.8644085,2.8145576,0.3654394,-0.9652914,0.7977665
4.679464,-6.1675005,2.7355945,-0.10735641,-0.8638907,1.171605
4.531109,-19.521843,6.355337,-0.40422818,-0.554802,-1.1215155
6.8748784,-6.543473,3.649952,-0.08903099,-0.072232686,0.16126367
-5.5887365,-14.8893385,-3.6278183,-0.08536591,0.836708,-1.6553961
3.1375887,-15.131014,0.51146585,-1.7761911,0.15011571,0.7635591
0.23120649,-5.5450673,3.1689944,-1.0236273,0.8257128,1.2937745
0.33409786,-1.9612173,0.76271224,-0.9393304,1.5562861,0.65971506
1.2080764,-10.3645115,0.13310076,0.34467056,1.1787825,0.9113841
3.4298122,-6.768398,2.0916262,-1.8360542,1.3571498,0.65116316
2.3979075,-3.7040894,2.1514466,0.158973,1.2215418,0.0659715
2.1128623,-17.012968,2.6949165,-0.023059484,0.25884652,0.76722413
4.308277,-5.0709896,-2.751746,1.170536,-1.098456,-0.2932067
-4.319942,-20.812174,-3.738187,2.2030206,0.133012,-0.23578705
3.9972103,-10.249656,-5.308477,0.7844806,-0.4240807,0.1368298
4.7512484,-2.114358,-0.9107681,0.6305471,0.14522894,-1.495354
-2.4454648,-4.592425,1.6079768,0.4277458,-0.52303797,-0.97124714
1.2535399,-3.7758741,2.6063821,0.3617743,-0.39720342,0.4202629
10.140483,-7.275975,3.6284165,-0.30404922,-1.0703571,0.74523365
-2.6943183,-13.8550415,9.798011,0.8528955,0.34925193,-0.55342764
5.285147,-13.239787,-5.8471613,-0.9320002,-0.4534014,0.527772
-2.7445676,-4.5658045,2.117947,-0.20142688,0.012064233,-1.4306043
2.8121648,-16.000206,-1.9304097,-2.1756852,0.46653458,1.0469922
0.698106,-2.7655048,4.152744,-1.116476,1.6210359,1.1166288
0.2742773,-5.8540406,1.2152548,-0.9429954,1.772526,0.57053137
3.1256247,-10.493724,0.17856438,-0.7951704,0.9564341,0.2699945
2.7116663,-5.092525,3.4298122,-1.6356963,1.860488,0.55342764
3.094518,-7.9776707,0.51146585,0.43141088,0.24662958,-0.12949961
4.894818,-12.042777,4.854439,0.46684003,0.22708246,0.8002099
3.4250264,-7.754839,-2.4571297,1.2633848,-1.7752749,-0.571753
-4.7246284,-22.617558,-4.154538,2.282431,-0.934749,-0.30786702
9.61137,-6.7516484,-1.80359,1.3232479,-2.0562646,-0.34085277
2.7954152,-4.805386,1.7778672,-0.16477604,-1.2572764,-1.3573027
-0.04875376,-5.298607,0.8321041,0.8101362,-1.8937792,-0.50333816
-0.4127619,-2.6171498,3.5087752,-0.029167956,-1.05081,1.2607888
7.016055,-13.074682,3.5183465,0.28480753,-1.5419312,0.07818845
8.665607,-7.3549385,6.1040907,0.8064711,-0.6757498,-0.12949961
-2.2800608,-29.797222,-5.8064833,-0.3956763,0.23563433,0.48012593
2.1008983,-4.5418763,3.3460634,-1.3571498,-0.40575528,-0.847856
-3.5491543,-12.310774,0.22402802,-0.9393304,0.51418066,1.3634111
-0.21894327,-1.0872388,2.4074786,-1.1946645,1.4658808,1.0592091
-0.6329016,-8.624032,1.6342978,-0.12079505,2.8769379,0.83930415
3.4968112,-10.086645,-0.8147561,-2.120709,1.7713044,0.8649597
5.258826,-3.5700915,3.9661036,-0.029167956,1.6173708,0.5363239
5.2085767,-9.687043,-0.24975087,-0.5312844,0.4445441,0.21379654
3.0681968,-10.721042,2.065305,0.43874106,0.0071774554,0.8930587
-0.58983076,-13.414463,-3.6448672,2.129719,-1.5138322,-0.2003579
-6.1178493,-24.748068,-1.3031911,1.9328735,0.44087902,-0.72935164
6.587441,-4.343272,-1.9761724,1.4796247,-1.5834688,-0.51799846
-0.25962126,-4.8173504,0.9927223,0.044133715,0.5532749,-1.4489297
0.044566322,-3.5413775,2.0964117,0.6610894,-0.5816793,-0.4227063
4.351348,-3.1247272,2.5752754,0.18951537,-0.6562027,0.9431482
10.975878,-22.581665,3.403491,-0.35291702,-1.726407,-0.4947863
7.344171,-4.953741,4.315755,-0.35658208,-0.7624901,-0.070858285
-9.036196,-29.009684,-5.0333023,0.3654394,0.18920994,-0.40682426
4.1647077,-11.42513,2.809772,-2.0388556,-0.22738789,0.1331647
-4.468297,-8.949456,1.7778672,-1.1592354,0.96865106,1.475807
-0.5371887,-0.07447661,3.5422747,-1.4060177,2.5275333,0.7806628
1.861616,-7.8960156,0.8682955,-0.36391225,2.808523,0.56442285
4.406682,-10.158429,2.117947,-1.3901356,1.684564,0.47401747
4.284349,-4.1350965,0.7268199,0.7172874,1.50864,0.067193195
4.612465,-15.801602,4.011567,0.76737684,0.7365291,1.0628742
-0.015254244,-8.037491,-0.9083753,1.8400247,-0.36666107,-0.8564079
-6.367002,-30.012875,-4.81077,2.0686343,-0.14797775,-0.5241069
11.641381,-1.9683957,4.3181477,0.9860602,-1.0728005,-1.2644538
-0.024825536,-3.5294135,-0.8964112,-0.41278005,-0.0038177953,-1.3072132
-0.09900304,-2.8061829,3.4657044,0.44118443,-0.9274188,0.039094225
6.7935224,-1.6522441,4.619643,0.36299598,-0.9933904,0.9895726
10.441978,-27.474987,5.6443696,-0.6571189,-2.1002455,-0.72446483
5.6300125,-5.224429,6.13759,-0.27228516,-0.24693501,-0.27732465
-10.410573,-25.8039,-5.9958153,0.088114716,0.087809294,0.49845135
4.243671,-15.097514,4.004389,-2.0376337,0.063375406,-0.467909
-3.3263226,-6.5291157,1.5314065,-1.3779187,1.153127,1.4550382
-8.97E-04,-0.37387854,4.488038,-1.4536637,2.3858166,0.94436985
0.46121657,-5.727221,1.023829,-0.8562552,2.7376647,0.5082249
3.324528,-10.943873,0.42532423,-1.5709465,1.7822996,0.4874561
3.472883,-6.256334,1.2966107,0.22860959,1.7480922,-0.27488127
4.6986065,-15.044872,3.9828532,0.50349087,0.5325061,0.6572716
5.7640104,-8.293523,-3.1348968,1.3794458,-1.6689874,-0.0891837
-5.347061,-24.930222,-2.658426,2.1908038,-0.79181075,-0.6303944
8.325827,-5.2555356,-1.5332011,1.1106731,-2.00251,-0.070858285
4.1240296,-3.7280176,0.11395818,0.06368083,-0.7075138,-1.2143644
-2.1197417,-2.9739795,0.9879367,0.494939,-1.2499462,-0.38605547
2.1442683,-2.789433,2.9030921,0.3422272,-1.5517048,1.1141855
6.4031935,-17.075182,2.0437696,0.025808297,-1.8363596,-0.02687728
4.4186463,-7.108478,8.134102,1.238951,-0.11987878,-0.5167768
-3.3622148,-19.244276,-7.6884384,-0.92222667,0.4445441,0.56808794
3.0490541,-16.277775,0.37746778,-2.0156434,0.41278005,0.08551861
0.31974092,-5.2459645,0.69571316,-1.6149274,0.5520532,1.143506
-0.86291164,2.2262223,2.1969104,-1.4915363,1.8641531,0.38727716
-3.5850465,-7.7811604,-1.047159,-0.16721943,2.5214248,0.1795891
5.313861,-9.727721,5.433801,-1.7761911,2.3271754,0.015882028
6.4845495,-9.62483,-0.15164514,-0.10613471,0.78051007,0.34451786
2.7714868,-9.607781,5.5486565,0.13087402,0.38834614,0.88328516
-2.4382863,-15.681663,-4.499404,2.3386288,-1.6812043,-0.1331647
-6.6684976,-27.824638,-3.7860436,2.6122882,-0.43507597,0.041537613
11.902498,1.4072788,1.9788643,1.4148749,-0.23471805,-1.75191
-0.6257231,-4.0944185,1.1123635,0.56946236,-1.4661862,-0.90161055
-0.1902294,-8.590532,3.851248,0.9200887,-1.8143691,0.45935714
5.1846485,-12.002099,3.2886357,-0.78906196,-1.5700302,-0.08429692
0.54257256,-16.574783,3.9948175,1.5834688,-0.48638713,-1.2583454
3.6020954,-18.04248,-1.6504494,-1.4817628,-0.019699825,0.45447037
0.66699934,-7.556235,2.4122643,0.2921377,-0.5438068,-1.064096
-0.12801601,-18.494724,-2.7469604,-2.4933257,-0.19440214,1.4892457
2.9557343,-1.2191432,2.481656,-1.0089669,0.81105244,1.1215155
-1.9354944,-1.4488541,-0.276371,-1.3021736,0.66322744,0.9822424
-2.766103,-11.080264,0.6478567,-0.90145785,1.5171919,0.57663983
2.498406,-3.3759737,6.424729,-1.0505046,3.259481,0.17348062
6.6332035,-8.17149,3.4130623,0.3361187,1.5953803,-0.38972056
5.4789658,-8.951849,1.4285151,0.48150036,-0.19562383,1.2803359
-0.64965135,-12.818351,-3.6616168,1.9941108,-1.4527475,-0.15271181
-4.9160542,-26.057838,-1.6600207,2.196912,-0.6537593,0.2015796
5.5055857,-6.0981083,-6.8671017,1.8070389,-1.2218472,0.04031592
4.7775693,-0.20638095,2.2088745,-0.16111097,-0.7551599,-1.7250327
-2.6536403,-2.2387848,1.2391831,0.48516545,-1.1314418,-0.8295306
-0.22372891,-3.1941192,2.6159534,1.182753,-1.0447016,0.61695576
8.373683,-12.018849,3.3939197,0.19928892,-1.5822471,0.88206345
-0.23090738,-17.024933,6.8342004,0.26037365,0.512959,-0.74034685
1.6127625,-17.25225,-2.1149561,-1.756644,-0.61099994,0.7342384
-4.9543395,-12.088241,-0.29312077,-0.74385923,1.1714523,-0.7892147
3.6427734,-10.666007,-2.0479572,-2.1671333,-0.13331741,0.9370397
-1.7820547,-4.764708,2.6303103,-0.74874604,1.856823,1.827655
-0.1902294,1.9435701,1.3588241,-1.0138538,1.7138847,0.04886778
1.5768701,-12.035599,0.025423741,-0.10124794,1.8592664,-0.076966755
1.6701902,-12.643675,2.7834508,-1.5917152,1.840941,1.1984823
4.5263233,0.026021946,3.7531424,-0.1525591,2.6032784,-0.18447587
6.1399827,-15.966707,4.8448677,0.29946786,0.47019967,0.2699945
3.6308093,-7.9103727,-2.5986054,1.3562336,-2.0245006,-0.15393351
-4.4395833,-23.709284,-5.4403815,1.7410674,-0.9775083,-0.29809347
0.50189453,-15.885351,-6.893423,1.6714308,-1.6958647,0.23334365
5.354539,0.26769704,3.4489548,0.6415423,-0.73316944,-1.9962488
-2.14367,-2.373082,0.9065807,0.50349087,-0.7795938,-1.2510152
-0.41994038,-2.3994029,2.201696,0.6806366,-0.7600467,0.12705623
5.840581,-6.0622163,5.041079,0.62077355,-0.6684196,0.9981244
7.980961,-25.578976,7.344171,-0.49585527,-0.92131037,-1.1044118
6.1854467,-5.7056856,3.7244284,-0.25762483,0.1757713,-0.120947756
-4.2673,-34.647774,-3.8171504,-0.071927264,0.600921,-0.52655035
1.5430715,-7.6423764,4.531109,-2.152473,-0.6012264,-0.076966755
-1.777269,-11.410773,-1.9833509,-1.520857,0.50318545,1.3829582
-0.067896344,-0.34277186,5.30429,-1.5061966,1.712663,1.1703833
0.4755735,-4.5634117,0.5593223,-0.4873034,1.7603091,0.97979903
1.9262222,-11.537593,0.3056831,-1.584385,1.3608149,0.6328378
2.9533412,-1.7240287,2.0964117,-0.005955761,1.7822996,-0.5741964
4.243671,-14.494224,2.4457638,-0.20264858,0.22830416,0.2907633
6.45105,-5.6240306,0.9927223,0.43141088,-0.033138465,0.7354601
-3.8147576,-15.509379,-3.862614,2.754005,-1.0129374,0.13805148
-5.4930234,-27.54438,-6.474679,1.8094823,-1.1876398,0.2699945
11.062019,-3.3592238,-0.3912265,1.4087665,-1.5211624,-1.0970817
1.1171491,-2.411367,1.0549357,-0.115908265,-0.3654394,-1.5393351
-2.0862422,-2.1239293,0.96400845,0.9433009,-1.3965496,-0.67804044
1.969293,-3.3903306,2.5465615,0.7576033,-1.4038798,1.0653176
7.097411,-16.603497,2.9629126,0.4240807,-2.0171704,0.29442838
3.6236308,-8.29113,4.653143,0.6342122,0.30160582,-0.88206345
-1.5643078,-22.57688,-5.605486,-0.8061657,0.034054734,-0.05131117
3.3867414,-11.5519495,1.0190433,-1.0590564,-0.019699825,-0.74034685
-1.561915,-12.461821,-1.9761724,-2.2098927,-0.26403874,1.3463074
-0.73369926,1.4766706,3.336492,-0.9820897,1.5770549,1.5246748
-1.0447662,-7.36451,3.0107691,-0.71820366,1.8421626,0.82342213
1.4186447,-11.231012,-1.8753748,-1.1384666,1.9802141,0.45324868
2.51037,-2.966801,4.607679,-0.43354884,2.6057217,0.46057883
6.276374,-10.89841,1.4476577,-0.11468657,0.732864,-0.3310792
5.0937214,-8.482556,1.3325031,0.3324536,0.18920994,1.3621894
-1.0112667,-10.579865,-1.6073786,2.0686343,-1.3195828,-0.24189551
-2.0551355,-27.984959,-1.9328024,1.926765,-1.4393089,-1.1679399
2.3021946,-4.3169513,-3.1660035,1.3281347,-1.5724735,0.08429692
3.5901313,-5.7487564,1.9238294,1.0434798,-0.32634515,-1.0653176
1.4186447,-3.8691943,1.4380864,0.116213694,-1.6286715,-0.30542362
1.2224332,0.06669993,2.4768705,0.27992076,-0.63909894,0.4666873
4.21735,-5.6838512,1.9669002,0.8211314,-1.1522106,0.55342764
7.772785,-29.996126,4.859225,0.15286453,-1.2731584,-0.6450547
4.8086762,-4.829314,3.7794633,-1.1592354,-0.582901,0.120947756
-5.296812,-11.539986,-1.7461623,1.0459232,-0.024586603,-0.8295306
0.6406783,-19.69652,0.360718,-2.0901666,1.228872,0.8564079
-0.43429732,-3.4190445,5.366802,-2.200119,1.7603091,0.72568655
0.7148558,-3.344867,0.8706883,-1.2740747,1.7810779,1.2290246
0.30059835,-6.8042903,-1.4111671,-0.5752654,1.4023526,1.2326897
5.244469,-6.9768724,0.6430711,-2.152473,1.4597722,0.1368298
3.8129628,-7.2041907,0.48275197,-0.005955761,0.8709155,0.26022094
3.851248,-18.365513,3.0586255,-0.024281178,-0.19195876,1.1496146
-2.2728825,-12.97867,-4.434798,1.5956857,-0.96773475,-0.57663983
-3.3023944,-17.101503,-2.9862428,1.7923785,-1.4771814,-0.53388053
11.670394,-2.7559335,-2.5938199,1.9328735,-0.3361187,-0.6804838
2.8145576,1.1512468,4.037888,0.51815116,-0.6256603,-1.6908252
-0.29312077,-5.7966127,1.5984055,0.7551599,-1.0288194,-0.38361207
4.2771707,-4.443771,2.2926233,0.25548688,-0.6256603,1.0030112
8.40479,-17.17568,3.2407792,-0.09513946,-1.9621941,-0.3787253
5.0602217,-8.549854,5.90758,0.29580277,0.058488626,-0.40560257
-7.233503,-34.56163,-1.9809581,-0.63512844,-0.7698203,0.891837
3.7719858,-15.399309,3.1187453,-1.4499987,0.52273256,0.04031592
1.4114662,-11.12812,-2.1221347,-2.4823306,0.19287503,2.0768807
1.0070792,5.771787,2.4888346,-0.9503256,1.3510414,0.62795097
-0.49651068,-5.4684973,-2.9455647,-0.5716003,0.5801522,0.69880927
-0.9346963,-13.833506,4.025924,-0.41400173,2.3503876,0.47035238
5.986543,-4.7575297,0.056530435,-1.0590564,2.5800662,-0.41904122
3.4704902,-16.603497,4.1072803,0.28358585,0.3113794,0.19547112
4.025924,-0.057726845,-8.332407,0.8480087,-1.0251545,-0.69392246
-4.2577286,-36.56323,0.1905285,3.028886,-0.83823514,-0.07818845
11.095519,-2.6099713,-0.61854464,1.2023001,-1.8339162,-0.19913621
3.37717,-0.9388838,-0.12771691,0.6769715,-1.8620151,-0.8942804
-3.1468608,-1.8798612,3.0825539,0.6928535,-2.0416043,-0.16004199
0.93978107,-1.0345967,2.4409783,0.5816793,-1.8901142,1.2730057
5.017151,-15.605092,1.5553347,0.14064758,-1.7361807,0.39094225
4.5765724,-8.403593,5.4290156,0.34100547,0.7756233,-1.127624
-1.1500504,-8.049456,1.212862,0.14431266,0.45309594,-2.1501822
0.8679964,-19.447666,0.14267205,-2.440793,0.14889401,1.2803359
-0.48215377,-3.8069808,2.5342982,-1.6161492,1.6234792,1.6920469
2.2351954,1.4575281,1.7994026,-1.6784556,1.7309884,0.8087618
-2.8187451,-9.902397,-1.7892331,-0.16721943,1.8397192,0.59130013
3.9110687,-4.4078784,6.9945197,0.13942589,2.7022355,0.1795891
6.855736,-5.9114685,-1.9642082,-0.34436515,1.0395093,-0.09773556
3.728915,-9.485747,6.314659,0.39231664,-0.20173231,0.7354601
-2.3279173,-16.426428,-2.5722845,2.333742,-1.9854063,-0.39216393
1.7802601,-24.353252,-2.5866413,1.5675868,-3.4027247,-0.7794411
2.5342982,-1.1901301,2.2998016,1.4124316,-2.8236415,-0.26877278
-1.777269,-3.6490545,0.9448658,0.75638163,-1.5174973,-0.8246438
-1.4901303,-3.9744785,-0.07507481,0.9139802,-0.8980982,0.57297474
3.5709887,-6.476474,3.025126,-0.5581617,-0.4472929,0.7635591
6.5108705,-17.16611,3.0897322,0.54136336,-0.4705051,-0.6010737
8.325827,-9.665508,3.702893,0.3385621,0.58748233,-0.131943
-6.579963,-24.166313,-5.95753,0.80769277,-0.59267455,-0.687814
4.8732824,-12.674782,0.16181463,-2.088945,-0.93230563,0
-4.4922256,-10.37169,-0.6687939,-0.9625426,0.3309265,1.9192821
0.58564335,0.11455639,3.403491,-1.4573288,2.180572,0.69758755
0.14027923,-6.0167527,-1.3968102,-0.38345936,1.6637952,0.8869502
4.0833516,-10.505688,2.7714868,-1.216655,1.7713044,0.45935714
2.673082,-2.2172494,2.8552356,-0.17210622,2.2416568,-0.13438639
4.5909295,-19.533808,6.4677997,0.3422272,2.180572,1.2681189
8.866903,-6.5315084,-4.1258245,1.7178552,-1.3281347,0.10017895
-4.049254,-23.204098,-3.9463627,2.3349636,-0.48027867,-0.49600798
-0.28115666,-12.842279,-6.7259254,0.9176453,-0.70140535,-0.067193195
4.6914277,0.04755735,1.8711873,0.8565606,-0.1577513,-1.955933
-3.8147576,-3.0457642,1.0908281,0.4961607,-0.6647545,-0.9785773
0.08763713,-4.860421,3.159423,0.7612684,-0.1565296,0.23823044
9.886545,-12.619746,0.8392825,0.21150586,-1.3085876,0.24800399
4.9259243,-8.432307,4.828118,0.6036698,0.53372777,-0.6035171
-1.7126628,-8.152347,-1.195514,-1.1384666,-0.04902049,0.61695576
-1.4207385,-11.750554,0.42053857,-0.45431766,1.4964231,-1.3218734
5.132006,-13.266108,1.5744773,-2.0034263,1.0065236,1.1105204
-1.358525,-3.225226,3.513561,-1.5184135,1.2117683,1.4721419
-0.051146585,-0.13938192,1.8640088,-1.1604571,1.9508934,0.43614495
-0.118145615,-12.066706,-2.2728825,-0.99675,1.4035743,0.087962
3.2599218,-1.5134603,3.228815,-0.70232165,2.4847739,0.047646087
5.361717,-11.056336,3.0418758,0.69041014,1.5013099,0.131943
5.0386863,-7.7165537,4.729713,-0.009620844,0.880689,0.6523849
-1.2266207,-15.926029,-6.3547387,2.6709297,-1.5602566,0.12583454
-3.0583265,-30.03441,-5.914459,2.4498029,-0.39353836,-0.039094225
15.132211,-5.54746,0.45164528,1.2450594,-2.0525994,-1.3243169
-3.2545378,-2.2411776,2.7236304,-0.3773509,-1.0129374,-1.1911521
-2.8713872,0.6891329,2.295016,0.75027317,-1.8302511,0.1808108
2.8671997,-3.1127632,3.2790644,1.1351069,-1.1277767,1.5442219
7.573882,-27.295527,5.340182,-0.9710944,0.74630266,-1.563769
5.2516475,-5.1813583,7.030412,0.6024481,0.15988927,-0.46302223
-2.5339992,-33.350266,-9.26142,-0.97598124,0.7145386,0.5583144
2.8959136,-13.105789,0.6861419,-2.3137367,0.29183227,0.03787253
-2.9889345,-8.911171,1.0621141,-0.9735378,0.7316423,1.7079289
0.5353941,1.5819548,1.3492528,-1.5061966,1.3901356,0.8136485
-0.29790643,-8.271988,0.6478567,-0.3749075,1.7554224,0.72568655
2.3476582,-10.637293,-0.2883351,-2.2831943,1.5098617,0.18936265
1.0549357,-4.0561333,2.8528428,-0.54594475,2.0535157,0
7.454241,-11.283654,1.6414764,-0.37002072,0.22952586,0.17103723
5.0123653,-6.0526447,-7.240681,1.1473238,-1.6030159,0.48623443
-2.926422,-16.692032,-1.6480566,2.7430096,-0.6879667,-0.7904363
2.419443,-17.817257,-9.131908,1.3843327,-1.2340642,0.14782503
7.8373914,0.39930227,3.8991046,0.8089145,-1.7618362,-1.8447587
-1.317847,-3.2132616,0.8635099,0.4692834,-0.35322243,-1.3805149
-0.8844471,-3.8380876,0.31046873,0.85900396,-1.3623421,-0.02443389
2.6635108,-6.5985074,4.1312084,0.16385978,-0.44118443,1.0946383
11.009377,-16.818851,1.2846466,-0.38590276,-2.1576653,-0.90894073
6.151947,-8.533105,8.615358,0.7404996,-0.0038177953,-0.3542914
-3.6783667,-14.276477,-4.712365,-1.6808989,-1.2279557,0.81487024
0.4636094,-9.2895355,1.7970098,-1.1433533,-0.066124216,-1.055544
-2.277668,-10.386046,-1.2074782,-1.6308094,1.3143905,1.5845377
4.3058844,-0.15613168,4.042674,-0.79639214,1.1604571,0.74401194
0.25752753,-3.6059837,0.6239285,-0.1537808,1.037066,1.0934166
-0.6520442,-12.806387,-0.1468595,-1.3290509,0.9002361,0.4263714
4.133601,-3.316153,4.272684,-0.06704049,1.8433843,0.16615045
6.489335,-8.451449,0.59760743,-0.29305398,-0.33123192,-0.07574506
2.9198418,-6.4669023,-0.17796618,0.3141282,0.04871507,0.6609367
-6.2662044,-16.488642,-3.3574293,2.4681284,-0.4912739,-0.23700874
-4.066303,-24.305395,-2.6249263,2.0869596,-0.07101099,-0.3310792
11.215459,-4.767101,-3.333501,1.7593929,-1.5614783,-0.8283089
0.13310076,-4.9489555,3.1689944,0.084449634,-0.3422272,-1.5246748
-1.3704891,-4.441378,0.10917253,0.9665131,-1.4478607,-0.44103172
6.68106,-5.918647,2.9676983,0.0038177953,-1.3916627,1.3939534
4.720142,-12.825529,5.337789,-0.14400724,-1.6934214,-0.59252185
6.096912,-5.1550374,2.9270203,0.46195325,-0.35322243,-0.47279578
-5.8881383,-28.238897,-2.565106,0.4656183,0.30038413,0.19302773
5.136792,-14.432011,2.1011975,-0.34192175,-0.7087355,-1.2106993
-0.41994038,-13.510176,-0.317049,-0.9735378,0.53739285,-0.07330167
3.1758738,-6.8404818,4.080959,-0.8953494,1.3815838,0.6206208
0.10677971,-8.4705925,1.4476577,-0.6033644,1.0224056,1.2155861
2.6491537,-5.4206405,1.7682959,-1.0944855,0.90512294,0.8906153
-0.5132605,-3.4600215,1.3875381,-1.5037532,1.0419527,0.49722967
5.706583,-10.237692,3.757928,0.13453911,0.1965401,-0.6145123
6.5084777,-5.1478586,1.5744773,0.49005222,-1.1180032,-0.47401747
-4.367799,-17.994326,-2.3781667,2.0087712,-2.5793025,-1.2265813
0.50428736,-18.413368,0.36789647,1.9683026,-3.0068955,-0.87717664
9.127721,-12.562319,0.3822534,2.2384498,-3.289107,-0.5815266
4.471288,-17.496618,5.4385867,1.3537903,-5.1106534,-0.34085277
2.3691936,-6.61765,5.2420764,0.890768,-5.0715594,0.8136485
-0.077467635,-2.8803604,5.383552,0.5242597,-5.1595216,1.2888877
-2.5459633,1.6109679,2.8600214,-0.20875706,-3.8205442,0.12949961
-0.8772686,2.6018956,2.3452654,1.302479,-3.2194705,-0.13438639
1.4090735,-25.483261,0.5210371,1.4637427,-3.0948577,-0.5668663
-0.17108682,-18.32005,4.0163527,0.7343911,-2.3018253,-0.031764057
0.79142606,-19.397417,1.5553347,0.6415423,-1.4344221,0.37628192
3.5063825,-15.221941,2.8289146,-0.3126011,-0.5401417,1.0934166
4.4114676,-14.580366,4.1814575,-0.5960342,-0.3849865,1.4147222
5.7376895,-5.7224355,1.7778672,-1.0211838,-0.950631,0.95170003
2.8121648,1.9411774,3.3269207,-0.20753536,-1.1790879,-0.12583454
-3.5706897,1.608575,-0.19232312,-0.29916245,-0.97506493,-1.0164498
-1.7389839,0.85902333,-0.30987054,0.8125796,-1.2719367,-1.1642749
-2.2178476,-6.794719,-1.4685949,0.8492304,0.31993124,-2.075659
-0.2117648,-19.88346,-4.813163,4.234699,-1.4490824,-0.58885676
6.2117677,-27.242884,8.953045,0.65864605,-1.4649644,0.16981554
7.6456666,-10.706685,-6.2997036,0.19440214,-1.4344221,0.50700325
2.5031915,-3.656233,3.7651064,-1.3974658,-1.8485765,-0.39338565
-2.141277,5.8507504,-0.7932207,0.2933594,-2.3213723,-0.08063184
-3.8291144,-7.824231,7.071389,1.0080507,-0.3776563,-0.23823044
10.676775,-13.400105,1.1410773,2.3484023,0.7902836,-1.4183873
15.53899,-14.501403,8.318648,-0.081700824,-0.87732935,-0.6536066
-1.8421743,-9.895219,-4.705187,-1.4292299,-1.2242906,1.9205037
-9.347562,-5.866005,-2.8354948,-0.18798824,1.1543486,1.6040848
7.7823567,-8.405986,-3.170789,-0.25273806,-1.2682716,-0.55342764
2.7499514,-10.560722,-2.2034905,-0.820826,-0.6500942,1.5833161
0.69332033,-3.1103704,1.6199409,-0.6998783,-0.37643462,1.3670762
-1.1596217,-10.733006,0.7746763,-0.5960342,0.5996993,0.6609367
-0.6017949,-5.3273206,1.1841481,-1.0627215,1.7444271,0.7330167
6.431907,-9.201001,5.0602217,-0.22708246,2.391925,-0.7550072
5.447859,-17.082361,3.525525,-0.09636115,0.1317903,1.0604309
5.469394,-9.134003,-1.8658035,0.041690327,-1.5309359,-0.12705623
-4.293621,-11.506486,-0.59940207,2.0747428,-1.0312629,0.0061084726
-3.9008992,-17.371893,-4.942375,1.2975923,-2.773552,0.12705623
8.0455675,-6.2440705,-5.2127643,1.7508409,-1.4845115,-0.919936
5.213362,-3.7854455,3.4274194,0.48760882,-1.3782241,-1.8606408
-1.8613169,-4.9513483,1.4042878,1.3293563,-1.8937792,-0.759894
-1.5858432,-8.391629,2.390729,0.76859856,-1.3489034,1.1826003
5.407181,-13.86222,1.1793624,-0.51784575,-0.52303797,0.45935714
4.894818,-10.386046,6.628418,1.226734,0.7951704,-0.60840386
2.3021946,-15.504594,-7.8439717,-1.2618577,-0.554802,0.6340594
-1.84696,-5.7726846,1.131506,-0.09758285,0.051158458,-1.2510152
1.6749759,-16.263418,-2.3614168,-1.7468704,0.54960984,1.4098355
2.0554347,-1.7865412,2.9150562,-1.2557492,1.2814049,1.0738695
0.9661021,-5.372784,1.1697912,-0.6693359,1.5330739,0.58885676
3.9158542,-10.060324,-0.07507481,-1.0309575,0.820826,0.028098974
0.8775677,-5.9904313,2.781058,-1.1946645,1.4780977,0.32252735
3.1160533,-7.5921273,0.7220342,0.32878855,1.0065236,0.0036650836
2.5893333,-15.734304,1.2296118,0.26037365,0.5471664,0.9810207
2.9676983,-12.246167,-0.82941216,1.5553699,-1.3073659,0.2932067
-3.824329,-17.017756,-1.9160527,1.6665441,-0.5352549,-0.36895174
5.491229,-9.244072,-6.4866433,1.8326945,-1.3770025,-0.05131117
4.2077785,-2.2196422,2.6566312,-0.08047912,-0.51815116,-1.6480659
-1.2050853,-3.9625144,1.4907285,0.8687775,-1.3012574,-0.70613945
-0.03678965,-5.332106,2.2304099,0.52914643,-0.83823514,0.45813546
9.28804,-9.909575,2.0222342,-0.030389652,-0.81135786,0.5778615
1.8640088,-16.174883,6.350551,0.46806172,-0.0062611843,-1.0017895
1.1291132,-9.406784,0.12831512,-0.9662076,-0.14797775,0.25655586
0.06849455,-8.820244,-0.0056829536,-0.12568182,1.28507,-1.3328687
1.7300107,-13.867005,-1.6169499,-1.4671024,0.5483881,1.1386193
0.8536395,-6.945766,1.4042878,-1.2203201,0.8831324,1.0127847
1.7324036,-4.5708895,1.3277174,-1.4915363,0.8183826,0.7745543
0.7603194,-7.728518,-0.49651068,-0.6192464,1.0798253,0.47768256
-0.12562318,-7.8074813,1.05015,-1.6454698,1.2337588,0.79165804
2.7499514,-5.832505,3.4704902,0.7551599,1.9081341,-0.68170553
5.857331,-17.774185,3.4680972,0.41552883,0.38468108,1.0457705
5.2755756,-8.975777,-4.05404,1.1900831,-1.8241426,-0.087962
-3.9583268,-20.434107,-2.0001006,1.9573073,-0.9823951,-0.14415996
1.5478572,-11.295618,-4.6692944,1.1082296,-1.5846905,0.14171657
7.420741,-3.1893334,0.042173497,0.8492304,-1.12289,-1.4599249
-2.7326035,-4.3073797,1.5361922,0.53892,-0.7905891,-0.69758755
0.53300124,-3.9601214,1.7706888,0.7417213,-0.6806366,0.41904122
7.758428,-6.536294,2.888735,1.53E-04,-0.9933904,0.82708716
1.2200404,-21.295822,6.300302,0.04046863,-0.3837648,-1.291331
5.771189,-5.217251,5.1702914,-0.45676103,-0.13087402,-0.34573954
-6.7905316,-27.80071,-2.5531418,0.033138465,0.17454961,-0.028098974
4.152744,-11.618949,1.4186447,-1.492758,0.6412369,0.51066834
-0.3385844,-4.065705,2.1203399,-1.3400462,1.5489559,1.3890667
2.5534408,-3.993621,2.2806592,-1.1409099,1.6796772,0.4654656
0.44207397,-10.1802635,-1.7868403,-0.96376425,1.3376027,0.25777754
1.2726825,-3.371188,4.0091743,-0.6925481,2.3100717,0.42759308
5.6539407,-10.692328,0.7962117,0.32756683,0.4811949,-0.26877278
2.6347969,-12.751352,5.2899327,0.3141282,0.4384356,1.1496146
4.784748,-9.516854,-4.324728,1.1803097,-1.7190769,-0.061084725
-3.091826,-21.61676,-2.9072795,2.2262328,-0.24449162,0.114839286
8.086245,-5.008776,-3.1660035,0.8602257,-1.8644586,-0.32619244
4.2915273,-0.63978094,0.62871414,0.072232686,-0.5376983,-1.2730057
-3.6927235,-3.5246277,1.1386845,1.0679138,-1.358677,-0.17470232
0.9589237,-7.8696947,2.3021946,0.8761077,-0.85411716,1.1166288
11.201102,-14.570794,2.608775,-0.68643963,-1.3000357,-0.067193195
1.3085749,-17.350357,6.6451674,0.56579727,0.23807772,-0.9138275
0.7746763,-6.806683,-1.9474585,-1.0077453,-0.67941487,0.40804598
-0.18305093,-10.249656,0.41814575,-0.4677563,0.17332791,-1.2375766
0.6478567,-12.246167,-1.791626,-1.7138847,0.6571189,1.1520579
-0.73369926,-4.898706,1.8711873,-1.1433533,1.2435323,1.299883
0.85842514,-4.2260237,2.4912274,-0.96376425,2.16469,0.67071027
0.3364907,-10.134501,-3.0269206,-1.0175189,1.4768759,0.41048935
3.4298122,-4.8819566,4.638786,-0.40422818,1.5953803,0.24067383
6.101698,-10.019646,1.9357935,-0.24662958,0.37857258,0.12949961
2.864807,-9.449855,1.8951155,0.63176876,0.30282754,0.85762954
-2.8546374,-15.835102,-2.8642087,2.3593976,-0.5511369,0.23578705
-2.6895328,-23.275883,-5.066802,1.6567705,-1.5517048,0.3384094
10.576276,-3.5030923,-0.022432713,0.9665131,-1.5199407,-1.2925528
-0.9179466,-3.5318062,2.1323042,-0.16355436,-0.74416465,-1.3487507
-1.7174485,-3.845266,1.2966107,1.1778662,-1.3208045,-0.2211267
1.0214362,-6.3400826,2.6781666,0.3324536,-0.7661552,1.0433271
10.269695,-11.961421,0.58564335,-0.07559235,-1.3525685,0.26877278
1.8783658,-17.537296,5.220541,0.598783,-0.44118443,-0.8564079
4.7105703,-6.792326,4.9022956,-1.2032164,-0.8480087,-0.37506023
-7.422835,-21.221645,-2.7637103,-0.2661767,0.56060505,-0.5082249
3.3269207,-10.936695,2.9892337,-1.7285451,0.47997323,-0.20402299
-3.0032916,-10.706685,-0.72382885,-0.9161182,0.92222667,1.3805149
2.3165514,-2.708077,2.6853452,-1.4817628,1.9008039,0.7794411
2.3380868,-5.5163536,0.17617157,-0.5117373,1.4793193,0.54609746
1.9405792,-10.491331,0.698106,-1.6515783,0.9820897,0.5314371
2.6515465,-2.8926234,2.4266212,0.06123744,1.4695458,-0.070858285
2.3189442,-18.095123,2.2088745,0.39476004,0.10735641,1.007898
3.353242,-5.7583275,-1.4303098,1.3256912,-1.1412154,-0.36895174
-3.5132618,-20.158634,-3.3430724,1.782605,-0.5242597,-0.1808108
5.029115,-8.276773,-4.5065823,1.0275978,-1.4722946,-0.17348062
4.2556353,-3.7710886,0.4755735,0.26892552,-0.8724426,-1.2497935
-2.5555346,-4.953741,0.41575295,0.6232169,-0.8724426,-0.4495836
-0.41994038,-4.240381,2.4744778,0.20906247,-0.79669756,0.8258655
7.423134,-10.151251,1.5529419,-0.11346488,-1.1106731,0.63528115
2.838486,-14.1161585,5.840581,1.1216683,0.69743484,-1.4208307
6.894021,-8.178668,0.66699934,-1.3156123,-1.3440167,0.05131117
-8.689237,-11.403595,-0.25214368,-0.5789305,0.035276428,-0.9969027
2.4003003,-14.760126,-2.2345972,-1.5184135,0.69499147,1.1752701
2.4242284,-2.3922246,2.9485557,-1.0737168,0.65956235,0.8955021
0.91106725,-8.209774,0.99990076,-0.20387027,1.2679662,0.7782194
-0.24047868,-11.444272,-1.7724833,-0.76829314,1.0553913,0.8136485
2.0745773,-3.2180474,2.687738,-1.4438902,1.7627525,0.9419265
3.460919,-11.362917,1.1913266,0.084449634,0.80372226,-0.43247986
4.504788,-16.455143,5.354838,0.27625567,0.5789305,1.4244958
5.0674,-10.201799,-4.2074795,1.1424371,-1.7862701,0.5632012
-4.5472603,-17.146967,-2.3901308,1.870567,-0.8968765,-0.41659784
5.3832526,-6.660721,-3.673581,1.7887135,-0.92986226,-0.54487574
2.6156542,-3.67059,2.539084,0.06123744,-0.61466503,-1.1740484
-0.69302124,-5.662316,1.1147562,0.6061132,-1.0251545,-0.82342213
0.5832505,-3.6251264,2.4050858,0.57679254,-0.758825,0.5363239
1.279861,-5.5761743,2.8121648,0.07956286,-0.41308546,1.1141855
10.54517,-20.000708,3.513561,-0.43599224,-1.590799,-0.9394831
7.4662046,-8.274381,6.573383,0.28236416,-0.72095245,-0.6731537
-9.527023,-25.998018,-3.536891,-0.26862007,0.688883,-0.41781953
2.9509485,-11.559128,-0.1683949,-1.1665655,0.1757713,0.49356458
0.5353941,-4.0585265,1.9381863,-1.0786035,1.464659,1.5039059
1.2822539,-4.6283174,1.1889337,-0.9393304,1.4121262,0.49967307
1.1027921,-11.221441,-0.41515473,-0.67788774,1.4438902,0.23700874
1.5574285,-5.753542,1.998306,-1.6870074,1.4780977,0.71713465
3.1495528,-4.144668,2.673381,0.2481567,1.4573288,-0.38239038
5.3066826,-10.134501,3.9684963,0.2933594,0.616803,1.0384403
1.6151553,-13.402499,-3.2042887,1.4979502,-1.5993508,0.24800399
-4.3965125,-15.655341,-4.1258245,1.7496192,-0.8272399,-0.4691307
6.0801625,-8.279166,-4.1330028,1.4881766,-1.2132953,-0.21257484
3.5829527,-2.138286,0.846461,0.30068958,-0.57679254,-1.7372496
-1.5858432,-5.7631135,1.8065811,0.9933904,-0.79303247,-0.81975704
0.8632108,-5.966503,2.1945174,0.2249445,-0.5010475,0.48623443
6.7241306,-5.940182,4.6244287,-0.7475243,-0.5328115,0.6328378
5.7616177,-17.975183,6.216553,0.22127941,-0.7576033,-1.375628
4.933402,-9.825827,3.2862427,-0.72919893,-0.83823514,0.07574506
-6.673283,-14.140086,-1.0304092,-0.31993124,0.2417428,-1.0152282
1.8711873,-11.700305,-0.85094756,-1.452442,0.11468657,0.8002099
0.6478567,-6.4381886,1.2702898,-0.89657104,1.1274713,1.259567
2.146661,-2.6315067,0.82731843,-1.3131689,0.82693446,0.7195781
1.0118649,-7.6998043,0.79142606,-0.16844113,1.2203201,0.5155551
0.2000998,-9.296714,-0.5300102,-1.3754753,1.1665655,0.5522059
1.9190438,-5.145466,0.9951151,-1.1604571,1.2801832,0.70613945
4.1982074,-8.908778,1.4668003,0.019699825,0.30404922,-0.19913621
3.9014974,-14.1568365,2.2351954,0.16752486,0.40422818,1.1447277
-1.7796619,-15.542878,-2.658426,2.045422,-1.4160967,0.18936265
-5.4930234,-21.011076,-2.2417758,1.7508409,-1.154654,-0.25899923
7.8613195,-5.808577,-3.7860436,1.8278077,-1.4612993,-0.6536066
2.1104696,-3.1462626,3.3221352,0.039246935,-0.45095798,-1.4868022
-1.6408781,-5.305785,1.2870395,1.1302202,-1.1998568,-0.56808794
-0.16390835,-5.423033,2.390729,0.57434916,-0.46195325,0.6328378
7.880462,-7.2376904,3.353242,-0.45187426,-0.72828263,0.45691374
3.4920256,-18.097515,5.5893345,0.32878855,-0.57312745,-0.97246885
4.210171,-8.322237,2.6542385,-1.0321791,-0.6562027,0.43858832
-6.335895,-13.615759,-1.7437695,-0.38590276,0.37002072,-1.3695196
2.295016,-12.34188,-1.2050853,-1.3278292,0.024281178,1.1251806
-1.5427724,-7.283154,0.91136634,-0.78417516,1.2362021,1.3035481
2.7714868,-4.0106697,1.4237294,-1.2789614,1.3278292,0.6242859
1.5601203,-8.429914,-0.02961118,-0.11957335,1.1433533,0.379947
0.52582276,-8.334201,0.042173497,-1.6137058,1.1580137,0.7464554
2.2351954,-5.2028937,4.966902,-0.19898349,1.6625736,-0.08551861
5.1439705,-11.729018,0.13070793,-0.13056861,-0.39842513,0.31397548
3.4465618,-8.403593,-0.3792624,0.38742986,-0.60855657,0.5436541
-3.6400814,-12.873385,-1.8394824,2.02221,-0.25915194,-0.4911212
-3.2760732,-22.433012,-3.6014972,1.6702092,-1.2401726,0.035429142
6.9705915,-4.831707,-1.1668001,1.1558757,-0.97873,-1.2021474
3.501597,-3.0098717,2.146661,0.19195876,-0.33367532,-1.551552
0.4636094,-4.604389,1.2918252,0.8504521,-0.70262706,-0.34940463
0.7363912,-5.0327044,2.5366912,0.10521844,-0.3397838,0.7989882
7.980961,-10.1751795,1.1171491,-0.115908265,-0.9420792,0.4654656
3.1686954,-12.97867,5.510371,0.8089145,-0.114992,-1.0909733
0.4322036,-16.71596,-0.20428723,-1.1348015,-0.16996825,0.13560809
1.4306089,-6.7301126,1.2391831,-0.82693446,0.41033664,-1.2693406
-1.3968102,-14.582759,-1.6887345,-1.272853,0.030389652,1.2497935
2.498406,-1.1733804,2.079662,-1.200773,1.100594,0.9040539
0.8679964,-7.455736,0.61914283,-0.31993124,1.2374238,0.48379102
2.201696,-8.504391,-0.058325052,-1.0101887,0.9943066,-0.058641337
1.0214362,-7.946564,2.9509485,-0.83426464,1.1897777,0.46424392
2.1394825,-7.462915,0.7890333,-0.47752985,1.2765181,-0.19058435
4.241278,-14.973087,4.045067,0.52914643,0.33947837,1.4183873
2.1008983,-12.916456,-2.6608188,1.5003936,-1.7899352,0.05619795
-4.3055854,-19.074087,-2.5435705,1.6995298,-1.2890404,-0.23212196
4.988437,-9.215358,-5.5073805,1.2609415,-1.7728314,-0.05375456
5.706583,-2.0138593,3.6260235,0.23349637,-1.0764656,-1.5417784
-1.8254246,-5.1236315,0.983151,0.76493347,-1.5260491,-0.8710682
-0.58265233,-4.38395,2.414657,0.7172874,-0.9555178,0.715913
2.687738,-5.523532,3.460919,0.09300149,-0.75027317,0.91749257
6.3601227,-19.30649,5.7041903,-0.100026235,-0.96406966,-1.071426
5.452645,-6.6224356,1.8855443,-0.25762483,-0.21150586,0.06474981
-6.639784,-17.800507,-1.6959131,-0.12323844,1.1360232,-1.3206518
3.621238,-13.067504,-0.15643078,-1.5110834,0.36146885,0.7708892
-2.6105695,-7.3118677,1.2272189,-0.74874604,1.3913573,1.5747643
1.9477576,-2.708077,2.321337,-1.3302727,1.7835213,0.8209787
1.3755739,-9.801899,-1.6384853,-0.59236914,1.3718102,0.29931515
1.9453648,-5.17418,3.4752758,-1.1946645,1.3705885,0.61939913
4.622036,-7.1802626,1.0166506,0.38620818,0.8867975,-0.3616216
1.7635103,-17.012968,3.7818563,0.42530242,0.06704049,1.4098355
4.21735,-7.8146596,-3.252145,1.166871,-1.4332004,-0.41659784
-4.374977,-17.204395,-4.3725843,1.9782288,-0.7637118,-0.16859384
3.9637108,-9.294321,-5.2701917,1.1754228,-0.90542835,0.108730815
3.822534,-1.9348962,1.7611175,0.3556658,-0.31901497,-1.5381134
-1.7102699,-5.2555356,1.4452649,0.7710419,-0.72095245,-0.83441734
0.30538398,-5.537889,1.6510476,0.3556658,-0.75027317,0.36650836
8.862118,-9.009276,2.6709883,-0.093917765,-0.6843016,0.571753
-0.47976094,-17.711973,5.8692946,0.6281037,0.11102149,-1.2778925
2.0219352,-13.749757,-1.0160524,-1.2520841,-0.30435464,0.42759308
-0.88683987,-6.660721,2.4074786,-1.28507,0.24296449,-1.143506
0.22881366,-13.299607,-2.9766715,-1.5355173,0.29427567,1.2644538
2.1969104,-1.8583258,3.0275187,-1.1897777,1.1213628,1.2962179
1.3037893,-5.1526446,-0.60658056,-0.80372226,1.2899567,0.52166355
0.6693921,-10.170394,-0.48215377,-0.7120952,1.2581927,0.2675511
1.6965113,-6.536294,2.781058,-1.0761602,1.6540216,0.82708716
5.031508,-7.4844503,1.1602199,0.25793025,1.0480611,-0.37261683
4.545466,-10.503295,4.135994,0.35322243,0.027946262,1.2192512
-0.71455663,-12.636497,-2.1675982,1.7703881,-1.5578132,-0.22845687
-5.1385865,-22.612772,-4.813163,1.810704,-1.170536,0.052532863
8.699107,-3.7591243,1.5337993,0.742943,-1.7703881,-1.4379344
4.3995037,-2.3874388,1.6941184,0.21028417,-0.94452256,-1.5161229
-2.091028,-4.343272,1.4476577,0.81624466,-1.2255123,-0.775776
-1.5810575,-4.92742,2.2591236,0.55724543,-0.75393826,0.6487198
6.6475606,-8.597711,2.484049,0.114992,-0.6659762,0.7134696
1.0908281,-15.684055,6.702595,0.7185091,0.64734536,-1.0091196
1.9477576,-12.619746,-1.736591,-1.2313154,-0.34711397,0.22845687
0.99990076,-5.578567,2.891128,-0.8599202,0.20997874,-1.123959
-1.4087744,-12.94517,-1.7078772,-1.3705885,0.16599774,1.1874871
1.7036897,-0.9245269,2.3883362,-1.2374238,1.052948,0.85029936
-0.13519448,-8.760423,0.45882374,-0.4811949,1.6039321,0.5387673
1.442573,-9.459426,-0.18275183,-1.3559282,1.2423106,0.38361207
1.7228323,-1.8678972,2.8983064,-0.5679352,2.284416,0.13927318
4.7991047,-13.39532,3.2359936,0.17729841,0.3736858,0.2932067
4.461717,-9.861719,0.55692947,0.20906247,0.3981197,0.7708892
-3.0463624,-14.463118,-1.3797613,2.2408931,-0.28114244,-0.30542362
-1.805983,-21.494726,-2.845066,1.5419312,-1.0398147,-0.47279578
9.151649,-3.6634114,-0.47258246,1.2817103,-1.1754228,-0.88206345
1.0908281,-3.6011982,1.8640088,-0.10613471,-1.2584981,-1.0457705
-0.6448657,-4.034598,1.3660027,0.8284616,-1.2340642,-0.04886778
1.5768701,-5.217251,3.499204,0.04291202,-1.0520316,1.3169867
8.744571,-15.851851,1.8783658,-0.24907297,-1.3073659,-0.5778615
10.602597,-9.607781,6.161518,0.86266905,-1.2670499,-1.3120999
-9.120243,-28.693533,-4.4802613,-0.39201123,0.36879903,0.061084725
2.6539395,-12.689138,-0.99930257,-0.8599202,0.07314896,0.39338565
-2.9865417,-9.239286,1.6893328,-0.88557583,0.85381174,1.6028632
1.2343974,-2.9715867,1.68694,-1.4145695,1.6283661,0.9614736
1.0357931,-9.447462,-0.14207384,-0.3309265,1.7615308,0.39094225
2.2998016,-7.6016984,0.42532423,-1.7468704,1.1958863,0.52288526
2.8121648,-3.6059837,3.2910285,-0.44698748,1.4096828,0.2858765
2.996412,-13.302,1.7180467,0.0038177953,0.38834614,0.1575986
4.2652063,-8.063812,1.2152548,0.31901497,0.3126011,0.7977665
-3.3406794,-15.040087,-1.602593,2.177365,-0.8712209,0.058641337
-3.3837504,-23.66382,-3.63051,1.7044165,-1.0728005,-0.05986303
7.9307117,-6.9505515,-2.737389,1.6286715,-1.4051014,-0.7464554
1.8711873,-4.7623153,2.5175486,-0.08536591,-0.7514948,-1.2803359
-0.06550352,-3.5796626,1.1362916,0.70140535,-1.1338853,-0.263886
0.8129615,-4.328915,2.9341989,-0.0047340663,-0.65498096,1.0665393
8.5220375,-15.205192,0.5066802,-0.19043164,-1.4405305,0.025655584
6.877271,-7.7739816,7.763214,0.93352735,-0.41552883,-1.3023263
3.0969107,-11.379666,-0.42711884,-1.1812259,-0.28114244,0.6291727
2.0554347,-10.742876,1.1961123,-0.28450212,0.47997323,-1.0653176
-0.62811595,-12.998112,-2.1963122,-1.5917152,0.24785128,1.2742274
0.92542416,-2.0018952,2.024627,-1.3290509,1.0676082,1.3866233
0.03499503,-4.8508496,1.2535399,-0.7951704,1.5245221,0.6242859
0.3293122,-10.204192,-0.1468595,-0.673001,1.1054808,0.13438639
2.2184458,-5.3799624,2.6350958,-1.2667445,1.772526,0.7550072
4.3561335,-9.153145,1.2152548,-0.19531842,0.7572979,-0.12583454
3.9756749,-13.639688,3.9038901,0.69774026,0.20875706,1.1264024
-0.26679972,-14.80559,-3.4387853,2.02221,-2.1601086,0.061084725
-5.0883374,-22.157837,-3.1372895,1.6433319,-1.3733374,-0.32130566
6.439086,-5.877969,-1.0280164,1.4368654,-1.7777182,-0.2907633
3.906283,-3.95055,2.5295126,0.0062611843,-0.69774026,-1.495354
-2.0264218,-3.900301,1.212862,0.72828263,-1.238951,-0.6377245
-1.4638093,-3.7328033,2.9557343,0.61222166,-0.37032616,0.6255076
4.8972106,-7.8314095,3.6789649,0.008704574,-0.40575528,0.5363239
6.8078794,-19.531414,6.5087767,0.8993199,0.3309265,-1.4452646
1.8233309,-12.238989,-0.02961118,-1.6332529,-0.8101362,0.6487198
-2.5196424,-6.5985074,4.145565,-1.1543486,0.43110546,-1.1923739
1.5816557,-13.627723,-1.9328024,-2.0376337,0.53006274,1.3682978
0.16660027,-1.5086746,3.2455647,-1.0260707,1.2068815,1.1569448
-0.36011982,-5.549853,0.18813568,-0.30160582,1.6100407,0.68292725
1.5840486,-11.456237,-0.38404804,-0.72309047,1.1555703,0.20280129
1.3277174,-4.0848475,2.0294127,-1.0883771,1.7212149,0.76722413
4.126423,-9.220144,0.95443714,0.21639264,0.8635853,-0.3164189
3.460919,-15.509379,4.6555357,0.334897,0.9625426,1.2314681
2.74038,-11.760125,-3.2760732,1.7215203,-2.0611513,-0.11850437
-4.4874396,-21.920649,-2.8259234,1.9218782,-1.2084086,-0.57663983
9.570692,-4.9752765,-2.102992,1.318361,-1.7288505,-0.6303944
2.1418753,-3.562913,2.1107686,-0.25151637,-0.698962,-1.4782504
-0.92512506,-3.7088752,0.57846487,0.84678704,-1.3831109,-0.32985753
-0.14955142,-4.065705,2.5127628,0.49005222,-0.6940752,0.9321529
7.0878396,-10.407582,1.8137596,0.19806722,-1.1644276,0.671932
3.7097723,-17.27618,7.600502,0.7783721,0.24662958,-1.4220524
-1.4709877,-20.972792,-2.5555346,-1.8592664,-0.83823514,0.8991672
2.2567308,-8.865707,2.2854447,-1.0101887,0.26495498,-0.17225893
-1.8637097,-12.64846,-2.0312073,-0.87946737,0.78661853,1.1593881
2.228017,-1.87029,2.0054846,-1.1360232,0.80860907,0.67804044
-0.18544376,-7.944171,1.2224332,-0.51418066,1.2924001,0.66704524
0.37956148,-9.478569,-0.43669012,-1.304617,1.2777398,0.687814
1.1243275,-3.100799,1.7802601,-1.3913573,2.168355,0.25044736
2.8791637,-10.666007,2.0461624,0.67941487,1.0346226,-0.108730815
7.126125,-6.3711896,1.4548361,0.9604046,-0.3141282,0.5436541
-0.9729815,-16.80928,-2.9982069,1.8143691,-1.0935693,0.12949961
-1.0998011,-15.514165,-4.721936,0.91031516,-1.302479,-0.08063184
8.062317,-2.4975085,0.29102704,1.1754228,-1.5333793,-0.96758205
1.9214365,-3.2395828,1.6007984,0.28236416,-0.8492304,-0.65604997
-0.42711884,-4.1015973,2.888735,0.79547584,-1.5492613,0.5546493
5.7137613,-8.30788,2.9270203,0.24204823,-1.0288194,0.54487574
2.0171494,-19.234705,6.894021,0.41919392,-0.5328115,-1.0042329
-0.10139586,-12.222239,-2.5316064,-1.2960652,-0.7111789,0.5570927
-3.30718,-4.6546383,1.4715859,-0.60702944,0.34680852,-0.86251634
2.443371,-15.971493,-1.7724833,-2.340614,0.49952033,1.0140065
-1.0256236,-3.8356948,3.0753753,-1.1824476,1.5037532,1.3511941
-0.60658056,-2.9548368,1.2702898,-1.1213628,1.6234792,1.0250016
0.68135625,-8.413164,-0.041575294,-0.3993414,1.8421626,0.4666873
1.1219348,-8.6192465,-0.44626144,-1.2789614,1.5966021,0.90161055
2.996412,-3.5198421,5.462515,0.04902049,2.2453218,-0.13438639
5.4167523,-12.468999,1.2535399,-0.220974,0.36024716,0.05131117
4.5933223,-5.65753,-6.093921,0.28358585,-0.7392779,-0.23578705
-2.5603201,-14.693128,-4.7748775,1.8840057,-0.6891884,-0.59252185
-2.8666015,-26.136803,-2.3135605,2.0038843,-1.0459232,-0.36039987
11.813964,-1.7769699,-2.2465613,1.7471759,-0.6610894,-1.1178505
-0.13040884,-3.1510484,2.6590242,-0.078035735,-0.79547584,-1.0970817
0.7890333,-2.4687948,0.6119644,0.8736643,-1.2218472,-0.24189551
5.206184,-2.4017956,4.3540397,0.3324536,-1.1522106,1.3047698
6.894021,-30.24498,6.1160545,-0.7731799,-1.5993508,-0.7342384
4.595715,-6.2105713,5.6180487,0.11987878,-0.8419002,-0.4446968
-4.8586264,-5.3009996,1.2535399,-0.06215371,1.0480611,-0.9785773
2.5845475,-18.544973,-0.36490545,-2.1451428,0.7756233,0.81120515
1.8687944,-2.0617158,2.6063821,-1.3473763,1.0175189,1.39151
0.48035914,-1.2669996,0.56410795,-1.1873344,0.8281562,0.52655035
0.43968117,-9.535996,-0.94666046,-0.15866758,1.1580137,-0.04886778
1.2918252,-9.358928,1.0788639,-1.5550644,1.2508625,0.72202146
2.7714868,-8.17149,1.6558332,0.07956286,1.1665655,-0.22967857
2.321337,-17.53969,4.042674,0.33123192,0.5984776,1.1031902
5.421538,-8.432307,-6.1968126,0.6293254,-1.8681237,0.023212196
-3.8554354,-17.22593,-2.5627131,2.1003983,-1.1790879,-0.5546493
3.9230328,-6.428617,-6.093921,1.3977712,-1.0972344,-0.087962
5.404788,0.03798606,3.5111682,0.45828816,-0.9738432,-1.9205037
-2.821138,-3.5988052,1.9262222,0.7979192,-1.1729795,-0.77333266
0.86560357,-5.1909294,2.335694,0.8834379,-0.73316944,1.0873082
5.5079784,-11.623734,3.1331022,0.09910997,-1.6164546,0.6059605
5.730511,-15.784554,4.852046,0.54625016,0.060932014,-1.2021474
-2.751746,-21.202503,-1.9881365,-1.1189195,-0.41797224,0.5595361
-4.877769,-3.167798,1.186541,-0.600921,0.7988355,-1.3682978
2.7212377,-16.127026,-0.23778675,-1.2899567,0.4909685,0.90894073
0.6837491,-4.2499523,3.1283164,-1.3547065,1.0737168,1.1752701
1.05015,-1.7937196,1.430908,-1.3449329,1.2032164,0.47279578
-0.19501504,-12.856636,-1.6265212,-0.17332791,1.1042591,0.23334365
1.4306089,-1.6522441,5.151149,-1.0859337,2.7034574,0.4495836
4.4018965,-13.572688,3.970889,0.6281037,0.8831324,-0.12949961
4.191029,-15.121443,2.1418753,0.05635066,0.7670714,1.1532797
-0.87248296,-9.971789,-1.4925231,2.161483,-0.48394373,0.025655584
0.37477586,-27.116064,-2.6656044,1.502837,-1.5297142,-0.5754181
4.253242,-6.5195446,-3.6783667,1.038593,-0.8443436,-0.3384094
2.75713,-1.2909278,3.3317065,0.19684553,-0.9457443,-0.9700254
0.87996054,-4.453342,-0.4869394,0.61955184,-1.8473548,-0.32619244
0.19531415,-5.131109,4.423432,0.8089145,-1.1253333,0.9736905
7.437491,-9.583853,1.4333007,-0.06215371,-1.6323366,0.1551552
4.5071807,-10.979766,4.9310093,1.0581402,0.015729317,-0.6206208
-0.34097722,-18.40619,-4.307978,-1.4732109,-0.22372282,0.599852
0.38434714,-7.6256266,3.2240293,-1.4292299,-0.08078455,-1.0188932
0.21684955,-13.199109,-3.1229327,-1.6491349,0.21120045,1.3792931
0.76749784,-1.5924234,2.9653056,-1.3314943,1.4170129,1.2632321
0.34606197,-5.298607,0.54257256,-0.820826,2.064511,0.6218425
3.2718859,-10.168001,-0.37447673,-0.97598124,0.99675,0.30053684
0.95653087,-3.8333018,2.4242284,-0.8061657,1.7908515,0.5815266
4.851747,-10.426724,1.6534405,0.1809635,0.7279772,-0.06230642
4.5765724,-8.578568,2.373979,0.26159534,0.27472857,0.891837
1.023829,-9.909575,-2.7493532,2.0894032,-1.3489034,-0.19669282
-2.5316064,-29.474192,-5.7490554,1.7874918,-1.4063231,0.3738385
12.000604,-3.3951163,-1.9016958,0.8736643,-1.7496192,-1.1264024
0.41784665,-4.2308097,3.4465618,-0.21120045,-0.63665557,-1.4208307
-0.3385844,-3.371188,1.1913266,0.83945686,-1.4576343,-0.27488127
0.4779663,-2.629114,2.6685956,-0.0132859275,-0.5511369,1.171605
6.1830535,-9.500104,1.727618,0.34711397,-1.2157388,0.35062632
5.5366926,-18.336798,5.682655,1.1082296,0.5154024,-1.3401989
0.5282156,-17.113468,-3.173182,-1.7810779,-0.91031516,1.0653176
1.0860424,-5.324928,1.7060826,-0.6461237,0.18187977,-0.8283089
1.0980065,-16.71596,-0.6329016,-1.9154643,-0.112548605,1.0579875
2.4385853,-2.3347967,2.4672992,-1.1873344,0.8758023,1.2473501
0.47078785,-2.6195426,0.97836536,-1.1018157,0.6058078,0.70613945
0.8632108,-9.268001,0.042173497,-0.5825956,1.144575,0.16859384
0.14506488,-5.973682,3.4585261,-1.2190984,1.5379606,0.42514968
4.351348,-9.452248,3.1785657,0.12110047,1.3400462,-0.05619795
5.3904314,-12.030813,0.66699934,0.45584476,-0.25670856,0.9309312
-0.85094756,-11.307881,-1.1452647,1.958529,-1.8766755,0.23456535
-6.6014986,-25.188646,-3.6254253,1.7190769,-1.3232479,0.018325418
7.262815,-4.2738805,-4.9256253,1.5761386,-1.5663651,-0.3567348
3.1040893,-1.5565311,3.7770705,-0.1525591,-0.7417213,-1.4196091
-1.84696,-3.2850463,1.0022936,0.95673954,-1.3806676,-0.4911212
-0.6305088,-5.0398827,2.4864419,0.7600467,-0.60000473,1.0567658
10.346266,-16.85235,2.0892332,-0.40178478,-1.9389819,-0.06474981
2.2160528,-11.231012,6.3122663,0.946966,0.3321482,-0.87351155
-3.3287153,-21.915863,-6.1824555,-1.0517262,0.20387027,0.08429692
0.17138593,-6.236892,2.996412,-1.464659,0.0413849,-0.6963659
-2.0048864,-12.372987,-1.0998011,-1.1800042,0.5398363,1.2656755
0.61435723,-1.2430713,3.2814572,-1.4231215,1.8140637,0.8845068
1.5936198,-8.181061,0.44925246,-0.16355436,2.09994,0.28465483
2.2208385,-10.287941,0.11156536,-1.8946955,1.169009,0.43981004
3.0490541,-2.0306091,3.3340993,-0.74508095,1.960667,0.16370706
4.243671,-14.123337,2.5414767,0.074676074,0.18432316,0.27243787
3.1998022,-11.824731,2.0581267,0.32878855,0.29916245,0.88084173
-2.1077776,-12.986148,-1.1835499,2.3264117,-0.69774026,0.1783674
-2.0383859,-26.34019,-4.212265,1.4344221,-1.710525,0.19547112
8.313862,-5.1260242,-4.3534417,1.6262281,-1.5883555,-0.4911212
2.0961127,-3.9768713,3.3053854,-0.14522894,-0.85411716,-1.5087928
-1.2026925,-4.182953,0.55453664,1.0117158,-1.5553699,-0.5754181
-0.077467635,-4.240381,3.1570303,0.4472929,-0.7392779,0.97246885
5.503193,-4.752744,3.9780676,0.21639264,-0.8883246,0.8893936
2.9198418,-25.669903,8.095817,0.2713689,-0.12476555,-1.5906463
6.5228343,-6.6272216,2.4864419,-0.9564341,-0.5865661,0.04886778
-3.522833,-8.719745,-1.5403795,-0.17943639,0.24662958,-1.4452646
1.2559328,-15.198013,-2.387738,-1.7114413,0.0193944,1.3292036
1.1003993,-2.5070798,2.702095,-1.2203201,1.640583,1.3243169
0.8153543,-4.362415,0.9137592,-0.81593925,1.960667,0.5619795
1.1530414,-11.080264,-0.71425754,-1.0089669,1.1885561,0.3103104
3.3197422,-3.4286158,4.5263233,-0.80738735,2.1659117,0.47523916
5.9674006,-9.485747,0.983151,0.406977,0.38223767,0.02687728
5.246862,-11.453844,6.4199433,1.0056072,0.29916245,1.3194301
0.8321041,-9.078967,-3.6520455,1.7202986,-1.4722946,-0.45202696
-6.9224358,-27.793531,-5.6533427,2.02954,-0.802806,-0.123391144
10.609776,-2.0162523,-0.7190432,1.1265551,-1.1742011,-0.9309312
5.2372904,-3.2324042,0.74835527,0.0697893,-0.39720342,-1.3206518
-0.54675996,-3.7280176,1.564906,0.63176876,-1.3195828,-0.15149012
2.4792633,-2.8325038,4.025924,-0.115908265,-0.962848,1.2216945
6.853343,-15.4471655,2.1634107,-0.3993414,-1.7471759,0.30053684
6.070591,-8.96142,7.339385,0.6659762,0.13056861,-1.0531007
-1.4733806,-11.776875,-4.475476,-1.5000882,-0.48027867,1.3206518
0.14745769,-6.8691955,1.8257236,-0.36513394,0.009620844,-1.5393351
4.1694937,-17.333607,-4.03729,-1.9557803,0.6497888,0.97124714
-0.6376872,-3.0290143,2.6590242,-1.0236273,1.2691879,1.9388292
0.5521438,-3.1606195,1.7443677,-1.1457968,1.8372759,0.8222004
0.99990076,-10.723434,-1.4470595,-0.89779276,1.169009,0.6890357
3.3604202,-6.713363,3.432205,-1.9826574,1.6747905,0.5827483
4.598108,-3.3137603,1.861616,0.21150586,0.9576558,-0.37139514
4.219743,-16.562819,3.6595232,0.8211314,0.005955761,1.1532797
-3.6137605,-16.727924,-2.091028,2.0881813,-1.4893984,-0.21013145
-6.51775,-24.322145,-2.1604197,1.9096613,-1.0092723,-0.37628192
7.856534,-6.675078,-6.6948185,1.7337372,-1.6702092,-0.3323009
0.9637093,-2.6961129,3.6595232,-0.50685054,-0.25426516,-1.5979764
-2.079064,-1.8966111,0.5401797,1.1057862,-1.0422581,-0.45691374
2.1562324,-6.632007,2.7379873,0.45706648,-0.6048915,1.4599249
10.104591,-14.623437,2.5031915,-0.29794076,-2.2101982,0.40560257
1.7204394,-9.373284,5.8357954,0.56946236,0.25395975,-0.74034685
-0.9849456,-9.464211,-3.5201411,-1.5599512,-0.8125796,0.731795
-1.8948164,-9.923933,-0.3290131,-1.1311364,-0.11132691,-1.5564388
-0.19501504,-10.637293,-1.7078772,-1.3302727,0.18432316,1.4550382
0.13070793,-3.4887354,2.0676978,-1.2349805,1.7102196,1.0421054
0.71724856,-5.2316074,0.7316055,-0.673001,1.9838792,0.7562289
2.8815567,-11.293225,-0.67836523,-1.0346226,0.91733986,0.63528115
1.9669002,-4.0704904,3.6403806,-0.6412369,1.976549,0.28831992
7.763214,-9.691829,2.146661,-0.47875154,-0.47905695,-0.16370706
1.0118649,-9.150752,0.1905285,0.554802,0.1317903,0.9468132
-3.2210383,-11.743376,-3.3311083,2.4754586,-1.2255123,0.0036650836
-4.62413,-23.821745,-2.8474588,1.763058,-1.0239327,-0.35062632
9.982557,-3.5700915,-2.969493,1.1839747,-1.974411,-1.1630532
-0.36251262,-3.65384,4.758427,0.07956286,-0.08933641,-1.6908252
-2.6775684,-4.3384867,-1.6002002,1.2890404,-1.0544751,-0.7281299
1.483251,-6.189036,3.1402807,0.03802524,-0.4924956,1.3133216
7.640881,-9.37807,3.0753753,-0.045049984,-1.1192249,0.50700325
-0.3696911,-13.823935,5.706583,0.34467056,0.5630485,-0.52532864
-3.2449665,-25.547869,-4.28405,-0.56427014,0.74508095,-0.9187143
4.796712,-13.134502,1.0118649,-1.1067026,0.069483876,0.4459185
-4.0591245,-10.237692,2.1801605,-0.66322744,0.7988355,1.767792
1.8927227,1.8933209,2.0605195,-1.112811,1.1201411,0.74401194
0.075673014,-10.759626,0.20727827,-0.37002072,1.3595933,0.45569205
3.3675988,-10.630115,1.7060826,-1.6222576,0.70232165,0.38361207
1.5047864,-4.19731,3.6427734,-0.68643963,2.036412,0.18203248
4.4928236,-12.322738,1.3109677,0.1357608,0.29549736,0.11850437
5.2277193,-5.688637,0.2551347,0.92986226,-0.37521294,0.52532864
-3.118147,-13.134502,-2.158027,2.4119303,-0.64398575,0.04031592
-0.46061835,-17.84597,-6.105885,1.502837,-0.6232169,0.2907633
7.4901333,-5.159823,-0.84855473,0.9652914,-1.8143691,-1.0274451
1.361217,-4.395914,1.753939,0.14431266,-0.26892552,-1.2400199
0.090029955,-3.383152,2.32373,0.51815116,-1.0703571,0.105065726
2.431407,-4.599603,3.1809585,0.009926268,-0.95307446,1.1166288
6.9466634,-23.534307,4.409075,0.11132691,-0.53892,-0.9749122
5.6443696,-9.210572,4.933402,-1.0505046,-0.5047125,-0.4459185
-5.7397833,-24.508785,-5.6581283,-0.7780667,1.9704405,-0.8869502
6.1710896,-11.853445,0.6358926,-1.2985085,0.14522894,0.57663983
0.01585245,-3.8907297,3.551846,-0.8721372,0.5398363,1.7567967
-0.2835495,-2.0665014,0.9807582,-1.3583716,1.3925791,0.62795097
1.6654046,-10.110573,-0.70947194,-0.4677563,1.6466914,0.37017342
3.3149567,-4.606782,4.5622153,-1.4451119,2.5177598,0.51799846
4.758427,-9.244072,0.51864433,0.5144861,0.42499697,-0.3591782
6.0080786,-14.034503,4.703392,0.12965234,0.45309594,1.0152282
0.8249256,-14.633008,-2.414059,1.8168125,-1.8216993,0.16492876
-6.3287168,-23.793032,-3.5536408,1.870567,-1.5700302,-0.083075225
10.142876,-4.8029933,-2.1005993,1.5627,-1.6689874,-0.28098974
2.62044,-3.0146575,2.522334,-0.22219568,-0.8089145,-1.3084348
-0.32183465,-3.749553,1.3181462,0.87855107,-1.1497673,-0.21623993
2.0147567,-5.008776,2.7834508,0.13942589,-0.85411716,1.2082559
11.217852,-15.731912,0.011066805,-0.5581617,-2.0245006,-0.03420745
5.9697933,-7.6423764,6.626025,0.950631,-0.5144861,-1.1740484
-8.571988,-32.02135,-5.686842,-0.9393304,0.18310146,0.41293275
-6.7091756,-7.6543407,-0.87248296,-0.4653129,0.65467554,-0.6242859
-1.6384853,-11.152049,-2.3925235,-1.0834904,0.512959,1.579651
1.1195419,-1.7985053,3.0705895,-1.3925791,1.0602782,1.4782504
0.69332033,-8.1738825,-0.3912265,-0.1965401,1.708998,0.4446968
1.5311074,-13.029219,-0.87248296,-1.4793193,0.8684721,0.7146913
3.7432718,1.5723835,2.0988045,0.3165716,1.960667,-0.37628192
5.706583,-16.79971,3.7818563,0.6843016,-0.61588675,-0.19791451
2.6156542,-3.1941192,-3.5225341,1.1815313,-0.1565296,-0.8295306
-5.7900324,-20.407785,-2.6201408,2.2384498,-0.3837648,0.27121618
2.6949165,-12.9547415,-8.322835,2.1211672,-1.3892194,0.59252185
6.096912,-0.36430725,4.188636,-0.19531842,-0.7380562,-1.7543533
-3.170789,-2.3946173,0.8129615,0.9775083,-1.3476818,-0.9309312
0.11156536,-4.9609194,3.4920256,0.8101362,-0.950631,0.5326588
7.7054873,-8.58814,3.3053854,-0.54105794,-1.082574,0.8564079
0.9445667,-18.82284,6.853343,0.3849865,0.38834614,-1.2901094
6.2644095,-8.271988,2.8671997,-0.45553935,-0.2261662,0.12827793
-6.3717875,-19.584057,-3.0846474,-0.53372777,0.56915694,-0.7146913
3.6547375,-11.324632,0.89461654,-1.4353384,-0.03436016,0.0219905
-1.7653049,-6.6798635,3.094518,-0.9564341,0.67055756,1.6480659
1.6965113,-1.3339987,1.7563318,-1.1335799,1.7932948,0.4850127
-0.33140594,-10.888839,-1.5427724,-0.22586077,1.3986875,0.69392246
2.7451658,-4.534698,4.8496532,-1.2117683,2.4432364,0.4422534
6.9825554,-11.647662,0.6622137,0.27625567,0.2625116,-0.38972056
4.9139605,-11.982957,6.250053,0.45950985,0.035276428,1.4929107
-0.7480562,-12.684353,-2.6823542,1.8009304,-1.522384,-0.35306972
-4.2720857,-24.350859,-4.5017967,2.3862748,-0.57679254,-0.03298575
6.910771,-5.3129635,-0.721436,0.8480087,-1.638445,-0.4654656
1.7180467,-3.426223,-0.68075806,0.1565296,-0.44240612,-1.1923739
-0.92512506,-3.546163,2.4601207,0.7172874,-0.94940937,0.008551862
5.3856454,-3.6849468,3.7387853,-0.0132859275,-1.3525685,1.3792931
10.023235,-20.802603,4.5502515,-0.8183826,-2.2431839,-0.81120515
4.351348,-5.53071,5.0937214,0.26892552,-0.6476508,-0.3567348
-5.09073,-14.843875,-1.3055838,-0.34558684,0.4909685,-1.6089717
5.7017975,-9.835399,3.932604,-1.7737477,-0.8724426,-0.32985753
-2.181955,-12.524034,-2.845066,-1.7199931,0.9857548,1.5662124
1.9549361,-2.303391,4.0977087,-1.2142116,2.8769379,1.111742
0.8560323,-6.6511497,-1.3677973,-0.15133741,1.9814358,0.687814
2.618047,-7.5346994,4.0067816,-1.5648379,1.4622157,0.36284328
4.322634,-4.264309,3.5374892,0.40575528,1.7175498,-0.335966
7.6456666,-12.909278,1.7252251,-0.500742,-0.3092414,0.008551862
0.27188447,-6.821339,1.8257236,0.2041757,0.28083703,0.8014316
-3.7716868,-14.69552,-4.401298,2.1871386,-0.6610894,-0.11850437
-3.5204403,-23.781067,0.6119644,2.2702138,0.0865876,-0.44103172
10.2673025,-2.0234306,-0.94426763,0.406977,-1.0166025,-1.8581973
4.7895336,-2.452045,2.9006991,-0.32970482,-0.46684003,-1.5185663
-3.4244282,-4.113561,-0.7692925,0.6452074,-1.4099882,-0.14049487
0.7507481,-5.4373903,2.2160528,0.2933594,-1.2609415,1.2339115
10.358231,-13.766507,4.5861435,0.019699825,-1.958529,0.28465483
2.5295126,-11.559128,8.232507,0.81624466,0.22708246,-0.7782194
2.8337002,-8.099705,-2.4044876,-0.9271134,-1.6079026,0.68292725
-3.675974,-6.701399,0.6693921,-0.9039012,-0.16141638,-1.4892457
0.57607204,-13.110575,-3.6927235,-1.8262806,0.060932014,1.4770287
-0.0846461,-2.0162523,3.1115668,-1.3131689,1.6100407,1.4183873
0.27906293,-2.8253253,-0.75254273,-1.0334009,2.220888,0.74401194
-0.13519448,-12.004492,-0.5300102,-0.63024163,1.0505046,0.69758755
4.449753,-4.9657054,3.4513476,-0.26862007,2.2477653,0.30664533
3.554239,-11.623734,2.5151558,0.21272756,-0.18340689,-0.09529217
3.740879,-12.049955,4.72732,0.1357608,0.8171609,1.53567
0.30059835,-13.258929,-5.1050873,2.3642843,-2.011062,-0.3811687
-3.6807594,-23.903101,-5.4499526,2.2066858,-1.038593,0.20280129
11.995818,-3.7710886,-1.884946,1.0801307,-1.4955068,-1.1740484
0.509073,-2.1047866,2.0868404,-0.11224318,-0.5596888,-1.315765
-1.9402801,-2.2555344,1.5529419,0.9738432,-1.2817103,-0.2003579
4.9692945,-5.6766725,3.7770705,0.39598173,-1.019046,1.3023263
11.854642,-22.46651,3.2240293,-0.5154024,-1.8681237,-0.28343314
6.111269,-6.8165536,6.4992056,0.3141282,-0.5095993,-0.5949652
-6.5081787,-26.273193,-4.607081,-0.4873034,0.5312844,-0.5570927
3.5422747,-13.163217,1.3277174,-1.256971,0.10613471,0.3323009
-1.8373886,-5.2962136,2.7523441,-0.9820897,0.71331686,1.9082868
0.27906293,1.8071793,3.3197422,-1.5428475,1.7932948,0.69758755
-0.08703893,-9.495318,-1.3151551,0.030695075,1.7932948,0.25899923
2.3452654,-12.873385,1.1961123,-1.80429,1.7529789,0.5570927
4.0235314,-2.0258234,3.839284,0.598783,1.9276812,-0.3323009
5.371289,-18.96641,2.3572295,-0.14156385,0.37124243,0.3323009
3.7719858,-4.8412786,-2.4595225,1.3696723,-1.198635,-0.32130566
-4.6695933,-18.571295,-2.5124638,2.1504877,-0.09666658,-0.13805148
2.8576283,-11.693126,-6.005387,1.534601,-0.66719794,0.24800399
6.0921264,-0.68524456,2.8983064,0.40819868,0.034054734,-1.7225893
-1.4997016,-4.3528433,0.9520443,0.3556658,-0.5511369,-0.7708892
1.7802601,-3.1701908,2.1107686,0.39476004,-0.97873,0.5974086
10.370194,-11.5352,2.0916262,0.09666658,-1.8058172,0.32619244
-4.9519463,-21.528225,5.3306108,0.37643462,0.9429954,-0.58763504
4.514359,-7.2711897,3.5303106,-0.43354884,-0.106440134,0.047646087
-0.31944183,-8.238488,0.2000998,-0.5667136,0.5825956,-1.3328687
0.99003035,-13.290036,-1.0591232,-1.9056908,0.1757713,0.81242687
0.5306084,-3.5772698,3.6355948,-1.1543486,1.4695458,1.5368917
-0.5706882,-2.5501506,0.36789647,-1.2777398,1.4109044,0.37628192
1.4641083,-11.597413,-0.58265233,-0.3773509,1.6112623,0.13927318
2.3955145,-2.5118656,3.5039897,-0.41766682,2.7584336,0.22845687
6.273981,-8.233703,2.539084,0.25793025,0.7756233,-0.19913621
4.7153563,-16.464714,4.4449673,0.26037365,0.4677563,1.491689
1.7060826,-11.575878,-5.2462635,1.9928892,-1.882784,-0.10750912
-5.536094,-26.926733,-2.5172493,2.1199455,-0.13087402,-0.22967857
10.652846,-4.592425,-0.51565325,1.2670499,-0.71362233,-1.1422844
1.6654046,0.04755735,1.8233309,-0.4885251,0.1281252,-1.5368917
-0.32422748,-2.0952153,1.4859428,0.918867,-1.0752438,-0.46057883
2.5893333,-6.684649,2.0509481,0.5438068,-0.8956548,0.9431482
11.924033,-16.79253,3.7890346,-0.29671904,-1.8571284,0.23334365
0.8344969,-6.929016,5.215755,0.6183301,0.1085781,-0.65116316
1.727618,-10.721042,-6.041279,-1.3852489,-0.5401417,0.9785773
-2.0958135,-6.905088,1.0022936,-1.1201411,-0.30313295,-1.4232742
0.12592229,-10.936695,-1.9423738,-1.7285451,0.30282754,1.5210097
0.2335993,-1.1829517,3.4752758,-0.88191074,1.5196353,1.271784
-1.3441681,-4.1781673,0.21684955,-0.8000572,2.0095348,0.47279578
3.353242,-12.284452,-0.017647067,-0.48608172,1.6515783,0.18447587
2.2304099,-3.4624143,2.714059,-0.9710944,2.652146,0.32374904
5.4406805,-11.001301,2.1323042,0.1577513,0.31993124,-0.4043809
4.720142,-8.604889,0.9089735,0.5792359,-0.072232686,0.96758205
-4.5951166,-14.659328,-2.495415,2.3386288,-0.4497363,-0.031764057
-1.5858432,-25.16711,-3.9942193,1.6140112,-0.94085747,0.092848785
7.693523,-2.1622143,0.37268212,0.8052494,-0.55358034,-1.4696985
-1.1045867,-2.9715867,1.1291132,0.16874656,-0.4705051,-1.3108783
0.039780676,-4.1111684,1.4811572,0.7576033,-0.8932114,-0.052532863
4.095316,-6.6511497,2.7355945,0.17118995,-0.61588675,1.2363548
8.079066,-17.19243,3.0346973,-0.27595025,-1.4295353,-0.046424393
6.855736,-7.604091,5.421837,0.70995724,-0.2701472,-0.8674031
-6.2398834,-17.077576,-1.9905293,-0.63512844,1.0065236,-0.8136485
2.7738798,-8.23131,0.5401797,-0.85869855,0.4384356,-0.14538164
-2.996113,-12.705888,2.2591236,-1.1616788,0.62779826,1.3585243
1.2463615,0.8925229,2.929413,-1.4499987,1.1616788,0.8222004
-0.7217351,-7.106085,0.40857446,-0.10124794,1.816507,0.6572716
2.0458634,-11.25494,0.4109673,-1.3559282,1.2899567,0.16859384
2.5319054,-3.67059,4.1694937,-0.42499697,2.3662696,0.029320668
6.206982,-10.704292,0.47078785,-0.381016,0.6852179,-0.23456535
2.591726,-10.642078,5.9437714,0.3849865,1.2252069,1.0970817
0.29102704,-13.888541,-4.6525445,1.8693453,-1.1815313,-0.26510772
-2.5268207,-24.338894,-2.44038,2.3435154,-0.74416465,-0.21868332
8.347362,-4.805386,-3.0726833,0.88710296,-0.8602257,-0.25411245
3.3149567,-0.5485546,0.4755735,0.22127941,-0.32023668,-1.4709202
-3.2425737,-4.170989,1.6366907,0.7233959,-0.6342122,-0.687814
2.1897318,-6.6032934,3.0634112,0.3092414,-0.9078717,0.90527564
11.370993,-10.876874,2.7044878,0.14797775,-1.5260491,0.53021544
-2.0240288,-13.596617,8.878867,0.6488725,0.18065807,-0.6621584
1.8089739,-12.847065,-6.6278195,-0.88191074,-1.0019422,0.571753
-3.0942187,-5.662316,2.6255248,-0.58503896,0.54472303,-1.6737214
3.7049868,-13.943576,-3.077469,-1.6955593,1.1702306,0.83075225
-1.2723835,-1.6307086,4.061816,-1.0602782,1.5355173,1.7812306
-1.2074782,-1.966003,0.3702893,-1.3412678,2.3088498,0.75256383
3.1136606,-14.88216,-1.7413766,-1.0859337,1.3595933,0.050089475
3.3412778,-3.4046874,3.8895333,-0.8672504,1.9814358,0.90894073
5.8597236,-6.672685,1.7036897,0.70262706,1.0016367,-0.59130013
1.7060826,-19.95285,5.4720864,-0.08292252,0.7792884,1.3988402
2.4553351,-5.9545393,-4.82752,1.6873128,-1.1021211,-0.5082249
-4.1404805,-22.78984,-3.3287153,2.2677705,0.25029466,-0.34696123
4.5430727,-7.752446,-6.321239,1.7972653,-0.2933594,0.06352811
5.151149,-1.9971097,1.7036897,0.28236416,0.06826218,-1.7775655
-1.7940187,-4.781458,1.4237294,0.40942037,-0.48150036,-0.919936
1.4497514,-4.819743,1.9935204,0.32390177,-0.61710846,0.26266432
7.7030945,-4.575675,3.6260235,-0.19287503,-1.4441956,1.2131426
6.9873414,-21.817757,7.049854,-0.74630266,-1.0960127,-0.8527428
5.6036916,-6.5458655,3.5470605,0.6684196,-0.17485502,-0.46424392
-4.6504507,-10.43151,0.27667013,-0.36879903,0.8684721,-1.2827792
2.1251256,-16.424036,-0.13250256,-1.9472283,0.046271678,0.6047388
-2.900101,-8.042277,3.2671003,-0.836708,1.2154334,1.3499725
0.65982085,-3.275475,0.60717875,-1.348598,1.4842061,0.67071027
0.9708878,-8.705388,-0.058325052,-0.3284831,1.708998,0.33963108
3.7935212,-3.7447674,3.8416767,-0.10246963,1.6430265,0.15882029
4.267599,-6.227321,3.5159538,0.81624466,1.3718102,-0.22723518
4.3779683,-18.224335,0.37986058,-0.42744038,-0.122322164,0.65482825
2.3285155,-4.1685963,-0.35533416,0.9848385,0.15744588,-0.50700325
-4.336692,-13.721044,-2.4499512,1.8485765,-0.6940752,0.25533417
-1.521237,-21.655045,-4.0683966,1.6555488,-0.14186928,-0.1783674
7.4566336,-2.4065814,1.7754744,0.90909344,-0.15164283,-1.5405568
-0.19980069,-5.727221,0.95682997,0.19440214,-0.6097783,-1.0628742
0.7363912,-3.9577286,1.2104691,0.2518218,-0.8064711,0.23212196
4.6268215,-5.3440704,3.6523447,-0.014507622,-1.0923476,1.3389772
8.220243,-15.839888,2.0054846,-0.37002072,-1.5052804,-0.4874561
6.88445,-8.863315,4.5430727,1.082574,-0.56946236,-0.5387673
-6.963114,-15.856637,-3.321537,-0.71820366,0.036498122,-0.63528115
1.7659031,-14.362618,-1.6648064,-1.8238372,0.36146885,0.53021544
-1.6097715,-6.914659,3.824927,-0.63268507,1.0761602,1.5087928
0.2000998,1.3426726,0.22642085,-1.0016367,1.4585506,0.4911212
0.8560323,-10.48176,-0.29072794,0.029473381,1.7664175,0.31886226
2.769094,-10.077073,2.55374,-1.8262806,1.4707675,0.5778615
2.821736,-1.7336,3.3460634,-0.31626618,2.0657327,0.067193195
4.121637,-14.644972,0.79860455,-0.31382278,-0.011147963,0.2699945
5.5893345,-5.3416777,-1.4638093,0.9885036,-0.7197308,0.05619795
-6.5440707,-17.142181,-3.7597225,1.8876708,-0.018478129,0.09651387
0.6454639,-15.346667,-7.1712894,1.6653223,-0.81135786,0.42881477
6.056234,-1.1829517,2.7212377,0.28114244,-0.106440134,-1.815438
-1.6336997,-3.9888353,1.1027921,0.46439663,-0.59145284,-1.1312891
0.21924238,-3.3113675,2.7332017,0.6940752,-0.5621322,0.02687728
6.4606214,-7.4916286,1.8161523,-0.15133741,-1.1644276,0.9626953
6.175875,-21.865614,4.389932,-0.50318545,-0.56824064,-0.83563906
4.6411786,-7.7213397,2.8624141,0.23716144,-0.5951179,-0.5546493
-4.0013976,-6.0023956,-2.6656044,-0.7548545,1.5135268,-1.5613256
2.1104696,-17.537296,-1.1620145,-1.8678182,0.5044071,0.94436985
0.2216352,-3.0026934,4.854439,-1.1909994,1.7700826,1.5710992
2.5031915,-3.4456646,0.698106,-1.1787825,1.7810779,0.7794411
1.8879371,-8.784351,0.7148558,-0.27717194,1.4658808,0.4495836
3.03709,-6.4740806,1.4042878,-1.380362,1.3608149,0.27732465
1.7156538,-4.1925244,3.8656049,0.4033119,2.120709,-0.48134765
5.8764734,-12.897314,2.9318058,0.2970245,-0.9359707,0.46057883
2.5989046,-8.633603,-0.73100734,1.1570975,-1.5089455,-0.43858832
-4.8705907,-14.305191,-2.0934207,1.8644586,-0.4240807,-0.35062632
-0.4534399,-22.200907,-6.5129642,1.6103461,-1.374559,0.16370706
8.725428,-3.1893334,1.4691931,0.69774026,-1.6323366,-1.2094775
0.85124665,-3.2730823,0.88025963,0.32023668,-0.6048915,-1.3463074
0.738784,-4.8675995,1.2966107,0.6659762,-1.0434798,-0.0452027
3.094518,-4.8843493,2.2974088,-0.20387027,-0.9078717,1.331647
5.215755,-19.363916,3.3412778,-0.69865656,-1.3489034,-0.24800399
6.8796644,-6.732506,6.8389864,0.6464291,-0.06490252,-0.41659784
-1.777269,-29.134111,-5.921638,-1.0028585,0.89412767,-0.4715741
1.9525433,-3.76391,2.4242284,-0.9429954,-0.626882,-0.15882029
-2.2728825,-14.925231,-0.67836523,-1.1030375,0.5544966,1.3096565
1.6773686,-0.8982058,2.4098716,-1.3119472,0.95276904,0.59374356
0.054137614,-8.612068,1.038186,-0.109799795,1.8470494,0.40682426
1.9788643,-10.522438,-0.15403795,-1.2068815,1.3119472,0.5827483
4.397111,-3.778267,4.449753,-0.33703497,1.7236582,0.571753
6.0009003,-9.035598,-0.317049,-0.46042612,-0.18340689,-0.15026842
2.6252255,-6.921838,0.5521438,1.1839747,-0.6562027,0.19547112
-6.2494545,-15.1023,-3.60389,1.8693453,-0.020921519,-0.20402299
4.0642095,-13.459927,-6.6445694,1.4564126,-0.92131037,0.54609746
11.595918,-3.6873398,1.1171491,1.3879976,-1.4246485,-1.2937745
-0.8748758,-5.7152567,2.2806592,-0.2405211,-0.39842513,-1.5161229
-0.3696911,-3.8165522,1.1195419,0.5633539,-0.7795938,-0.14049487
1.279861,-5.5450673,2.4553351,-0.09147438,-0.6134434,1.0995251
11.703894,-14.537295,2.5295126,-0.24540788,-1.2475028,-0.31886226
2.8073792,-11.676376,4.1168513,0.4924956,0.16721943,-0.7892147
-1.1500504,-22.275085,-1.8921245,-0.60825115,0.07559235,-0.49967307
1.0477573,-5.8803616,2.3955145,-0.76584977,-0.23838314,-0.92360103
-2.3279173,-17.417356,-2.1005993,-1.5941586,0.29183227,1.2302464
2.3452654,-1.2789637,3.1307094,-1.3180556,1.6625736,0.9541434
1.9669002,-7.185048,0.6837491,-0.78784025,1.7395403,0.72202146
3.0634112,-8.312666,0.45164528,-0.7316423,0.7475243,0.23945212
1.4617156,-6.2177496,2.2998016,-0.88557583,1.2129899,0.5619795
5.0195436,-6.984051,0.26470602,0.14675605,0.28450212,-0.15149012
4.1718864,-18.662521,3.4274194,0.15286453,0.005955761,0.7134696
3.3628132,-7.4916286,-2.6536403,1.1155598,-1.4784031,-0.19547112
-4.226622,-13.646866,-3.3957145,1.9597508,-0.290916,0.08429692
0.41545382,-15.8925295,-5.148158,0.902985,-0.902985,0.27610296
8.17478,-2.978765,2.1275184,1.1448805,-0.84312195,-1.4428213
-0.18305093,-6.1603217,1.3325031,0.4301892,-1.0935693,-0.9382614
-0.48454657,-5.291428,1.2296118,0.57312745,-0.9885036,0.05375456
1.6941184,-5.4780684,3.2144582,-0.35902548,-0.66353285,1.1080769
9.168399,-12.602997,0.8874381,-0.27228516,-0.94940937,-0.03787253
5.4023952,-11.714662,6.283552,0.99461204,-0.3092414,-0.82708716
1.5601203,-20.364716,-5.002196,-1.7261016,-0.3849865,0.41415444
-0.47736812,-3.493521,1.7587247,-0.78784025,-0.023364907,-0.57663983
-1.4446666,-15.056836,0.6454639,-1.1836693,1.0908206,1.3292036
3.0179477,-1.9540387,2.3189442,-1.2337588,1.4939797,0.6145123
2.225624,-6.076573,0.7722835,-0.11224318,1.8983606,0.41904122
1.7946169,-10.967802,-0.37447673,-0.21364383,0.74141586,0.2663294
3.661916,-6.5889363,1.0549357,-1.0627215,0.8098307,0.79165804
2.6132615,-8.535498,0.29341987,0.029473381,0.13545538,-0.0684149
0.91346,-15.4878435,2.7954152,0.4265241,0.06826218,1.0152282
2.4505496,-6.7779694,0.12592229,1.3464601,0.10124794,-0.30053684
-5.7637115,-20.192133,-1.6073786,1.9023311,0.27839363,0.4422534
5.7400823,-9.143574,-3.225824,1.2731584,-1.4955068,0.54854083
8.114959,-7.137192,2.1275184,1.1913049,0.10613471,-2.2821255
-1.2194422,-6.064609,1.7754744,0.3361187,-1.6689874,-1.3340905
-0.6978069,-6.608079,2.228017,0.43629766,-1.1204466,0.06230642
0.76271224,-6.5051875,2.472085,-0.14278555,-0.48516545,1.0213367
6.829415,-6.9074807,3.4633117,-0.3052709,-0.33123192,0.7562289
1.7563318,-15.751054,7.0857463,0.04535541,-0.11132691,-0.4422534
6.314659,-15.6720915,-2.9120653,0.43751934,-0.39964682,-0.44836187
-1.3393825,-11.592628,1.4066806,-0.6485671,-0.67819315,0.3542914
-2.6919255,-10.943873,-1.2960125,0.38742986,0.1281252,1.3780714
1.3133606,-8.489735,2.9389844,0.32512346,0.2673984,1.8508672
1.4258232,-10.034002,2.7595227,-0.010842538,-0.07834116,1.899735
-1.9761724,-10.934302,2.7930222,1.0300412,0.47019967,2.1672862
3.8440695,-12.085848,1.8975084,1.5492613,-1.3379083,1.1092986
10.183554,-5.075775,4.0761733,1.2120737,-2.425369,0.10017895
9.201899,-3.3687952,7.923533,1.3098092,-3.2011452,-3.4208972
8.447861,-4.0154557,8.35454,0.035581853,-1.342795,-5.670037
4.7823553,-16.835602,9.6783695,0.774707,1.3938007,-8.064711
6.1854467,-18.198015,10.834701,2.2604403,2.9514613,-6.1636014
5.407181,-11.295618,4.8065825,3.6226296,4.2197328,-3.2950628
6.1854467,-4.9585266,4.8855457,2.9678013,1.8507144,-3.5051942
3.2165518,-2.4831517,4.3372903,2.1578178,2.2538736,-3.24986
2.646761,1.1895319,6.125626,1.2597197,0.6913264,-2.351762
1.6821543,2.134996,6.707381,1.0544751,1.772526,-1.3047698
1.023829,2.067997,6.97777,0.7808155,4.0254836,-0.4227063
-3.3119657,5.7335024,2.7212377,-0.5251759,0.47875154,-0.36773005
-0.8461619,6.399006,12.024532,-0.15622419,0.27228516,1.1141855
-1.561915,3.4016964,5.4433722,-0.56915694,-1.3256912,-0.16492876
-0.060717873,2.7095726,10.782059,-1.3229425,-0.67452806,1.1642749
2.5127628,3.490231,12.51536,-0.19531842,-0.6452074,0.26510772
-0.78394854,3.9116669,9.894023,-0.0645971,0.23563433,0.6450547
2.6252255,3.772584,11.902498,-0.016951011,0.6094729,0.7550072
-0.6978069,3.4926238,8.847761,0.097888276,0.704765,0.039094225
2.6802604,3.2650065,12.0894375,0.007482879,0.7316423,0.7366818
-0.07507481,3.9547377,9.029615,0.025808297,0.64001524,0.8441909
1.4449657,4.6202416,9.307482,0.61222166,-0.23960483,0.9309312
2.7044878,4.08395,8.021639,0.11987878,0.3113794,0.21501824
-3.7812579,4.0624146,8.548359,-0.5935908,-0.25793025,0.41537613
1.5720844,4.9313083,8.105388,-0.4811949,-0.48394373,0.8441909
1.6582261,4.2610188,7.100103,-1.0627215,-0.26403874,0.6694886
3.106482,3.6840496,9.34816,-2.5116513,-0.79669756,0.41048935
1.3707882,1.0073783,9.515657,-3.5649047,0.0035123718,-0.21623993
3.5207393,-3.0936205,9.788439,-3.454952,-0.8296833,-0.62795097
1.428216,-3.7998023,14.231911,-1.5868285,1.012632,0.13927318
0.91585284,-1.5972091,10.700703,0.16752486,0.76340634,0.8686248
0.7938189,-1.3435699,11.857035,1.7251854,-0.0062611843,0.19424942
1.2607185,-0.24227329,8.713464,0.68307996,1.272853,0.81487024
-0.12801601,0.21266212,9.175577,1.3171394,-0.12598725,0.6572716
-0.027218357,1.0360922,8.72812,0.6342122,0.21608722,0.4874561
0.85842514,2.1831515,8.505288,0.74538636,-0.07345438,0.29442838
1.1650056,2.379363,9.00808,0.39842513,-0.1369825,0.020768806
0.46121657,1.8095721,9.355338,0.14675605,0.03283304,-0.1563769
-0.2620141,1.2014961,9.870094,0.07711947,-0.039246935,-0.24678229
-0.78634137,1.0025927,9.391231,0.19928892,-0.08689302,-0.19180603
0.21206391,1.5508481,9.72144,-0.22463907,-0.38865158,-0.05375456
0.5282156,1.3498511,9.81476,-0.38956785,-0.18462859,0.029320668
0.60000026,0.93559366,9.927522,-1.0077453,0.26128992,0.108730815
0.4851448,0.18873389,10.865808,-0.43721393,-0.2664821,0.023212196
1.3923237,0.6771688,11.284851,0.62077355,0.2869455,-0.16737215
0.3819543,1.2541381,9.675977,0.83457005,0.0022906773,-0.5803049
0.5832505,0.76331043,10.750952,1.1632059,0.08047912,-0.6303944
1.0764711,-0.52223355,10.762917,2.381388,0.7744016,-0.41048935
-1.1596217,5.1493545,5.6132627,0.68674505,-0.3605526,0.11972606
1.4497514,4.8786664,9.498908,-0.32237464,0.20875706,-0.49722967
1.468894,2.2932215,9.017652,-0.4909685,0.46042612,-1.2094775
-0.9514461,4.751847,8.778369,-0.41522342,1.2936218,-1.4965758
-2.0001006,0.4423731,9.573085,0.11743539,-0.051463883,-0.5094466
-2.4909284,2.0871396,10.552348,0.290916,0.031611346,-0.30664533
-2.4789643,2.6808586,9.22822,-0.16844113,0.45431766,-0.21379654
-2.8905299,2.6712873,7.665108,-0.0132859275,-0.34100547,-0.1331647
-1.4159528,2.7768707,10.054341,0.37887803,-0.20661908,0.018325418