lsm6dsv_accelerometer.x,lsm6dsv_accelerometer.y,lsm6dsv_accelerometer.z,lsm6dsv_gyroscope.x,lsm6dsv_gyroscope.y,lsm6dsv_gyroscope.z
-2.1355941,2.9569306,9.839885,-1.0306823,0.019394971,-0.28313604
-1.6169499,2.6027927,9.652647,-0.9275989,0.44868052,-0.08246681
-2.533401,2.841477,7.960921,-0.14828753,3.0356948,-0.2658791
-2.533401,2.841477,7.960921,-0.14828753,3.0356948,-0.2658791
-4.000201,0.39601216,6.1794643,-0.014813482,-1.3055718,-1.4807373
-4.063611,1.1001002,5.8821564,-0.39935315,-1.1691961,-1.5430456
-5.884549,1.6438692,10.406984,-3.3127222,-2.4584272,0.96852684
-1.1521441,-1.591227,9.732208,-1.2151637,-4.5355215,1.4043792
-0.25184458,-0.14297116,10.479965,0.50823987,-1.0433578,0.049021937
0.11365908,-0.2835495,10.155738,1.454012,-1.7305813,0.3491095
0.012562319,0.5054838,9.762118,1.4761559,-0.5697846,0.26083946
-0.06460621,0.6197411,9.769895,1.357648,-0.60246587,0.301462
0.5419743,1.6049858,9.210572,-0.3126103,-0.45051312,-0.008399397
0.6622137,0.96909314,9.626924,-0.7086037,-0.34162638,-0.17745635
0.086141616,0.76271224,10.147363,-0.47571132,-0.43753225,0.036193766
1.1694921,1.5936198,11.193027,0.97142845,-0.21533,-0.643852
0.09750752,1.5230316,10.165309,1.7476854,0.45341474,-0.26343563
1.7204394,1.0983056,9.374481,-0.39400807,1.4807373,-0.05375614
-0.64845496,0.5204389,10.962717,0.065973446,2.2159138,-0.89736104
-0.25722843,2.2468605,11.864811,2.294868,-0.83459467,-0.397826
1.1192428,2.0685952,8.09133,1.7168368,-2.0091357,0.29779682
3.0263224,3.5838501,9.503095,-0.059101213,1.5343407,0.16279559
1.2640085,3.6921253,9.769895,0.9421069,0.5684101,-0.0065668016
0.06520442,3.7016966,8.2348995,0.9272934,0.2855795,-0.044898596
0.16331014,4.0911283,8.438289,0.42730024,-0.009315695,0.04062254
0.2009971,4.077968,8.55793,0.38744128,-0.2134974,-0.09636399
0.83090764,4.59063,8.527422,0.22785273,-0.37216964,-0.112399206
0.58683974,4.7174497,8.375478,0.23609942,-0.44318274,-0.13194689
-0.19860429,4.5128636,7.681559,0.21044308,-0.07467828,-0.031612277
0.53359944,4.7174497,7.420741,0.3275765,0.8339838,0.12996158
-0.07537391,4.8006005,8.7164545,-0.06627888,0.79045963,0.20204368
-0.4779663,5.5226345,8.348558,0.37705657,0.18402316,-0.18646662
0.1381855,5.325227,7.616953,0.21319197,-0.39461896,-0.047494773
0.0849452,5.4789658,7.6773715,0.057726767,-0.40958515,-0.010995574
-0.21355942,5.595616,7.96451,0.1815797,0.34009922,0.13607024
-0.58504516,5.884549,7.3375907,0.09056077,-0.049785517,0.18219055
-0.54257256,5.7062836,7.6402826,-0.2133447,-0.14340061,0.24648413
-0.51565325,5.4311094,8.286943,-0.12370021,0.026572637,0.2611449
-0.27158538,5.4640107,8.189436,-0.063682705,-0.08903361,0.31047225
0.015553347,5.27079,8.394022,-0.080634214,-0.17486018,0.21670444
-0.05623133,5.460421,8.248658,-0.08750644,-0.10140363,0.1656972
0.0065802624,5.3647084,8.226524,-0.09315695,-0.24281894,0.18127427
0.27936205,5.2456656,8.196614,-0.05665775,-0.13561209,0.21120666
0.47198427,5.239085,8.007581,0.08811731,0.06352998,0.17180584
0.30867413,5.1738806,8.183454,0.047800206,0.18371773,0.088422745
0.20279172,5.06082,8.392825,0.021991149,0.40653083,0.081397794
-0.09990034,5.224728,8.579466,0.102319926,0.15653422,0.023060163
0.18843478,5.3982077,8.170891,0.116980694,0.022449298,0.094531395
0.55812585,5.220541,8.013563,0.016646078,-0.08475755,0.11682798
0.6346962,5.2307105,8.033304,-0.13072516,-0.21456642,-0.008093964
0.54317075,5.198407,8.180463,-0.012980887,0.06734789,0.03772093
0.3900301,5.1176496,8.274979,0.048258353,0.10552697,-0.074830994
0.14536397,5.4346986,8.045866,0.0030543262,0.19883664,-0.070249505
5.98E-04,5.305486,8.513064,-0.047800206,0.13515393,-0.042455133
-0.20458634,5.587839,8.150552,0.031154128,0.07803804,-0.017104227
-0.28594232,5.4412785,8.303693,0.02611449,0.1777618,0.04337143
-0.4869394,5.549554,8.228917,0.072540246,0.15653422,0.11927144
-0.19501504,5.4167523,8.228319,0.15836681,0.12568553,0.18081611
-0.022731815,5.7116675,8.032107,0.17379116,0.15057829,0.19379699
0.39900318,5.45085,8.163115,0.10399981,0.054367006,0.19761491
0.45583272,5.3425746,8.29771,0.1330159,0.13912456,0.044135015
0.2739782,5.2666025,8.411369,0.27565295,0.2144137,-0.027488936
0.18005991,5.480162,7.8071823,0.32528573,-0.032528576,-0.09911288
0.20578274,5.5669017,7.4153576,0.19410244,-0.004276057,-0.12415836
-0.13938192,5.5669017,7.493124,0.07727446,0.06291912,-0.17027868
-0.44626144,5.762515,7.5409803,-0.0067195175,0.2218968,-0.14966199
-0.6975078,6.013163,7.789236,0.01740966,0.23411411,-0.08903361
-0.75553375,6.2470617,7.8059855,0.037110064,0.1600467,0.070554934
-0.401396,6.181259,7.795816,-0.034513887,0.122783914,0.321926
-0.23808585,6.114858,7.783852,-0.031154128,0.25121832,0.3417791
-0.16211374,6.035297,7.975876,-0.0729984,0.27488935,0.32925636
-0.24466611,6.0514483,8.156534,0.011453724,-0.0032070426,0.2593123
0.025124637,5.938986,7.8352976,0.0355829,-0.11255192,0.35353827
0.25663024,6.096314,7.283154,0.043218717,-0.13713925,0.33200526
0.49112684,6.040681,7.3573313,0.0032070426,-0.056352317,0.30268374
0.6735796,5.916254,7.312466,-0.122478485,-0.06734789,0.26374108
0.70648086,5.8893347,7.4853473,-0.19792034,-0.06307184,0.13576481
0.715454,5.9473605,7.542177,-0.08857546,0.06169739,-0.017104227
0.41694933,6.1591253,7.73779,0.010079277,0.119729586,-0.06169739
0.31585258,6.273981,7.7736826,0.030085113,0.06566802,-0.025503624
0.35653058,6.1842504,7.431509,-0.06505715,0.02611449,0.02733622
0.35653058,5.695516,7.7742805,-0.24144448,0.15439619,-0.03573562
-0.37268212,5.7553368,8.176275,-0.12660182,0.15225816,-0.27412578
-0.23808585,5.669195,8.145168,-0.029168816,0.11927144,-0.05681047
-0.30508488,6.1328044,7.6923265,0.056046885,-0.018784106,-0.1423316
-0.506082,6.198607,7.6749787,0.058337633,0.16737708,-0.024587326
-0.6861419,6.337391,8.182856,0.1704314,-0.1966986,0.236863
-0.12622139,6.248258,7.2442703,0.09560041,0.09666943,0.3297145
0.124426775,5.7188463,8.258229,-0.23900102,0.031306844,-0.25900686
-0.061615184,5.907281,8.01117,0.1217149,0.03313944,-0.16493362
-0.029910283,5.8157554,7.468598,0.110413894,0.27840182,0.082161374
-0.0849452,5.730212,8.031509,-0.013897184,0.10781772,0.13209961
-0.13339986,5.5226345,8.304889,0.024281893,-0.0786489,0.03023783
-0.46121657,5.588437,7.7850485,0.2144137,0.094989546,0.03756821
-0.317049,5.582455,7.6678,0.118966006,0.06658431,0.10369437
-0.078963146,5.638088,7.8891363,0.13179417,-0.0067195175,0.16447547
0.11306087,5.6793647,7.6426754,0.103847094,-0.005497787,0.1133155
0.22851457,5.6410794,7.606185,0.025350908,0.02565634,0.06765333
0.1896312,5.7074804,7.6145597,-0.11071932,-0.026725354,-0.03756821
0.0735793,5.7009,7.895118,-0.118966006,0.06612616,-0.09636399
-0.19740787,5.682954,7.596614,-0.05421429,0.096516706,-0.16249016
-0.5665008,5.5447683,7.774879,-0.19440787,0.041080687,-0.1459968
-0.62452674,5.745765,7.8107715,-0.17379116,-0.15454891,-0.10888673
-0.4438686,5.729016,7.999206,-0.22831088,-0.3266602,-0.06734789
-0.5102694,5.8564334,7.816155,-0.11499538,-0.21594086,0.04444045
-0.5204389,5.715855,8.127222,-0.19120082,-0.17379116,-0.0013744468
0.04127619,5.8265233,7.573882,0.04138612,-0.08170322,0.053450707
0.018544376,5.411967,8.63151,-0.14126259,-0.40042216,0.12996158
-0.04007978,6.2584276,8.228319,-0.05681047,-0.3819435,0.06887506
-0.1160519,6.1770716,8.261818,-0.081855945,-0.45234573,0.11133019
1.198206,5.6069818,6.8339014,-0.2678644,-0.4166101,-0.31444287
1.0851451,5.343173,7.7413793,-0.5377141,0.02733622,-0.5564982
-0.12921242,6.0981083,7.990233,-0.5676465,-0.40317106,-0.35262197
0.7423732,4.118646,10.529616,-1.0238101,-0.42531493,0.19639318
1.6133606,3.9948175,8.458628,-0.122783914,0.16920967,-0.055283304
0.8135597,4.624728,8.116454,-0.15958855,-0.049938235,-0.29550606
1.1156535,3.5156546,8.915657,-0.2133447,0.55955255,-0.2950479
-0.3080759,3.958925,10.099506,-0.024892759,0.43997568,-0.2321288
0.87338024,4.008576,9.075976,-0.11759156,-0.2406809,-0.12935072
0.79920274,3.932604,8.65125,-0.16432275,-0.35002577,-0.05955936
2.2642083,3.5587256,7.72463,-0.14813483,-0.19700404,-0.2677117
0.82731843,3.1555347,8.356933,-0.4240932,0.713796,-0.082161374
0.61076796,2.8438697,8.815159,-0.6241516,0.47510046,-0.17608191
2.2845473,4.1222353,9.06162,-0.18035796,-0.5804747,-0.259465
2.6446671,1.9788643,7.3776703,-0.3840815,-1.399645,0.1339322
3.5150564,0.023330022,7.9746795,-1.0453432,-2.3041837,0.41126502
5.1296134,-0.8985049,6.2087765,-0.79412484,-3.9936843,1.3090842
2.5836504,-1.3794622,6.6011996,-1.7502817,-3.3008103,2.3058636
1.8652053,-5.642276,4.9178486,-1.7374535,-6.129575,3.7664423
2.4969103,-7.243074,2.0153549,-1.2139419,-5.046205,4.5846963
9.029316,-11.683555,2.1708884,-2.9153545,-1.982105,6.4748664
15.139987,-11.773286,10.54517,-1.3426818,0.9718866,4.0204096
14.234902,-10.293324,10.615159,-0.036957346,1.7905988,2.3764186
10.729417,-7.728219,3.8817565,0.7350236,3.8348594,1.0662653
8.830113,-6.1597238,2.541776,-2.132836,3.0144672,-0.4636467
7.222137,-9.705887,3.4396825,0.6403395,0.35460728,0.48472157
2.6392834,-8.481958,3.2626138,-0.23579398,1.2782356,0.40882155
2.6021945,-9.845867,4.016951,0.1769982,0.41615194,0.46868637
2.641078,-10.228719,2.1355941,0.2706133,0.41584653,1.212873
3.4695928,-8.231908,0.38703907,-0.47036624,0.7244862,0.7189884
-1.8681962,-8.557332,1.2783655,-0.1910481,1.7438675,1.877647
-1.4488541,-9.3816595,3.269194,-0.35903606,2.0457878,1.3663528
-0.95353985,-4.770092,1.2155539,0.22327125,-0.06658431,1.0033462
-1.4727824,-6.2901325,0.86859465,0.11407909,-2.24325,-0.09743301
-0.17108682,-7.600801,1.8041883,-0.81107634,-1.6203201,-0.46471575
2.2169502,-8.418549,3.4773695,-0.74174315,0.021533,-0.042760566
-0.7746763,-9.498908,1.439881,-1.4188873,0.57436603,-0.97494096
-0.46061835,-13.743775,3.1555347,-0.8542951,0.29184088,-0.8312349
0.19082761,-12.432508,0.81894356,-0.054367006,0.40210205,0.4868596
0.41994038,-11.732608,1.4219348,-0.38560867,0.6600399,1.1145236
-0.9762716,-12.412169,1.727618,-0.6815729,1.1032226,1.547169
-3.2973096,-11.824731,0.3714857,0.044593163,0.7099781,1.421178
-1.7587247,-8.885149,-3.7339997,0.27305678,-1.6598736,0.6062838
-1.878964,-8.388638,-1.8921245,2.8231137,1.1794281,2.2111795
-2.352743,-8.365906,1.3956138,0.7910705,0.26083946,0.12705997
-2.0380867,-6.5665035,0.17288144,0.58368176,-0.05009095,-0.053603426
-1.8574286,-7.804191,-0.79860455,-0.093767814,0.43371433,-0.72173727
-2.6691937,-9.6993065,1.4739788,0.25579983,-0.95569867,-0.76342887
-0.12263216,-8.324032,1.218545,0.17501289,-2.0314324,-0.95905846
-0.2955136,-5.002196,0.799801,-1.4804319,-1.9741638,-2.1771238
-2.312663,-9.973285,5.436493,-1.6508633,-0.97158116,-3.2192597
-0.70169526,-14.534005,7.27777,1.3422236,-1.8477147,-2.5071437
0.8392825,-16.183855,5.3976097,3.149163,-1.6357445,0.087964594
3.8183467,-11.054841,-7.9304123,0.6759224,-2.1299343,1.6245961
2.9341989,-12.439089,0.41336012,-0.12308934,-0.5885687,0.1049161
3.5940197,-9.845867,3.784249,-0.064751714,0.2854268,0.37415496
3.2368908,-6.6574306,-0.2434697,-0.73991054,0.46211955,0.3475823
0.31764722,-7.596614,1.6564314,0.13072516,-0.5132795,0.08689558
0.99003035,-9.292527,2.4544377,-0.24281894,-0.15210545,0.8750645
-0.56530434,-10.636097,0.506082,-0.345597,2.7079656,2.1636846
-0.49651068,-7.926823,-1.0271192,-0.016646078,0.88208944,1.5500705
-0.45583272,-7.1886373,2.036292,0.27366763,-0.029168816,0.8518516
-1.3674982,-9.039486,3.0478578,-0.16661349,0.34773505,0.85047716
-2.2390838,-8.09791,1.4279169,-0.034055736,0.032528576,0.17470746
-2.4562325,-8.653643,2.2462623,-0.6985244,0.20952678,-0.076052725
-1.8137596,-7.318448,0.85902333,-1.6232216,-0.060170226,-0.9399689
-0.4642076,-13.479966,0.45224348,-1.4727961,-0.72692966,-2.2618814
1.9884356,-10.629517,-1.3908281,-1.4737124,0.40866885,-1.1429288
0.42412782,-9.6173525,-0.15014961,-0.40042216,-0.49602258,-0.58123827
0.023330022,-11.120045,-0.2620141,1.0914634,-0.97692627,-0.0047342055
0.50009996,-9.403194,-0.25124636,1.9888245,-1.6980526,0.8231409
-0.0047856453,-9.429516,1.4668003,0.2134974,-0.65500027,0.3107777
-0.43489552,-10.110872,0.8566305,-0.14752395,-0.1366811,-0.007941248
1.1066805,-8.250452,-0.82612205,0.78877974,-1.3519975,0.24297164
-0.6963114,-11.020144,2.1972094,0.8688031,-0.80970186,0.35170567
4.872385,-5.233701,3.0179477,-0.3904956,0.41233405,-0.26267207
0.34396824,-8.789435,-0.032901313,-0.98792183,1.3426818,0.37400225
1.3770695,-9.38824,3.795615,-1.5716035,0.99280876,-0.15347989
10.077373,-2.3742783,-0.084346995,-1.1884383,0.7305948,-2.955977
1.3429717,-18.57668,0.7298109,-1.3660474,-0.30680707,-0.55970526
2.9862428,-13.754542,-1.5804594,-0.65209866,-0.13637567,-0.5395467
3.798606,-11.404193,-0.024526432,-0.18860464,-0.08903361,-0.27550024
5.0123653,-10.451849,-2.5435705,-0.83260936,2.0237966,-0.36926803
-0.46301118,-8.154739,-4.136592,-0.4364632,-0.2406809,-0.301462
0.90388876,-9.647861,-0.46002015,-0.30497447,0.32925636,0.037110064
0.5455636,-7.220342,-1.3698909,0.07971791,0.50533825,0.6388123
2.6321049,-10.070792,-0.20937198,1.476614,0.49357912,0.030543262
2.1008983,-9.28475,0.1369891,0.02443461,0.34101552,0.25167647
1.8933209,-8.313862,-0.17347965,0.027794369,0.4457789,0.31948254
2.056033,-9.232706,0.56590253,0.099571034,0.30100384,-0.33460143
2.3958137,-9.681958,0.93559366,-0.08781188,0.19364429,-1.1636983
2.958127,-10.419546,2.0781665,-0.7968737,-0.23823744,-1.059393
6.006583,-14.87558,0.21595225,-1.7835737,-0.25228736,-0.9896017
4.5158544,-10.369895,-1.8909281,-0.28008172,0.08002335,-0.5375614
2.2755744,-9.417552,-4.494319,1.0149527,0.8770498,0.46013424
1.0600204,-7.616953,-3.7908292,2.4564419,0.97310835,0.61254513
5.725426,-12.241082,-0.12203395,2.702315,-0.54137933,0.24129178
3.2763724,-6.4360948,0.32362926,-0.6033822,-1.0206031,-0.311694
3.3373895,-5.748158,1.2017952,0.6036876,-0.95478237,-0.2443461
3.7710886,-9.042477,0.99302137,1.6667458,-0.6020077,-0.19364429
2.562115,-6.3972116,3.8327036,1.3903292,0.3379612,0.91446525
2.0237298,-13.046865,3.3960135,-0.35705075,0.5888741,1.5358679
3.6382868,-9.944571,2.5208387,-1.0789407,-1.0228939,0.118966006
3.9942193,-12.422937,3.1304102,-0.43203443,-0.5164866,0.0035124752
6.2805614,-14.840286,3.106482,-0.0926988,-0.41691554,-0.3361286
0.28893334,-10.118649,-0.54376894,-0.84559023,-0.5691737,-0.18005253
-1.9411774,-1.7413766,-1.933999,-0.1339322,-0.20662516,-0.12018774
-0.6239285,-13.424932,-0.18424734,-0.4071417,0.6968445,0.6073528
1.2287145,-7.275975,1.0097711,-1.1301007,1.2669345,-0.27763826
3.2596226,-7.0672016,0.33738798,-0.59498274,1.3035865,0.17547104
3.0915267,-9.2285185,1.2113664,-0.50228393,1.1954633,-0.035888333
4.0761733,-8.584251,0.83030945,-0.9947941,0.5714644,0.081397794
3.8027935,-9.707682,0.8596215,-1.0873401,0.038026363,0.61666846
1.18684,-9.467203,3.5653057,-0.5131268,1.0464121,0.3559817
4.944768,-12.506087,0.32542387,-0.38545597,-1.1779009,0.11224649
-0.55453664,-6.954739,-1.7557336,1.9727893,0.45830166,0.9095783
-1.0007981,-9.717851,-0.2835495,3.2330043,-1.6207782,0.19379699
6.2285175,-21.02992,-4.846064,1.9498819,-0.2405282,-0.43264532
4.080361,-5.21755,1.5062819,0.7699956,-1.2241739,-0.9147707
0.0023928226,-7.326225,2.4388845,0.84864455,-0.12812899,-1.1297953
2.099702,-7.5009007,1.1736795,0.6950119,-0.97387195,-0.06856962
1.5523437,-7.6343007,2.757728,-0.55665094,-0.5309946,0.5881105
4.959723,-5.6733823,5.3132625,-1.0170907,-0.8837693,0.7635816
4.811368,-16.46561,3.4229329,0.8550586,0.6974554,-0.02565634
4.8358946,-9.974482,1.1832508,-1.9906571,-1.3950635,-0.36361754
-2.3491535,-8.19123,-0.66759753,-0.019547688,0.04932737,-0.39553526
-0.36610186,-8.857632,0.50368917,-0.83001316,-0.039553523,-0.124769226
0.60000026,-10.557732,0.85184485,-0.7096727,1.3402383,0.58383447
2.5322046,-5.066802,-0.17228323,-1.0317514,1.2983941,-0.45830166
2.8289146,-9.557532,1.3543376,-0.72356987,1.0893254,-0.06383542
1.9274186,-9.430713,-0.52223355,-1.5515977,0.5056437,0.81000733
3.0041888,-7.8197446,3.4426737,-0.9109528,1.181108,0.28038713
2.6991038,-10.324431,2.0841484,-0.65316767,0.5155703,-0.059864793
5.6793647,-12.620943,2.032703,0.25778514,-0.32910365,0.5056437
-0.34277186,-8.997013,-2.4107687,1.969735,0.21471913,1.1702651
1.5002998,-14.800206,-1.1060823,2.935971,-1.9427042,-0.13897185
6.6095743,-12.068201,-2.14696,1.3341297,-1.2684617,-0.129198
2.149353,-4.639085,1.5625132,0.538325,-1.45615,-1.3278683
-0.54317075,-7.3417783,2.452045,1.2421945,-0.34483343,-0.68279463
1.4679967,-7.545168,1.2293127,0.35995236,-1.0383182,0.322995
2.1547368,-6.8865438,3.2979078,-0.593761,-0.55680364,1.0671816
6.9338017,-7.2789664,3.8763726,-1.2516629,-1.1701124,0.3023783
4.6408796,-20.802004,3.354139,1.6259706,1.6545285,-0.31337386
2.9336007,-10.5015,0.14057833,-1.9990565,-0.9456194,-0.8002335
0.0017946169,-7.117451,1.3633107,-0.03634648,-1.2460123,-0.026267206
-3.098107,-11.045269,-1.0019945,-0.6737844,0.7800749,1.1769847
0.98524475,-6.5258255,2.4526432,-1.0972667,2.3499987,-0.3465133
5.517849,-6.9373913,0.293719,-0.9051496,1.1905763,0.022143865
3.2446675,-8.554341,1.6516458,-0.79290307,0.7799222,0.11255192
3.3631122,-9.018549,0.17706887,-1.6316211,0.14080444,0.50732356
2.5734808,-9.381062,3.6699917,-0.81321436,1.0548116,0.68676525
3.650251,-7.632506,3.362514,-0.77198094,-0.10842858,-0.35613444
1.1132607,-10.616356,-0.35473597,1.3848315,0.19792034,0.56092703
0.44865423,-10.966905,-1.2801601,3.207959,-1.1064297,0.63407815
5.3982077,-19.057037,-4.731209,2.162463,-0.87109387,-0.29016098
4.136592,-5.762515,0.10289137,0.7846564,-1.7214183,-0.65011334
-1.2167503,-7.12762,2.0662024,1.0795516,-0.10980303,-1.1067351
0.7280163,-7.380063,0.7716853,1.0465649,-0.68539083,-0.050701816
2.1708884,-8.276773,1.933999,-0.36651915,-0.043982297,0.5725334
6.366703,-6.0783677,5.5459647,-1.479363,-0.86742866,0.5897904
5.7750773,-13.778471,2.858825,0.8054258,0.67149365,-0.0777326
3.6729827,-12.067603,-1.3046865,-1.9559906,-1.3686435,-0.5015204
-2.541776,-6.157331,0.07836494,0.05207626,-0.07345655,-0.19868392
-0.7932207,-10.456037,-0.104087785,-0.7136433,0.17547104,0.41034874
5.98E-04,-9.189037,1.1688938,-1.0025826,1.3797919,-0.044135015
2.408376,-5.40419,0.019740786,-1.2279918,1.6033685,-0.36209038
3.1944182,-8.976076,1.5684953,-0.6064365,1.1307116,-0.09712757
2.7086751,-10.700703,0.33080772,-1.6013832,0.6948592,0.78877974
3.9972103,-8.519645,2.5040889,-1.287704,0.8136725,0.3744604
2.6997023,-7.9800634,3.2500513,-0.30298916,0.5720753,0.031001411
4.417749,-11.791232,-0.17706887,-0.023823744,-0.38515055,0.68768156
-1.8855443,-7.941778,-0.6837491,2.387414,0.52183163,0.5364924
2.1188445,-18.462421,-2.7613173,2.9547553,-1.2825116,-0.08689558
7.3752775,-8.961719,-0.43489552,1.2841915,-1.1636983,-0.49006665
2.498107,-6.8081784,2.461018,0.6284276,-0.98715824,-1.0841331
-0.4438686,-7.126424,1.5206388,1.223105,-0.43188173,-0.5317582
1.41356,-8.5423765,1.4129617,-0.014966198,-1.0571023,0.47739118
1.6187445,-6.963712,3.3786657,-0.78022766,-0.59880066,0.96776325
7.838289,-9.105886,2.1242282,-1.0103711,-1.0626001,0.24740042
4.8305106,-19.854446,6.198009,1.7930422,1.1111639,-0.40469822
2.0961127,-11.079367,-4.7605205,-2.4879014,-0.54305923,-0.06536258
-0.9804591,-6.510272,1.1575279,-0.0664316,-0.50808716,-0.49541172
-2.4089742,-10.6014,-0.32482567,-0.6988298,0.1301143,0.8410087
0.57607204,-7.6516485,1.8029919,-1.2011138,1.9711094,-0.21410827
2.9318058,-5.645267,-0.29252258,-1.010982,1.9069686,-0.11789699
3.484548,-9.787841,1.5206388,-0.56031615,1.0115929,0.04596761
3.7005002,-8.647063,0.39720857,-1.4831808,0.6178902,0.52458054
3.3523445,-8.295318,3.0969107,-0.91797775,0.91996306,0.35628715
3.7645082,-9.777073,2.0578275,-0.606131,0.08781188,-0.14095716
3.952345,-11.307881,1.8855443,0.5896377,-0.2454151,0.5558874
-1.9914266,-8.478369,-1.2532408,2.4007003,0.2779437,0.6948592
1.5529419,-16.087545,-2.2031915,2.9576569,-1.3701707,-0.22434026
7.402197,-9.474381,-0.59760743,1.3132075,-1.6215417,-0.29428434
1.11685,-6.018547,2.464009,0.59483004,-0.7651087,-1.2884675
-0.50009996,-7.656434,1.591227,1.180497,-0.6713409,-0.5158757
2.2031915,-8.550752,1.3399807,0.03772093,-0.9274462,0.6789767
2.4939194,-6.870392,3.4205399,-1.1232284,-0.7890852,0.982424
6.930811,-8.143971,2.0500507,-1.0418307,-1.1090258,0.27855456
4.403392,-19.968105,5.5022955,1.2368494,0.33399057,-0.43127087
1.8131614,-11.542378,-4.182056,-1.9515617,-0.13545936,-0.38881573
1.0857433,-7.3770723,0.92303133,-0.43844852,-0.6945538,-0.29458976
-2.1008983,-11.629118,-0.8961121,-0.75869465,0.18509217,1.2114985
0.66699934,-6.385247,1.7653049,-0.8358164,2.0500638,-0.25030205
3.44387,-7.616953,0.26739794,-0.8730792,1.7275269,-0.0870483
3.5671003,-8.874979,1.5284154,-0.7820602,0.744492,0.2518292
4.5822554,-8.115856,0.74596244,-1.528843,0.16539176,0.4279111
1.2490535,-7.8077803,2.2737796,-0.5021312,1.0442741,0.35964692
3.7561333,-10.224531,3.1974092,-0.3923282,-0.44180828,-0.019394971
3.01376,-10.877771,0.68853474,0.7125743,0.24495697,0.5047274
-1.628914,-7.949555,-2.4466612,2.915507,-0.34605515,0.82787514
2.4879375,-19.447666,-2.0338993,2.4431555,-0.5748242,-0.33093625
7.4865437,-7.6019974,-0.7399804,0.8723156,-1.5682437,-0.38698313
2.4819553,-5.0823555,2.5238297,0.48426342,-1.0297661,-1.0215194
-0.9726824,-7.0468626,1.9776679,1.0167851,-0.6375906,-0.3911065
1.4051851,-8.882756,1.3387842,0.02275473,-0.78801614,0.63056564
2.3946173,-6.9248285,3.2482567,-1.1255192,-0.6586655,0.8940013
6.806982,-8.86122,2.5316064,-1.185384,-0.7367035,0.1826487
4.3172503,-20.039291,5.5447683,1.500285,0.50762904,-0.4129449
1.9334008,-12.683755,-5.517849,-1.6021469,-0.31413746,-0.57925296
0.21595225,-6.2847486,0.96789676,-0.47051895,-0.8732319,-0.29794952
-2.71705,-13.165909,-0.9625129,-0.8724683,0.84406304,1.3828462
1.0001999,-5.9994044,2.9593234,-0.79809546,2.2354615,-0.13973543
4.045665,-7.670193,0.51266223,-0.70402217,1.6754507,0.014966198
4.241278,-8.7577305,1.5732809,-0.47311515,0.7478518,0.11209377
4.648058,-7.690532,0.68135625,-1.2835805,-0.2275473,0.28802297
1.1330016,-9.130413,1.4715859,-0.5374087,0.50228393,0.38255435
2.0793629,-8.7577305,3.5688949,-0.4147775,-0.5207626,0.02321288
2.2959132,-11.292328,0.9846465,0.7139487,0.4990769,0.6067419
-1.4261223,-9.092128,-3.0275187,2.6940684,-0.01740966,1.0418307
3.3954153,-20.008184,-3.313461,2.7288878,-0.42363504,-0.29016098
7.059425,-5.5160546,0.06520442,0.5934556,-1.2788464,-0.6608035
1.2735798,-5.743971,2.6021945,0.49235737,-0.42302418,-1.4824172
-0.17766708,-8.289336,1.8095721,0.91813046,-0.5215262,-0.527024
1.634896,-8.155936,1.7748762,-0.19929479,-0.52870387,0.3266602
3.6687953,-6.4121666,3.5347972,-0.91751957,-0.75136423,0.85902923
9.160921,-10.241879,1.5074782,-0.70570207,-0.84116143,-0.063682705
6.483951,-13.928022,3.9511483,0.20631973,-0.7516697,-0.6229298
-3.0065815,-14.448462,-5.7523456,-1.2840388,0.18081611,0.100334615
1.4530416,-4.7970114,1.2173486,-0.6105598,-0.7646506,-0.79412484
-3.1950164,-11.4496565,-0.35533416,-0.38026363,-0.24465153,1.2476922
-0.48155555,-7.010372,1.2000005,-0.91522884,2.244319,-0.24602598
2.0075781,-7.481758,0.30388847,-0.764956,2.0535762,0.05665775
4.298706,-9.8727865,1.4297116,-0.67057735,1.5532776,-0.022143865
4.688736,-8.688339,-0.12203395,-1.762499,0.49296826,0.356898
2.5794628,-7.4823565,1.9465612,-0.87857693,0.5897904,0.35888332
1.5409778,-9.34816,3.4486556,-0.258396,0.40973786,0.07376198
5.0015974,-13.024732,1.9525433,-0.49037206,-0.58184916,0.3941608
0.64008003,-6.274579,-1.9106688,1.9078848,0.040775254,0.95249164
-0.039481573,-11.12483,-1.1934203,2.9480357,-1.2012665,0.12370021
8.094919,-13.225729,-1.6450655,1.560608,-1.4718798,-0.15500705
1.5900307,-6.1477594,2.78046,0.42577308,-1.2730432,-0.9921979
-0.77347994,-7.521838,1.7497516,0.97784257,-0.5758932,-0.93034774
1.6677973,-8.273783,0.9696914,0.5908594,-0.8524625,0.22052236
1.1491531,-7.4105716,2.7948167,-0.7484626,-0.5314528,0.805884
5.937191,-6.7764735,3.7806597,-1.1314751,-0.75609845,0.52274793
3.8817565,-15.326627,3.8434713,1.1971432,1.002888,-0.1553125
6.174679,-7.9615192,0.90029955,-1.9350684,-1.5474744,-0.3306308
-1.6821543,-10.210175,-1.4847465,-0.031612277,-0.5491679,-0.49357912
-1.3519448,-8.973084,0.6520442,-0.94027436,-0.84956086,-0.15760323
-1.899303,-10.613365,0.22911277,-0.8857546,1.6084082,0.64660084
1.9435701,-5.651249,0.3272185,-0.6417139,2.2902865,-0.20738874
3.9421754,-10.433903,1.3680964,-0.529162,1.4013249,0.2762638
4.1964126,-7.900502,1.2891332,-1.1421653,0.9549351,0.3080288
4.0558343,-8.211569,0.8560323,-1.1314751,0.2125811,0.42760566
2.1038892,-8.840283,3.4366915,-0.3474296,0.968985,0.47555858
4.308277,-9.360723,1.0486546,-0.9818132,-0.6441574,-0.16676621
1.3004991,-8.88455,0.2542374,1.3197744,0.36483926,0.44394633
-1.9465612,-9.590433,-0.65264237,2.496301,-0.47861293,0.46288314
5.103891,-20.552551,-5.1003013,2.6100745,-0.93309665,-0.29229903
6.233303,-5.1361938,1.4470595,0.7246389,-1.7058412,-0.6918049
-0.91405827,-7.1629148,1.8263218,0.7509061,-0.79717916,-1.365742
1.1593226,-8.305488,1.2987045,1.1837041,-0.9503536,-0.18280143
0.87158567,-8.370093,1.5678971,-0.29229903,-0.7855727,0.45234573
2.8881369,-6.854839,2.9473593,-0.91797775,-0.44623706,0.7119634
8.771489,-8.872586,1.855634,-0.5705481,-1.1406381,0.09208794
5.5130634,-20.656042,6.178268,0.5328272,-0.15653422,-0.17501289
0.48753762,-10.744371,-4.7365923,-1.3138185,-0.07162395,-0.5571091
1.2717853,-8.281559,0.7746763,-0.38362336,-0.9839512,-0.2742785
-1.8400806,-11.505289,-0.51266223,-0.569021,0.20891592,1.158964
0.930808,-6.9212394,2.0727825,-0.6178902,1.8014416,-0.1207986
3.0939198,-8.010572,-0.28235307,-0.46868637,1.3161092,0.08399397
3.0951161,-9.538389,1.7198412,-0.733191,0.754724,0.23839016
4.575077,-8.211569,0.25543383,-1.3753631,-0.10094548,0.5027421
2.513062,-8.783454,1.8364913,-0.753655,0.63789606,0.5129741
3.7848473,-7.420143,3.080759,-0.2660318,-1.0888673,-0.30176744
2.2462623,-14.514862,0.8847462,0.70188415,-0.046731193,0.6724099
-2.7559335,-7.2023964,-2.4735804,2.4365888,-0.3210097,0.83184576
1.8502501,-14.98565,-1.1102697,2.9965994,-1.5735888,-0.16523905
7.7677007,-9.215957,-0.16151553,1.0931433,-1.6927075,-0.42623124
0.8285148,-5.2079782,3.2566316,0.34498614,-1.2632693,-1.3090842
-1.2269198,-7.9148593,1.7336,1.4453071,-0.70066243,-0.52488595
1.4446666,-9.18784,1.3944174,0.31764993,-1.0059423,0.40393466
1.8227327,-7.1970124,2.9389844,-0.9669997,-0.56321776,0.7623598
7.0097737,-6.8668027,2.6045876,-1.176221,-0.77366084,0.15393804
4.095316,-19.60619,4.5278187,1.7745636,0.6406449,-0.2003638
6.984051,-5.7391853,-1.160519,-1.8171713,-1.3388638,-0.12797627
-1.6863418,-10.303494,0.5772685,0.23548855,-1.1679744,-0.27565295
-3.1076784,-9.58146,0.036490545,-0.48181996,-0.46410486,0.35216382
-0.23569304,-9.654441,1.9716859,-0.5853616,1.643533,0.1337795
3.0059834,-7.2622166,-0.48933223,-0.98944896,1.7261524,-0.065209866
3.8141594,-9.229715,2.3072793,-0.47876564,1.244027,0.08506299
3.9338005,-7.8987074,0.13160525,-1.1488848,0.45555276,0.36911532
3.8991046,-8.398808,0.8033902,-1.2748758,0.023518313,0.4036292
0.60059845,-9.512068,3.1058838,-0.5876524,1.1643091,0.30787608
4.825725,-9.123235,1.7108682,-0.64568454,-0.9592112,-0.02275473
2.0548365,-8.371888,0.19142582,1.1038336,0.39767328,0.47723848
-1.4201403,-7.8538423,-1.1042876,2.9374983,-1.0422888,0.45860708
4.6259246,-21.32962,-2.4741786,2.3930645,-0.45830166,-0.40454552
5.770292,-6.398408,0.10109676,0.9204212,-1.5454891,-0.52839845
0.2009971,-7.6683984,2.1379871,0.95829487,-0.44180828,-1.001819
0.846461,-8.601599,0.8919246,0.9841039,-0.9381363,0.07849618
1.9968106,-8.69133,1.6779668,-0.06780604,-0.7806858,0.63514715
2.5950162,-7.227521,3.5246277,-1.169807,-0.6565274,0.91828316
7.743174,-7.583453,-0.37507495,-0.8874345,-1.0797043,0.45249844
4.347759,-18.595222,6.102296,1.1814134,-0.12140947,-0.23197608
3.6490545,-11.72184,-5.8271213,-1.1609493,-0.6076582,-0.17486018
0.56111693,-6.9912295,1.4015958,-0.49693888,-1.1669053,-0.473726
-3.4211383,-11.865409,-0.7507481,-0.2764165,0.64904433,0.7849618
1.625923,-7.42433,2.2606192,-0.83184576,1.8148806,-0.23564127
3.662215,-7.6606216,-0.35533416,-0.8011498,1.3939945,0.058184914
2.411367,-8.629715,1.9441684,-0.30268374,1.0685561,0.01863139
4.4895334,-9.304491,-0.02871387,-1.4391985,0.19517145,0.29733866
2.4556344,-8.785847,0.71007013,-0.97295564,0.23350324,0.52855116
0.7860422,-8.715857,3.784249,-0.25900686,0.8781188,0.36865717
5.043472,-10.87179,-0.62153566,-0.5696318,-1.1745411,0.26557365
-1.5116657,-7.870592,0.09750752,1.7476854,1.2174544,0.49113566
-0.6263213,-8.091928,-0.75972116,2.8805351,-0.9289733,0.27046058
8.795418,-21.975683,-4.5062833,2.6070201,0.06429356,-0.34773505
4.4871407,-5.998208,2.184647,0.12873985,-1.0442741,-0.8498663
-0.29312077,-8.023134,1.7060826,1.2728904,-0.27320948,-0.8907942
1.9740787,-8.001,1.8969102,0.59864795,-0.5884159,-0.07452556
1.7324036,-7.944171,2.370689,-0.5882632,-0.279929,0.43218717
3.9176488,-7.245467,4.2352962,-1.0874928,-0.30772337,0.7498371
8.702098,-9.326026,-0.4229314,-1.0074695,-0.52870387,0.36361754
5.5657053,-16.11566,5.6668024,0.9082039,-0.039095376,-0.42103887
-0.025124637,-12.224333,-4.449454,-1.4002558,0.23243423,0.22495113
1.4057833,-6.4067826,1.3633107,-0.5016731,-0.027488936,-0.8052731
-1.3022938,-12.484552,-0.1274178,-0.4381431,0.54641896,0.84711736
1.0133604,-7.9543405,1.5140585,-1.2081387,1.7463111,-0.21685717
3.0490541,-6.9882383,-0.76749784,-1.1244502,1.7820467,-0.11988231
1.7449659,-9.19801,1.6887345,-0.5558874,1.4011722,0.21288654
5.0847483,-8.231908,0.91465646,-1.2735013,0.6000224,0.20845777
3.586243,-8.746365,1.4895321,-0.81489426,0.3399465,0.47601673
2.1720848,-9.056235,3.3433714,-0.56673026,0.36071593,0.17760907
5.1924253,-13.434503,-0.78664047,-0.16126843,-0.9970848,0.46914452
-2.0518453,-8.5525465,-1.4967105,1.811979,0.90041536,0.3755294
-0.9445667,-10.0576315,-1.7599211,2.525775,-0.9053023,0.1553125
8.734401,-14.833706,-2.0464616,2.0477731,-0.0664316,-0.31337386
2.589034,-6.5760746,2.2265215,0.54458636,-0.7305948,-1.0673343
0.9553344,-9.314062,1.8005991,1.1388055,-0.39064834,-0.70646566
2.1134605,-8.78465,1.3555341,0.04016439,-0.7338019,0.11453723
1.6570296,-6.6975107,3.2338998,-1.0818423,-0.49678615,0.82695884
6.0975103,-6.6017976,3.0556345,-0.8770498,-0.82879144,0.4802928
3.3003006,-18.695124,4.9848475,1.413084,0.89949906,-0.25335637
5.5573306,-9.067601,-1.4506488,-1.996613,-0.9211848,-0.2574797
-0.9086744,-8.219944,0.3595216,-0.21380283,-0.75441855,-0.5746715
-1.1784651,-9.365508,-0.3595216,-0.92179567,-0.77656245,0.20311269
-1.7724833,-8.803194,1.4769697,-0.73563445,1.6707164,0.28298333
3.089134,-5.599803,-0.076570325,-1.0419834,1.8777997,-0.236863
3.5928233,-9.598808,1.7730815,-0.15286903,0.9860892,0.14905111
4.834698,-8.069795,0.9631111,-1.0557278,-0.041996986,0.3098614
3.4516466,-8.794222,0.5629115,-0.9239337,-0.20357084,0.54993147
1.2771691,-8.681759,4.161717,-0.462425,0.7133379,0.3173445
4.23051,-11.619547,-1.1252248,-0.6589709,-1.5884024,0.25473082
-2.4155545,-10.118649,-1.2544373,2.2235496,0.63346726,0.17898351
0.028115666,-9.848858,-1.2071791,2.535396,-0.8949176,0.18188512
9.087342,-15.253646,-2.4975085,2.0195205,-0.61636305,-0.18570304
2.774478,-6.6011996,2.5627131,0.5371033,-0.9940305,-0.8892671
-0.9302098,-8.1230345,1.919642,1.079857,-0.35705075,-0.7680103
2.3892334,-8.132008,1.0953146,0.45937067,-0.84864455,0.038789943
1.6019948,-7.765906,2.5256243,-0.6337727,-0.46868637,0.73456544
4.2598224,-6.6568327,4.2203407,-1.1817188,-0.71959925,0.72189003
4.7485566,-13.694124,3.4205399,0.8688031,0.7713701,0.010995574
6.9038916,-10.063016,3.1860433,-1.2638801,-1.7273742,-0.50503284
-2.8169506,-12.897314,-1.3142579,-0.058490347,-0.15958855,-0.14874569
-0.6161518,-7.138388,0.4121637,-0.8391761,-0.70524395,-0.1498147
-0.9529416,-12.178271,0.7477571,-0.5035057,1.3365731,0.4831944
2.6243281,-5.2683973,-0.28893334,-0.99173975,1.5451837,-0.47051895
3.3547373,-10.642078,1.2299109,-0.37827832,1.0685561,0.23884831
2.9790642,-8.977871,0.48275197,-1.1806498,0.731053,0.4636467
3.5012977,-8.407781,0.93738824,-1.1607966,-0.0888809,0.377362
2.2271197,-9.702297,2.2797618,-0.2959642,0.9611965,0.4830417
5.1535416,-8.364112,0.6203393,-0.9193522,-1.0467176,-0.21303925
0.69571316,-9.701699,1.3471591,1.1259774,0.6750061,0.5510005
-2.4658036,-7.9561353,-1.515255,2.2687535,-0.54168475,0.3052799
3.9248273,-18.808783,-3.9278183,2.785851,-0.33001995,-0.43890667
7.0301127,-6.2733827,0.79142606,0.81382525,-1.3903292,-0.6600399
0.034695927,-8.007581,2.196013,1.1682798,-0.3753767,-1.0806206
1.570888,-8.602198,1.5726827,0.6617198,-0.9839512,0.019242255
1.0624132,-7.5571322,2.0554347,-0.3736968,-0.79168135,0.6070473
3.610171,-6.99781,3.2805598,-0.93538743,-0.54825157,0.75732017
4.485346,-10.77488,0.08793623,-0.20357084,-0.04520403,0.27305678
6.870392,-13.598412,7.112067,0.09636399,-1.0894781,-0.59483004
1.7964116,-13.222738,-4.42732,-0.58261275,-0.33933565,-0.16371189
-1.3100704,-8.04108,0.18723837,-0.9630291,-1.0183123,-0.38148534
-2.4885356,-10.257433,0.12502499,-0.6597345,0.29825497,0.9468411
1.0719845,-8.122437,1.4488541,-0.7115053,1.7649424,-0.182496
3.5623147,-6.727421,-0.17706887,-0.550695,1.505172,0.14446963
3.5006995,-9.644272,2.0398812,-0.0852157,0.8368854,0.22449298
4.613362,-7.921439,0.11485548,-0.923781,-0.06352998,0.14110987
2.8277183,-9.138189,0.27756742,-1.0768027,-0.2582433,0.39721513
1.2693924,-9.181859,1.9890338,-0.42577308,0.8187121,0.6189592
3.9888353,-9.116056,1.6827525,-0.8393288,-0.9808969,-0.21151209
2.3856442,-11.2552395,1.3435699,0.6934848,0.28115073,0.5748242
-3.2410784,-8.679964,-1.966302,2.0404427,-0.23609942,0.45875978
2.3102703,-15.362519,-2.0668006,2.7537806,-0.82848597,-0.4447099
7.4997044,-7.3340015,-0.6658029,0.9611965,-1.4040737,-0.42455134
0.8572287,-6.95115,2.4496522,0.73945236,-0.7287622,-1.1281154
0.1471586,-8.245069,1.841277,1.2479976,-0.7651087,-0.56428677
1.9669002,-8.536993,1.8101703,0.2921463,-0.83062404,0.16875152
1.3698909,-7.2783685,2.6099713,-0.6094908,-0.69058317,0.8000808
5.85763,-6.628717,3.2775688,-1.1446087,-0.9567677,0.4259258
2.1355941,-15.466009,2.8002007,0.9260717,1.0910053,0.029321533
8.328817,-7.12762,1.0642079,-1.6065756,-1.6073391,-0.24174993
-0.9619147,-11.650055,-0.8745767,-0.012370021,-0.851088,-0.46211955
-1.2071791,-7.2670026,1.1036894,-0.86926126,-1.2565498,-0.18173242
-2.4705894,-11.905489,0.7148558,-0.1282817,0.96929044,0.7643451
1.9058832,-6.524629,0.887139,-0.7255552,1.6668985,-0.3501785
4.0564327,-9.744172,0.99661064,-0.3652974,0.906524,0.24633141
4.0737805,-8.682357,1.5086746,-0.95417154,0.31963524,0.17287487
3.2536407,-8.240881,0.5371887,-1.3263412,-0.46379945,0.3585779
1.2257234,-8.976076,2.039283,-0.3885103,0.6646214,0.6383542
4.4434714,-7.98784,0.6436693,-0.8961393,-1.1809553,-0.39354995
1.8544376,-11.200205,1.2466606,0.93752545,0.31520647,0.3492622
-0.9589237,-7.8233337,-1.5194423,2.1601722,-1.1113166,0.64996064
3.2763724,-18.248861,-2.7888348,2.7519479,-0.7851145,-0.3979787
5.7020965,-7.1688967,0.0059820567,0.91858864,-2.0015,-0.27183503
0.6197411,-7.068398,2.2713869,1.0549643,-1.0057896,-0.86284715
0.69571316,-9.108877,1.8340986,1.3889549,-0.9138544,-0.21365012
2.2707887,-8.679366,1.3417753,0.23014349,-0.9625709,0.13897185
1.2191432,-7.832905,2.589034,-0.5488624,-0.6768387,0.6160576
4.6438704,-6.553343,3.932604,-1.0673343,-0.6966918,0.5195409
3.565904,-11.925828,3.2368908,0.33276883,0.14172074,0.2648101
8.687741,-11.864213,2.812763,-0.79061234,-1.642922,-0.6056729
-2.4251258,-10.899905,0.3786642,0.098043874,-1.3687963,-0.1947133
-2.9156544,-7.8400836,0.6221339,-0.5141958,-0.8512407,0.13164146
-1.4141582,-12.655639,0.41694933,-0.49388456,1.3118331,0.29840767
2.882155,-5.6171513,0.11724831,-0.7603745,1.830305,-0.4014912
4.408776,-9.953544,1.4835501,-0.22128594,0.7435757,0.23426682
3.8985064,-8.620742,1.0767702,-1.0294607,0.035430185,0.24663684
2.5274189,-8.976076,-0.13280165,-1.2156218,-0.5684101,0.50885075
0.4438686,-8.882157,3.4624143,-0.19883664,0.8038987,0.5561928
4.7341995,-8.27797,1.2071791,-0.7837401,-1.0493138,-0.41981715
2.7014968,-12.314063,0.066400826,0.66950834,-0.23396139,0.4364632
-2.5986054,-8.545966,-1.1826526,2.2166772,-0.2218968,0.43188173
3.033501,-15.732211,-2.882155,2.8626673,-1.1285735,-0.15027285
7.9256268,-8.916854,-0.424726,1.2104294,-1.590235,-0.3837761
0.7375876,-7.3256264,2.7756743,0.76052725,-1.1073459,-1.0016663
0.4229314,-8.815159,1.6624135,1.4986051,-1.0151054,-0.38728857
1.410569,-8.878569,1.2723835,0.17913623,-0.8579602,0.3199407
1.7210377,-7.0432734,3.03709,-0.64461553,-0.517861,0.7997753
6.087939,-6.638288,4.130012,-1.1861476,-0.7829765,0.49510628
3.9954157,-13.990235,4.1162534,0.99021256,0.60063326,0.14401148
7.630113,-9.808778,2.2037897,-1.3274102,-1.707063,-0.0061086523
-1.5696917,-10.92503,-0.42831525,-0.069791354,-0.90316427,-0.61727935
-1.0911272,-7.6863446,1.160519,-0.7722864,-0.8199339,-0.2845105
-0.5605187,-12.652648,0.07298109,-0.236863,0.7101309,0.8352055
2.7882366,-6.094519,0.20578274,-0.783282,1.483639,-0.08078693
2.9724839,-9.582058,0.32542387,-0.48731774,0.49861875,0.4167628
2.2929223,-8.933005,0.85244304,-0.9615019,0.25045475,0.35903606
3.3720853,-8.673982,1.1048858,-0.82253003,-0.46089783,0.47235155
1.1389836,-10.336994,2.1678972,-0.41645738,0.7609854,0.5870415
5.0105705,-6.8979096,1.4524434,-0.72082096,-0.762818,-0.19150625
1.4279169,-11.370693,1.5158532,0.75945824,0.43569964,0.17913623
-1.1688938,-5.662615,-2.349752,2.5462391,-1.1145236,0.56398135
2.4568307,-17.63929,-1.8520447,3.1370986,-0.40500367,-0.4812091
7.082755,-8.429316,-0.6903293,0.9405798,-2.1259637,-0.21029036
1.2065809,-6.745367,2.4089742,1.0642799,-0.8533788,-1.1927143
0.44985065,-8.179864,1.5906289,1.0461067,-0.97112304,-0.28985557
0.93679005,-8.945567,1.3633107,0.10048734,-0.85047716,0.3941608
1.8221345,-7.0576305,3.0287154,-0.95814216,-0.39400807,0.8072584
6.3888364,-6.5982084,4.2568316,-1.1983649,-0.6443101,0.40408736
4.3800616,-17.285152,4.2454658,1.479363,1.0624474,-0.19486602
4.314259,-11.287542,-0.92662054,-2.0679317,-0.8614727,-0.35705075
0.9493524,-8.156534,0.016151553,-0.37308595,-1.2008084,-0.72509706
-4.194618,-9.857831,0.42831525,-0.3565926,-0.45814893,1.1523973
0.2961118,-7.6959157,1.2897314,-0.6282749,2.3834434,-0.19303341
4.418347,-8.53161,0.27996024,-0.69913524,1.4908166,-0.012675454
3.6514473,-9.639486,1.535594,-0.81122905,0.90026265,0.33353242
3.8015969,-7.859824,0.7262217,-1.4013249,0.20631973,0.2764165
2.5322046,-8.907881,0.8979067,-1.0308352,-0.03390302,0.4925101
1.1102697,-8.773284,4.179663,-0.37201694,1.0299188,0.032528576
4.8233323,-11.127224,0.6430711,-0.75426584,-1.07665,0.21762075
0.8775677,-7.9387875,-0.16749759,1.5070046,0.3746131,0.42943826
-1.3417753,-7.9704924,-1.302892,3.0557008,-0.8859073,0.43569964
7.420143,-22.362123,-2.6895328,2.287385,-0.573297,-0.5539021
5.4257255,-5.6392846,0.6119644,0.8362745,-2.0955732,-0.5140431
-0.57188463,-7.687541,2.8073792,1.1316279,-0.61376685,-0.9966267
1.2759727,-8.294122,0.9607183,1.1415545,-1.3162619,0.107665
1.0420742,-8.219346,1.7784654,-0.27931812,-0.9540188,0.7484626
2.769094,-6.1100726,3.3511481,-1.1510228,-0.8943067,0.9109528
7.4787674,-9.108279,0.1160519,-0.398895,-0.852157,0.35460728
7.094719,-18.015562,5.5016975,0.6640105,-0.4802928,-0.47433686
0.104087785,-11.251052,-4.2311087,-1.0595458,-0.3510948,-0.5500842
1.0450653,-7.932207,0.9128618,-0.20005837,-1.1407908,-0.40439278
-1.9549361,-12.842279,-0.360718,-0.27656925,0.23854288,0.8385653
1.6474584,-6.9188466,1.2263216,-1.0285443,1.7453947,-0.1301143
4.1844487,-8.855238,0.49471608,-0.48365256,1.0002918,0.19120082
2.6392834,-8.446066,1.2005987,-0.9651671,0.5522222,0.38133264
2.9653056,-8.397013,-0.16570297,-1.4654657,0.05131268,0.55756724
2.0153549,-8.556734,2.6554348,-0.6814202,0.68279463,0.35155296
4.4201417,-8.148159,1.8089739,-0.5890268,-0.36850446,-0.3032946
3.3074791,-15.059229,1.5876378,0.4804455,-0.52015173,0.8023715
-0.9942178,-7.183254,-1.5535401,1.8471038,-0.27183503,0.5371033
0.32422748,-10.677971,-1.5080764,3.219718,-1.4321736,0.24083363
7.877172,-15.313467,-1.4883357,1.5850426,-1.155299,-0.15241088
2.4388845,-6.2548385,2.3748765,0.46792278,-1.7489072,-0.95203346
-1.3669,-7.949555,2.1475582,1.4193454,-0.33383787,-0.6072
1.9615164,-8.845069,1.1347961,0.5514586,-1.0354166,0.18310685
1.0348958,-7.6348987,1.9172492,-0.4981606,-0.52534413,0.6588182
3.909274,-6.735796,3.606582,-1.2530373,-0.6453791,0.61101794
6.6071815,-9.805787,0.8709874,0.14950927,-0.04505131,0.4269948
6.7381887,-14.635699,3.3768709,-0.84711736,-1.0309879,-0.8268061
-1.963311,-9.940384,-3.0885358,-0.27870727,-0.44135013,-0.5539021
-0.03888337,-8.27139,0.7369894,-0.7974846,-0.99036527,-0.236863
-2.713461,-10.94178,-0.32542387,-0.41890085,0.6748534,0.84772825
1.6923238,-6.3942204,1.5714862,-0.6947065,2.0018053,-0.18967366
3.9098723,-9.218349,0.07956135,-0.24113905,1.205848,0.15424347
3.8937206,-9.421141,1.7940187,-0.75136423,0.7996226,0.0842994
4.4404807,-7.8113694,0.16031912,-1.1430815,-0.22556199,0.35643986
2.0781665,-9.251849,1.0576276,-0.6937902,-0.0070249503,0.58246
0.5054838,-9.345169,3.9768713,-0.4092797,0.4793765,-0.022449298
5.0165524,-13.349558,1.0630114,-0.10842858,-0.8750645,0.6462954
-0.9170493,-7.615756,-1.3298112,1.4924965,0.12293663,0.81077087
-1.2269198,-9.355937,-1.2861422,3.0720413,-0.8009971,0.08002335
9.34457,-21.485155,-2.5328028,2.1300871,-0.701426,-0.3378085
2.8265216,-6.0400825,2.248655,0.3013093,-1.4547756,-0.8752172
-0.8877372,-7.7503524,2.8241289,1.0296134,-0.69714993,-0.9309586
1.8400806,-8.149356,0.9607183,0.8368854,-1.1004738,0.054061573
0.651446,-7.7820573,2.1003,-0.5296202,-0.6554584,0.6363689
4.599603,-6.7561345,3.2991042,-1.0464121,-0.42164972,0.6030767
7.368099,-8.817552,0.11724831,-0.3801109,-0.5911648,0.40546182
6.533004,-14.590835,6.4002023,-0.25213462,-0.7892379,-0.659429
-0.32482567,-11.891132,-4.039683,-0.8399397,-0.20082195,-0.51068336
-0.034695927,-5.7786665,0.9517452,-0.9045387,-0.88086766,-0.39080104
-1.5409778,-11.801401,0.33738798,0.13026701,0.3585779,0.9615019
1.689931,-7.1826553,1.5960127,-0.8901834,1.5025758,-0.02397646
2.6638098,-7.4476604,0.16749759,-0.2669481,1.1774428,0.24220806
3.0143583,-10.156934,1.1078769,-0.5337435,0.75334954,0.2874121
4.132405,-8.76132,0.32662028,-1.4631749,-0.055588737,0.28527406
1.6612171,-9.440882,1.3268201,-0.547488,0.46944994,0.5534439
3.671188,-7.218548,2.6769702,-0.4466952,-0.18142697,-0.33399057
2.9850461,-13.9573345,1.0366904,0.56001073,-0.21456642,0.52503866
-2.7565317,-7.4183483,-2.0901306,2.3122776,-0.1255328,0.728915
1.5607185,-16.02593,-1.8215362,3.068987,-0.77625704,-0.12370021
9.026325,-9.165708,-0.28235307,1.0493138,-1.4181237,-0.39263365
2.0691934,-6.218348,2.7523441,0.623388,-1.0202976,-1.2455542
-0.29910284,-8.105687,2.0404794,1.2008084,-1.0358747,-0.5103779
0.56530434,-8.257631,1.4542379,0.16142114,-0.9233228,0.36361754
1.2005987,-7.0989065,2.8839495,-0.7264715,-0.45875978,0.9059132
7.4584284,-7.9680996,2.7272196,-0.9462303,-0.8167268,0.3022256
5.1678987,-18.72324,3.6634114,1.3121386,0.82787514,-0.21090123
4.3836513,-9.671789,0.51266223,-2.0781636,-0.93599826,-0.04062254
0.6969096,-8.539984,-0.9810573,-0.25259277,-0.63621616,-0.70554936
-1.4566308,-8.447262,1.1527423,-0.8135198,-0.77014834,0.044745877
-1.3621143,-9.507881,0.24107689,-0.5366451,1.4538593,0.4448626
2.489732,-6.1393847,0.56590253,-0.5534439,1.9853121,-0.2780964
3.5210385,-9.917651,0.99720883,-0.41263947,1.103528,0.16768251
4.3148575,-8.666803,1.1437693,-1.2104294,0.45753807,0.16691893
4.024728,-8.60459,0.7298109,-1.2202033,-0.27488935,0.47769663
0.94337034,-9.304491,2.2534406,-0.4915938,1.0056369,0.6062838
5.386842,-7.6337023,2.3353949,-0.48624873,-0.786489,-0.28221974
2.7326035,-11.17508,0.654437,0.8912524,0.205098,0.6065892
-3.7447674,-5.7930236,-1.8221345,2.482098,-0.38881573,0.6722572
4.1694937,-21.594028,-2.9210382,2.908635,-0.39477167,-0.31719178
7.7353973,-6.35773,-0.6131608,0.5742133,-1.9695823,-0.5723807
0.57906306,-7.3381886,3.0269206,0.7984009,-0.73563445,-1.1522446
0.078963146,-8.1344,0.9661021,1.0638218,-1.1036807,-0.34987307
0.2883351,-8.321041,1.4039887,-0.1797471,-0.81382525,0.5697846
2.0171494,-6.7088766,2.9706893,-0.86422163,-0.4195117,0.9599747
7.655836,-8.99163,1.2053844,-0.70432764,-0.73914695,0.20647246
5.9288163,-17.467007,4.7694936,0.73456544,0.4147775,-0.5815437
1.3657036,-12.892529,-5.665606,-1.273654,-0.16691893,-0.20845777
0.88235337,-6.897311,1.1563315,-0.65011334,-1.0734429,-0.991587
-3.7154553,-10.779068,-0.084346995,-0.23945917,-0.1601994,0.9787588
0.6023931,-7.7665043,1.3076776,-0.73991054,2.1595614,-0.053297993
3.4725838,-7.520642,0.30508488,-0.7476991,1.6465873,0.006872234
3.976273,-9.584451,1.6959131,-0.5644395,0.767094,0.25793785
4.58405,-8.474779,0.64845496,-1.379181,-0.03756821,0.3436117
3.106482,-8.925228,0.9182457,-0.8184067,-0.24236079,0.6224717
1.7880367,-8.82114,3.5090744,-0.28237244,0.3894266,0.04230242
3.1423743,-13.368102,-0.30269206,0.29550606,-0.7643451,0.64873886
-2.167299,-9.363115,-1.7491534,2.2510383,0.5626069,0.5345071
-0.5138587,-12.001801,-1.2921243,3.2447634,-0.93294394,0.1516473
10.33161,-13.963915,-1.4919249,1.5554156,-0.6394232,-0.37827832
4.289733,-4.776074,2.5549364,0.25167647,-1.3303118,-1.0596985
-0.82731843,-8.272586,2.6422744,1.0917689,-1.0009027,-0.90301156
0.77347994,-8.138588,0.8877372,0.552833,-0.9271407,0.15958855
0.5509474,-7.9148593,2.248655,-0.7655669,-0.58078015,0.93828905
5.35095,-6.4031935,3.013162,-1.1282681,-0.47586402,0.72311175
3.1357942,-15.500705,2.8923244,0.97005403,1.0735956,-0.18585575
7.8610206,-8.98804,3.3786657,-1.6195564,-1.3460416,-0.5331327
-1.4297116,-11.897713,-3.039483,-0.30757064,-0.35277468,-0.6356053
0.038285162,-5.5908303,1.5858432,-0.86132,-1.1386528,-0.37094793
-0.8321041,-13.956138,-0.23988047,0.07895433,0.5279403,1.0720685
2.1433709,-6.012565,0.90508515,-0.8352055,1.4570663,-0.17058411
2.861816,-8.436495,0.6305088,-0.43463063,1.0435106,0.3294091
3.8099718,-9.502497,1.3166506,-0.66538495,0.68737614,0.32360587
4.2999024,-8.633903,0.16510476,-1.3807082,-0.05131268,0.47891834
2.067997,-8.395218,2.5782664,-0.419359,0.7851145,0.64751714
5.0129633,-9.34457,-0.3469593,-0.5390886,-1.2800682,0.27931812
0.94337034,-13.580465,1.4895321,0.6076582,0.3061962,0.54275376
-4.392026,-6.105287,-2.2701905,2.2007947,0.24755314,0.5673411
2.9455647,-18.38585,-2.5238297,3.2704198,-0.039858956,-0.044593163
10.236495,-7.463214,-0.49232325,0.41691554,-1.4364496,-0.7461719
1.4147564,-6.026922,3.4169507,0.6065892,-0.47784933,-1.1125383
0.54376894,-8.222935,2.0315065,0.91981035,-1.1191051,-0.420428
0.7932207,-8.223534,1.9190438,-0.31444287,-1.0349585,0.59742624
3.3403804,-6.8189464,3.562913,-1.0086912,-0.9451612,0.9654725
7.1018977,-10.372886,0.91884387,-0.22036964,-0.011301007,-0.19501872
6.979265,-13.091731,3.815954,-0.3979787,-0.9454667,-0.76067996
-1.2454642,-12.643077,-3.022135,-0.42149702,-0.013897184,-0.40469822
0.7531409,-7.6366935,1.7904296,-0.8213083,-1.0348058,-0.24709499
-2.103291,-11.769696,-0.14596218,-0.46196684,0.7528914,0.960891
1.6654046,-6.4325056,1.1036894,-0.6365216,1.7322611,-0.15500705
3.7968113,-9.202198,0.76989067,-0.6435465,0.93538743,0.2443461
3.5551362,-9.833903,0.73399836,-1.5189165,0.49266282,0.35231653
2.1499512,-8.458628,1.4536397,-1.2557862,-0.033444874,0.41309762
4.208377,-8.210373,4.2077785,0.24388795,0.4512767,0.16371189
4.4207397,-11.724831,-0.71724856,-0.8570439,-1.0700831,0.49128836
-2.658426,-8.36471,0.20398813,1.877647,0.66507953,0.25244007
-1.7700906,-9.780065,-2.4340987,2.9810224,-1.012051,0.7834347
11.554342,-18.553349,-1.4919249,2.2828035,-0.7829765,-0.38621956
3.0729825,-4.3202415,3.5120654,-0.08827003,-1.3926201,-0.99097615
-0.04965107,-8.585447,2.2522442,1.370629,-1.3326025,-0.8258898
1.0085747,-7.9968133,1.6193427,0.5493206,-1.4225525,0.32543847
0.31405798,-7.4446692,2.4855444,-0.6261369,-0.8584184,0.8536842
5.300102,-7.783852,2.6171498,-0.97173387,-0.3463606,0.3633121
2.3084757,-16.490736,3.5210385,0.77656245,1.1253664,-0.057726767
6.06102,-11.191232,0.09810573,-1.6491834,-0.044135015,-0.36911532
0.66341007,-8.377871,-0.071186475,-0.63361996,-0.36041048,-0.83077675
-2.9413772,-8.824132,-0.25842485,-0.6433938,-0.4352415,0.84971356
-1.326222,-10.21496,0.25124636,-1.0807734,2.404213,0.21166481
1.3555341,-5.645267,-0.8147561,-1.2751812,2.69697,-0.08277224
3.5730824,-10.1288185,2.3258235,-0.2565634,1.6830865,0.10186178
3.3852458,-10.124033,0.4863412,-1.132086,1.5650368,0.2134974
1.5966109,-7.467401,1.3399807,-1.0270172,1.9929478,0.24113905
-1.5122639,-0.78364944,0.9457632,-0.20204368,2.6988027,-0.004886922
-3.62393,-8.189436,-4.3794637,1.3886495,1.7311921,1.7348573
1.1988041,-22.803001,1.1330016,1.0647382,5.568953,-0.46715918
5.9324055,-12.174682,-3.498905,-1.4865406,4.1673226,-0.8335256
-0.1698904,-8.053044,5.272585,-1.3658947,5.4600663,-1.1527027
1.9788643,-0.3684947,7.446464,-2.1691825,3.7707183,-0.6834055
5.4406805,-2.524428,3.260819,-0.5328272,3.6653442,-0.020005837
6.081359,-8.823533,2.1798615,-0.39400807,3.3970215,0.02443461
7.3375907,-7.238887,3.5126636,-1.45615,1.8020525,-0.24831672
11.313266,-7.8867435,-0.12502499,-0.4784602,1.6129897,0.111177474
7.895118,-18.136997,3.2392836,-0.4392121,2.5954137,0.5371033
7.0337024,-10.2317095,1.1892328,-1.1476631,1.5517504,-0.68875057
-3.650849,-3.5760734,-1.0025927,-0.5899431,1.2896893,0.14401148
-2.487339,-11.980863,0.30987054,0.1337795,2.3822217,0.8162687
0.9984053,-10.724033,0.8285148,-1.0768027,2.4550674,-0.2761111
3.4941192,-6.1046886,1.8125632,-0.29611692,2.1875083,0.23182335
2.3994029,-9.997213,1.463211,-0.22113322,2.0676262,0.22876903
4.0498524,-8.307282,1.2813566,-0.6844745,2.0566306,-0.205098
5.212166,-10.027123,0.634098,-1.0827587,1.1148291,0.25213462
4.4775696,-9.622138,3.028117,-1.0305296,1.0245737,0.2826779
4.24726,-7.54457,2.4466612,-0.75670934,0.15836681,-0.0983493
2.7762725,-12.8213415,-2.3485553,0.45921794,-0.031154128,0.9447031
-4.421936,-10.036695,-2.0877378,2.3374758,1.459357,0.44180828
1.2227324,-15.660426,-1.4937196,2.8357892,-1.0609202,-0.087964594
6.076573,-7.152147,-0.30029923,0.9746355,0.056963183,-0.80481493
0.74177504,-6.617949,2.3742783,0.37018433,0.21166481,-1.594511
0.6897311,-7.716853,0.997807,0.8445212,-0.14508049,-0.729984
1.8137596,-6.966703,1.6103697,-0.25534168,-0.39828414,0.1432479
2.8133612,-7.0085773,3.8356948,-0.6356053,-0.26465738,0.8228355
8.7164545,-8.306684,2.0608184,-0.81092364,-0.52732944,0.1957823
6.9451675,-16.500307,4.624728,0.659429,0.016035212,-1.1053606
-3.8333018,-16.223337,-2.425724,-0.9512699,0.58261275,-0.7237226
1.1102697,-8.242078,0.49112684,-0.6372852,0.007483099,-0.1020145
-0.91585284,-10.301102,1.5738791,-1.2119566,1.9477439,0.099265605
1.8197416,-4.653442,1.6211374,-1.2475395,1.9281962,-0.7237226
4.217948,-7.8945203,1.9100707,-0.76251256,1.3249667,0.051923547
2.845066,-8.99821,-0.5300102,-1.2872458,0.40469822,0.21517728
4.0534415,-7.9094753,2.3425734,-1.2550226,-0.36010507,0.21456642
-0.17347965,-10.137193,2.4107687,-0.4202753,1.3790283,0.6226244
4.7988057,-9.83809,0.95712906,-0.91339624,-1.5870279,-0.1255328
-0.41336012,-9.449257,-2.2121646,2.1774292,0.4437936,0.8857546
-1.2119647,-11.290534,0.19860429,3.3240232,-1.7088956,0.3268129
10.040882,-14.062618,-2.6775684,1.4236214,-0.7644979,-0.45081854
2.5609183,-5.0105705,2.9970105,0.50717086,-1.4321736,-1.0177015
-1.6797615,-6.936793,1.7210377,1.2695307,-0.80649483,-0.65011334
1.5678971,-7.643872,0.41515473,0.7435757,-1.3185526,0.3921755
1.5302101,-8.12124,2.8235307,-0.4176791,-0.8516989,1.0170907
6.192625,-7.8281193,3.1950164,-1.2067643,-1.1728612,0.63499445
2.1475582,-20.053051,7.1018977,1.8015944,1.0874928,-0.35918877
4.025924,-13.456038,-6.2919273,-1.4101825,-1.045954,-0.26099217
-1.9926231,-6.378667,1.6755741,-0.06811147,-1.244638,-0.37950003
-2.2851455,-12.868002,-1.4087744,-0.51159966,0.8906415,1.3070989
2.9706893,-6.843473,1.7312071,-0.8402451,1.422247,-0.35995236
2.8061829,-9.147761,0.7543373,-0.72692966,0.8400924,0.2359467
1.550549,-9.373882,1.3920245,-0.2780964,0.7487681,-0.0021380284
2.8235307,-8.652447,-1.3202399,-1.73501,0.5196936,0.40286562
3.0460632,-7.179664,3.3714871,-0.1685988,0.90392786,0.29764408
4.5708895,-12.159726,0.19980069,-1.2145529,-0.19868392,0.35353827
4.597809,-10.657034,-0.52283174,0.21120666,-0.42210788,1.0647382
-1.4458631,-6.8913293,-1.3692927,1.221425,0.47983465,0.47494772
1.2400804,-12.966107,-1.1419746,2.8904617,-1.5028812,0.08200866
7.029515,-13.092927,-1.9722841,1.385137,-0.30375275,-0.45066583
-0.48155555,-8.608179,1.5367904,0.73914695,-0.08750644,-1.1646146
-0.15134603,-7.583453,0.7256235,0.82787514,0.27962357,-0.86926126
1.9064814,-7.8813596,1.8855443,0.02443461,0.15714508,-0.41401392
1.8652053,-7.1473613,3.1058838,-0.64599,0.52381694,0.22128594
7.2436724,-6.9673014,3.9296129,-1.0942124,-0.7858781,0.1554652
5.0512486,-19.02294,3.345166,1.599856,1.0044152,-0.18280143
3.2069805,-11.819945,1.0510473,-2.071444,-1.4549283,0.39721513
-0.5084748,-11.380862,-0.84765744,-0.2264783,-0.5242751,-1.1371256
-2.3742783,-6.687341,0.6047859,-1.3391694,-0.9833403,0.15210545
-4.0235314,-11.739188,0.06281159,-0.3943135,1.2765557,1.1369729
0.9385847,-7.2975106,1.7371893,-1.1539245,2.4914138,-0.3839288
4.5320063,-7.7353973,0.06520442,-0.16752979,1.642922,0.025809057
3.0269206,-10.294521,1.6342978,-0.6656904,1.0809261,0.12522738
4.15394,-7.7497544,1.1018949,-0.88453287,0.59681535,-0.04062254
2.8755746,-9.355338,0.52283174,-0.85047716,0.124769226,0.48655418
2.033301,-8.659027,2.012364,-0.8730792,0.59040123,0.47586402
4.0360937,-6.561718,1.8598214,-0.8177959,-0.27763826,-0.36453384
4.895117,-15.939788,-0.7465607,0.79733187,-0.27320948,0.700357
-3.3786657,-10.013365,-0.9840483,1.842675,0.3462079,0.72250086
-0.17527425,-7.4626155,-1.466202,2.519361,-0.8390234,0.031306844
10.202995,-16.564314,-1.50688,1.9156734,-0.29031372,-0.61575216
1.7653049,-7.468598,2.1242282,0.36758816,-0.9363037,-0.635758
-0.17288144,-8.677571,2.160719,0.9967794,-0.7631234,-0.8312349
1.7336,-7.9094753,1.0630114,0.6658431,-0.89934635,-0.041691553
0.29850462,-8.173284,2.2857437,-0.44990227,-0.31749722,0.4792238
2.9557343,-6.803393,2.8474588,-0.9419542,-0.12186762,0.79351395
4.5092745,-10.136595,1.7389839,-0.17348573,0.1337795,0.4531093
5.6321063,-14.95215,5.8971114,-0.1525636,-0.19761491,-0.690125
4.49073,-10.631311,-2.2325034,-1.6670512,-0.90377516,0.4708244
1.0025927,-9.055637,-1.4943178,-0.41798455,-0.64476824,-1.2548699
-1.3944174,-6.0011992,-0.8171489,-0.9411906,-1.67316,0.013286319
-3.8410785,-12.589238,-0.39661035,-0.29886582,1.2454015,0.62598413
1.8795621,-7.126424,0.9774681,-0.14584407,2.0822868,0.011911872
3.5563326,-9.921241,0.61076796,-0.15943582,1.2996159,0.22235495
4.3034916,-8.363513,1.3657036,-0.25137106,0.93737274,0.09621128
4.3722854,-9.416953,0.6873383,-0.99005985,0.0041233404,0.23869559
2.9772696,-7.536195,0.79142606,-0.77350813,-0.15134187,0.4007276
-0.0059820567,-8.955737,2.4987051,-0.6180429,0.7440339,-0.07788532
2.7828526,-11.170295,0.22073789,-0.3726278,-1.0288498,0.42424592
2.1499512,-9.678967,0.3696911,0.79290307,0.5893322,0.76144356
-2.955136,-8.644072,-2.722434,1.8099937,0.08323039,0.4914411
2.309672,-13.199408,-0.4223332,2.6532931,0.21670444,-0.1647809
11.106286,-12.694522,-2.3431716,1.1125383,-0.6968445,-0.5946773
1.6683956,-8.280363,3.1507492,0.2612976,-0.4456262,-0.9210321
0.4456632,-8.418549,1.6067804,0.58016926,-0.8944594,-0.6568329
1.1946167,-7.9130645,1.7826529,0.15592335,-0.020463986,-0.027641652
1.4656038,-7.999206,2.201397,-0.6404922,-0.07086037,0.5884159
4.2221355,-6.7387867,3.2327034,-0.82848597,-0.24587326,0.95615685
5.608178,-9.003593,0.13399807,-0.6290385,-0.11453723,0.5891795
5.616553,-14.703896,4.9022956,0.35460728,-0.0106901415,-0.7496844
2.0673988,-16.442879,-3.4307094,-0.7460192,-0.4990769,0.074830994
-0.95353985,-4.0414777,-0.43130627,-1.4107933,-1.1971432,-0.56306505
-3.0675986,-9.0341015,0.30029923,0.08979719,-0.37232238,0.39171734
-1.4961123,-9.631709,0.34516466,-0.8863655,1.8988746,-0.048258353
2.9318058,-8.218747,0.8967103,0.07223482,2.006845,-0.098807454
3.3290145,-10.752149,0.74835527,-0.5476407,1.4639386,0.084146686
3.5946178,-8.763713,0.73100734,-1.0542006,1.0401508,0.05589417
4.028317,-8.739784,1.0839486,-0.79290307,0.6930266,0.32696563
3.1525438,-7.4536424,2.2725832,-0.6826419,0.59406644,0.29947668
2.6159534,-8.441878,1.1192428,-0.9477574,0.22983804,-0.27015516
2.5728827,-14.151154,0.3894319,0.3707952,0.2669481,0.7415904
0.46002015,-8.903693,-0.031106694,0.48487428,0.38652498,0.6412558
-0.9774681,-9.34816,-2.4765713,2.4193318,0.12614368,0.4184427
6.0083776,-12.814762,-0.64905316,2.05434,0.09162979,-0.5910121
3.7531424,-10.1395855,0.7292127,0.77198094,-0.6411031,-0.70432764
0.98883396,-8.340183,2.1230319,0.92485,-0.91339624,-1.084744
1.558924,-8.3174515,1.8664017,0.44898596,-0.3979787,-0.5476407
1.1796615,-7.668997,2.7589245,-0.17256944,-0.22296582,0.039553523
2.6344976,-7.9310107,2.9533412,-0.6630942,0.07895433,0.58368176
6.1531434,-6.611967,2.5220351,-1.280679,-0.34406984,0.47739118
2.0117657,-13.8753805,3.6933217,1.169807,0.7796168,-0.04352415
6.7728844,-8.87797,2.7320054,-1.8958203,-0.7716755,0.07040222
-2.155335,-14.543576,-1.2418749,-0.62980205,0.12599096,-1.0963504
-0.43130627,-1.9770697,-1.090529,-1.5490016,-0.22174409,0.19150625
-3.4480574,-12.926028,-0.2656033,0.4822781,0.7368562,0.57009
2.0991037,-7.132406,2.2061825,-0.78786343,2.191479,-0.15241088
4.022335,-9.156136,-0.39720857,-0.02076942,1.318858,0.08093964
3.4863427,-9.573085,1.041476,-0.55756724,0.86559606,0.07009678
2.9706893,-8.539386,-0.083748795,-0.8371908,0.5907067,0.06918049
3.1627133,-8.690134,1.0360922,-0.5868888,0.28053987,0.22021692
3.1052856,-8.400602,1.7443677,-0.5821546,0.056352317,0.31627548
1.4638093,-8.973683,1.2783655,-0.75686204,0.20173825,0.10430524
4.6695933,-8.960523,1.2735798,-0.3915646,-0.46273044,0.12583824
1.5906289,-10.625329,0.9726824,0.60032785,0.38362336,0.5768095
-2.9300113,-9.177671,-2.565704,1.9985983,-0.34116822,0.48838675
2.6219354,-9.178269,-0.7938189,2.7598891,-0.2518292,-0.022449298
6.712466,-12.44507,-1.1120644,1.0684034,-1.2209669,-0.28970283
0.91585284,-9.144172,2.9826534,0.8016079,-1.2431108,-0.82543164
1.2083755,-9.027522,1.7198412,1.0016663,-1.4126259,-0.46211955
0.9421739,-7.9070826,1.5320047,0.5502369,-0.96196,-0.03726278
1.1659029,-8.078768,2.905485,-0.18585575,-0.35995236,0.420428
3.3565319,-8.047063,3.0855448,-0.84772825,-0.2527455,0.60918534
5.6907306,-7.2209406,0.53180486,-0.9969321,-0.62109727,0.45142943
1.7790636,-20.22653,5.1906304,0.79351395,0.33948836,-0.14569137
5.265406,-11.045269,-0.8470592,-1.6988163,0.031001411,-0.4372268
1.6133606,-7.3525457,-1.4338989,-0.7808385,-0.75594574,-0.23793201
-0.48993045,-6.5850477,0.7429714,-0.52671856,-0.73639804,0.14569137
0.40378883,-11.622538,-1.3328022,-0.5129741,0.66782844,0.18524489
2.1230319,-7.1527452,1.1234303,0.15683965,1.0855075,0.14309518
2.684747,-9.599406,0.5276174,0.25442538,0.7431176,0.3200934
3.1256247,-8.425727,1.6163517,-0.19135354,0.72356987,0.10430524
3.8386858,-9.597013,1.4273187,-0.75426584,0.18982637,0.11789699
2.7122645,-9.092726,1.4979069,-0.99097615,0.07162395,0.26068676
0.3930211,-8.093722,3.5180476,-0.7386888,0.6750061,-0.013591751
3.8410785,-13.328022,0.67776704,-0.018020526,-0.8979719,0.73807794
-0.86141616,-9.229117,-0.6723832,1.6575829,0.43890667,0.81107634
-2.143969,-8.712267,-2.1074786,2.7751608,-0.15958855,0.46822822
10.599008,-18.593428,-1.8592232,2.299144,-0.5325218,-0.6081163
3.4510484,-7.1485577,1.6384853,0.014202617,-0.73975784,-0.70371675
-0.73399836,-7.6797643,2.6482565,0.7307475,-1.3712398,-0.7675522
1.1383854,-7.716853,1.3513466,0.6966918,-0.66920286,-0.17180584
0.58983076,-8.22772,2.5088747,-0.46211955,-0.20677789,0.4738787
3.141776,-7.2125654,3.4205399,-0.6754643,-0.0012217305,0.8503244
6.693323,-6.9344,0.74536425,-1.0123564,-0.56138515,0.45906523
3.8721852,-20.301306,4.8215375,1.1015427,0.81504697,-0.2133447
2.7266214,-12.854841,-1.8574286,-2.0890064,-0.08979719,-0.15577064
0.4749753,-7.885547,-0.96909314,-0.838718,-0.062308256,-0.6247624
-5.204389,-8.037491,0.16031912,-0.61468315,1.0091494,1.0177015
-0.5192425,-9.173484,1.9178474,-0.56077427,3.565315,-0.37400225
7.1569324,-8.540583,1.0725827,-0.025961773,2.1572707,-0.44944412
3.0388846,-9.783055,1.6779668,-0.8226828,1.3483323,0.04428773
3.5216367,-8.263015,0.6023931,-0.818254,0.9127854,-0.105068825
3.9810586,-8.849854,1.0654043,-0.9634872,0.41874814,0.042455133
2.2295125,-8.362915,2.856432,-0.7495316,0.41996986,0.38728857
3.0514472,-8.512466,1.1246266,-0.77640975,-0.16646078,-0.31871894
3.6281173,-14.657235,0.16570297,0.43279803,0.12736541,0.6609562
-2.5405796,-8.885149,-2.0865414,1.1433871,0.7328856,0.8753699
1.2370893,-9.665209,0.07836494,3.1673362,-0.91156363,0.41798455
10.407582,-12.800405,-2.2205393,1.2162327,-0.2405282,-0.623388
0.49292147,-8.003393,2.4586253,0.10476339,-0.7825184,-0.862389
-0.29671,-9.016156,1.2981063,1.1867584,-0.95310247,-0.6626361
1.8681962,-8.404191,1.2831511,0.33673948,-0.6073528,-0.030695979
1.1114662,-8.012965,2.3030918,-0.38881573,-0.30115658,0.46318856
3.167499,-7.259824,2.996412,-0.9503536,-0.3193298,0.7440339
6.183652,-8.69133,0.57188463,-0.762818,-0.7464773,0.7264715
0.32422748,-19.264017,3.4259238,0.9074403,0.59421915,-0.27229318
3.3146574,-10.787442,-1.2610176,-1.7525724,-0.45265114,0.052381694
0.4534399,-8.228917,-1.3058829,-0.80954915,0.22388211,-0.5342017
-1.774278,-6.5288167,0.061016977,-0.5748242,0.37980548,0.004428773
-0.93679005,-12.334402,-0.49172506,-0.6169739,1.9650007,0.035124753
3.8602211,-6.9409804,0.84406817,0.055741455,1.8713857,-0.15515977
3.611966,-9.565907,0.7710871,-0.23884831,1.2585351,0.01817324
3.7507496,-8.555537,0.95054877,-0.45081854,0.7867944,-0.06490443
4.14736,-9.434899,0.80877405,-0.9645562,0.1910481,0.07147124
1.7551354,-8.966505,1.4482559,-0.63713247,0.030695979,0.36896262
0.60000026,-8.999406,1.8185452,-0.66782844,-0.07360926,-0.17867808
4.1330028,-13.416556,0.7722835,-0.1337795,-0.6082691,0.6423248
1.2317054,-8.821739,1.7282162,0.28909197,0.20815234,0.5645922
-0.695115,-8.0614195,-2.4215364,1.8138117,-0.3707952,0.5580254
3.4049866,-10.913664,-1.0390832,2.5752552,-0.4813618,-0.019089539
4.896313,-11.926426,-0.91585284,0.8846856,-1.0865766,-0.33933565
0.62153566,-8.585447,2.0727825,0.75609845,-0.9569204,-0.98440933
1.1479566,-8.799605,1.1018949,0.88697636,-0.6252206,-0.7324274
0.6089734,-8.405388,1.4560326,0.13622294,-0.27183503,-0.16264287
1.2837493,-8.155936,2.3389843,-0.30604348,0.056199603,0.44318274
4.371089,-7.8592257,2.9659038,-1.3578007,-0.24297164,0.7620544
4.9459643,-9.403793,0.8889336,0.2012801,0.28252518,0.5707009
5.049454,-14.306088,5.189434,0.16829337,-0.18203785,-0.76923203
2.501098,-11.84507,-3.5473595,-1.0994047,-1.0343475,0.64766985
-0.6269195,-6.396613,-0.90149593,-1.0493138,-0.5897904,-0.606131
-3.016751,-7.323832,-0.71425754,-0.23243423,0.39950588,0.016646078
-1.0803595,-13.058829,1.1012967,-0.9370673,2.2472205,-0.03772093
2.781058,-7.379465,0.77407813,-0.302531,2.301893,-0.014813482
2.3838496,-10.606785,1.2047862,-0.44837508,1.971873,0.088728175
3.7339997,-8.127222,1.2382857,-0.44348818,1.7892243,0.03680463
5.355137,-8.927621,1.0372887,-0.5186246,1.1139128,-6.11E-04
4.0773697,-9.040084,1.1300105,-0.959822,0.5342017,0.010231993
1.5451652,-8.863015,2.2851455,-0.9969321,0.64904433,0.05222898
3.9607196,-9.451052,0.721436,-0.5012149,-0.08628472,0.10293079
2.841477,-12.610175,0.046061836,-0.11530081,0.7162395,0.41263947
2.0512471,-8.536993,-1.0001999,0.538325,-0.3998113,0.6435465
-2.0452652,-7.8634133,-1.3968102,2.068695,0.4999932,0.37216964
2.6883361,-10.484153,0.4869394,1.6823229,-0.19990565,-0.40439278
5.051847,-12.163914,-1.2699906,1.1801916,-0.29428434,-0.36575556
2.056631,-8.562118,2.1451654,0.39278635,-0.5128214,-1.1267409
1.7856439,-8.082955,1.3800604,0.65270954,-0.49770245,-0.40332377
1.3603196,-8.201998,2.4454648,-0.008857546,-0.27305678,-0.031306844
2.268994,-8.569894,2.7296124,-0.4279111,0.043218717,0.35430184
4.9256253,-7.007381,3.4043884,-0.923781,-0.41416663,0.50686544
3.3122647,-8.757133,1.9070797,0.26190847,0.05299256,0.19425514
7.919645,-13.614563,4.7892346,-0.3284928,-0.8790351,-0.32436943
1.6773686,-13.874184,-0.76749784,-1.5593863,-0.80481493,0.21868975
0.98524475,-6.7094746,-1.5122639,-1.0876455,-0.37308595,-0.8407033
-0.8883354,-7.5200434,-0.37088752,-0.2012801,-0.41584653,0.1375974
-1.9190438,-12.220743,-0.35533416,-0.8232936,1.3434454,0.19776763
2.44367,-6.302097,1.50688,0.12660182,1.988061,0.1366811
4.596014,-10.470992,0.8356933,0.26557365,0.8498663,0.26740626
3.743571,-8.402397,1.4075779,-0.5563455,0.5392413,0.11285736
3.6993039,-9.710672,0.64905316,-0.77442443,0.20082195,0.21273382
1.570888,-9.524033,0.26261228,-1.0709995,0.26939157,0.41355577
1.1006985,-8.270193,3.8177485,-0.5319109,0.5467244,-0.20143281
5.0506506,-14.623735,-0.17288144,-0.26297748,-0.7716755,0.6921103
1.032503,-8.267202,0.86261255,0.54993147,0.15027285,0.68875057
-3.2039895,-7.623533,-2.4179473,1.802816,0.172264,0.4888449
3.2470603,-11.724831,-0.3906283,2.5740335,-0.24358252,-0.10430524
6.914061,-11.178669,-1.21017,0.9560041,-0.8213083,-0.3043636
1.0600204,-8.931808,2.6961129,0.3408628,-0.733191,-0.96761054
1.8173488,-8.625527,1.1551352,0.9421069,-1.1459832,-0.4503604
0.8554341,-8.337193,1.9782661,0.2780964,-0.6785186,-0.15500705
1.2167503,-8.416156,2.588436,-0.22235495,-0.03726278,0.32421672
3.5401812,-7.7706914,2.4795625,-0.7982482,-0.20616703,0.65484756
5.77747,-7.9154572,0.8668,-0.7367035,-0.5729916,0.40973786
4.9986067,-15.363118,4.648058,0.56291234,-0.37965274,-0.34315357
3.7776687,-14.043476,-1.5409778,-1.7427986,-0.9072876,0.1554652
1.0001999,-7.944171,-0.738784,-0.7521278,-0.5720753,-0.59986967
-2.9772696,-8.7679,-0.8225328,-0.6417139,-0.34773505,0.2078469
-1.2999009,-9.598808,0.25184458,-1.0002918,2.1760547,0.07040222
2.9467611,-7.650452,0.36251262,0.16646078,2.464994,0.08323039
4.17727,-10.515858,0.26859435,-0.012675454,1.6087136,-0.042913284
4.113262,-8.475378,1.2119647,-0.5739079,1.0345002,-0.033444874
4.2628136,-9.455837,0.63888365,-0.99082345,0.12980886,0.08200866
2.1014965,-9.135797,1.1670992,-0.89904094,-0.088422745,0.39721513
1.666601,-8.352746,3.542574,-0.4653266,0.115453534,0.014660766
4.599603,-13.302897,0.093918286,-0.32895094,-0.9091202,0.46517387
1.3914263,-8.323434,0.8955139,0.29016098,0.41584653,0.5833763
-3.3732817,-7.8107715,-2.9240294,1.8558086,-0.106901415,0.61254513
3.086143,-11.701501,-0.86979103,3.128699,-0.9466884,0.079870634
7.103692,-10.865808,-1.0534402,0.9653198,-1.0462594,-0.41538838
0.22971097,-9.012567,3.4037902,0.6983717,-1.2382239,-1.0447323
1.2580265,-8.714062,1.035494,1.1403327,-1.0749701,-0.6059783
0.42711884,-8.001,2.2576282,0.16432275,-0.72143185,-0.06811147
1.6576279,-7.8514495,3.0185459,-0.33536503,0.041691553,0.48487428
4.395017,-7.124031,3.347559,-1.1155926,-0.23151793,0.5015204
4.2352962,-11.784053,3.4049866,0.4549419,0.12797627,0.36743546
6.3918276,-14.283955,4.6546383,-1.2321151,-0.6582073,-0.29229903
1.5732809,-11.348559,-1.9812572,-0.62598413,-0.52839845,-0.42745295
-0.19322042,-5.3090754,-0.2656033,-1.1788172,-1.3351988,-0.31963524
-3.0065815,-10.30828,-0.5102694,0.31810808,0.3462079,0.5502369
0.9026923,-7.899306,1.7988044,-0.63224554,1.6265814,-0.04627304
2.9533412,-7.665407,-0.16211374,0.30970868,1.1530081,0.2591596
4.624728,-9.853643,1.3519448,0.023518313,0.61850107,-0.019242255
3.7214375,-9.270991,0.61734825,-1.0115929,0.15012014,-0.0035124752
1.698904,-9.567701,0.6269195,-0.9266826,0.05589417,0.44974953
1.1964114,-7.732406,4.487739,-0.40408736,0.47662762,0.18341228
3.5431721,-11.077573,-0.75972116,-0.49602258,-0.90209526,0.29565877
1.0869397,-9.598209,1.527219,0.66599584,0.5209153,0.56505036
-3.6083765,-9.864411,-3.2117662,1.4268285,0.3378085,0.9584476
2.3479571,-11.097912,-1.0396814,2.7650816,-0.33093625,0.14202617
9.390633,-10.112068,-1.736591,1.0555751,-0.8407033,-0.6169739
-0.0735793,-9.527621,3.118446,0.3840815,-0.5896377,-0.8772025
0.92183495,-9.129216,0.6867401,0.68279463,-0.947452,-0.77396625
0.78664047,-6.791429,2.1996021,0.16294831,-0.3652974,-0.1563815
1.3669,-7.7072816,2.7044878,-0.03634648,-0.0053450707,0.2507602
3.8057845,-8.1015,3.2530425,-0.57818395,-0.07192938,0.61407226
6.195018,-7.47458,1.3357933,-0.82848597,-0.68859786,0.4344779
4.1461635,-18.946968,4.442275,0.9839512,0.2602286,-0.082161374
2.7535408,-11.950953,0.99960166,-2.133447,-0.8035932,0.19364429
0.8356933,-8.103892,-2.2905295,-0.86116725,0.029932396,-0.79549927
-0.9320044,-4.162315,0.3379862,-0.9253081,-0.48747048,0.19501872
-2.6458635,-11.507084,-0.9840483,0.069485925,0.98349303,0.25167647
1.689931,-7.7210402,2.1924238,-0.38835758,1.8955148,-0.0062613687
3.5084763,-9.380463,0.24825534,0.11285736,1.190729,0.123242065
3.5892339,-9.867402,0.7537391,-0.22388211,1.0048733,0.08674286
3.696911,-8.743972,0.30269206,-0.8342892,0.47952923,-0.0106901415
2.9300113,-9.268001,1.1048858,-0.8739954,0.15027285,0.18784106
1.5044873,-8.749356,2.6422744,-0.7139487,0.35827246,0.23716843
2.9910283,-9.593424,0.56410795,-0.7125743,-0.38912117,-0.0290161
3.3756745,-13.092927,0.8386843,0.18829921,0.47891834,0.49327368
0.59700924,-8.693723,-1.9447666,0.6516405,-0.5655085,0.93966347
-0.33559337,-7.537391,-0.8039884,2.5948029,-0.25259277,0.23564127
6.477969,-13.17548,-0.5407779,1.7333301,-1.081995,-0.43218717
2.4335005,-10.340583,-0.3714857,0.799928,-1.1365148,-0.41050145
0.13280165,-8.286943,1.9322042,0.7623598,-1.402852,-0.93508196
1.1162517,-8.095517,1.2490535,0.86452705,-0.7060075,-0.41706824
0.58265233,-8.090732,1.8681962,0.27076602,-0.29336804,-0.10247265
2.0727825,-8.673384,2.9048867,-0.32085696,0.24770586,0.53038377
5.1924253,-6.402595,3.135196,-1.1809553,-0.35201108,0.6542367
3.2189445,-13.010973,4.725825,0.6623306,0.4980079,0.3474296
7.400402,-11.147562,1.2717853,-1.3307699,-0.79443026,-0.32803464
-0.24646074,-11.74517,-2.446063,-0.54519725,-0.8571966,-0.37858373
-3.2063823,-4.4464626,-0.18484555,-1.1950052,-0.9089675,0.018478673
-2.6769702,-10.377073,-0.28175488,0.12385293,1.6265814,0.34666604
2.2002003,-7.764111,2.5274189,-0.5143485,2.0207422,-0.081397794
4.429115,-8.817552,0.40618163,0.041233405,1.0465649,0.09239337
3.0610185,-8.445468,1.1144571,-0.2499966,0.8239045,0.0954477
3.918247,-9.18126,0.45164528,-0.3810272,0.4027129,0.12736541
3.885944,-9.772886,0.5940182,-0.92927873,0.19440787,0.09819659
0.68195444,-9.019147,1.7383857,-1.078788,0.5684101,0.27137688
3.2297122,-9.25484,1.3944174,-0.4277584,-0.3987423,0.10903945
3.6430724,-13.89871,0.5180461,0.1049161,0.36957347,0.5216789
0.11365908,-8.590233,-1.9986051,0.5900958,-0.50915617,0.8558222
-1.5924234,-6.652645,-0.9098708,2.3122776,0.0364992,0.24678956
4.211966,-13.233505,-0.96550393,1.7017179,-0.3736968,-0.44791695
3.7770705,-11.428121,-1.4033905,1.086882,-0.68630713,-0.36835176
1.0319048,-8.135597,2.00698,0.4280638,-0.7142542,-1.0835222
1.4219348,-8.146365,1.3716856,0.7910705,-0.43508878,-0.58200186
1.154537,-8.037491,2.2606192,0.11377365,-0.23319781,-0.16814066
2.472384,-8.108678,2.9192436,-0.22815818,0.02565634,0.37308595
4.971089,-6.945766,2.8749764,-0.9272934,-0.47861293,0.36667186
4.135994,-10.49492,0.9170493,0.22815818,0.23426682,0.11591168
5.1146584,-16.831713,4.488337,0.14569137,-0.3463606,-0.48655418
1.0283155,-11.419746,0.07537391,-1.1826351,0.013897184,-0.5885687
2.824727,-5.7696934,-0.7363912,-1.0793989,-0.3746131,-0.16737708
-1.4548361,-9.723235,-0.24047868,-0.27320948,-0.6424775,0.14935656
-1.6947167,-10.12164,-0.8129615,-1.0433578,1.1226176,0.1704314
1.3387842,-7.648658,1.4099708,-0.11056661,1.7140878,0.23426682
3.866203,-9.595219,0.6305088,0.083383106,1.1914927,0.11942416
3.3559337,-9.14477,0.9128618,-0.3549127,0.7637343,0.16814066
3.7118661,-9.513265,0.7908279,-0.65301496,0.4978552,0.2060143
3.1902308,-8.58784,1.2029916,-0.95111716,0.4016439,0.33857206
1.0360922,-8.500503,2.3629124,-0.79779,0.8016079,0.024587326
3.7543387,-10.710873,0.9290134,-0.49678615,-0.34101552,0.35521814
2.789433,-10.246665,1.2831511,0.44180828,0.409127,0.6432411
-0.8572287,-9.436096,-3.615555,1.6079501,-0.6418667,0.8151997
0.5802595,-7.7850485,-0.019142581,2.5418103,-0.13057245,-0.030543262
6.8781686,-14.568103,-2.1870399,1.331839,-0.73807794,-0.24312437
1.2394822,-10.133006,1.0654043,0.68798697,-1.055117,-0.7991645
0.66041905,-8.160722,1.5403795,0.56398135,-0.8588765,-0.7049385
0.7704889,-8.150552,1.5942181,0.45646906,-0.5035057,-0.2866485
2.0015962,-7.882556,3.1657043,-0.2875648,-0.18616119,0.23136522
3.5162528,-7.637292,3.3894334,-0.71669763,0.008857546,0.44959682
6.456434,-7.437491,0.67477596,-0.872621,-0.08368854,0.21700987
4.221537,-19.89991,3.35713,1.1236867,0.36071593,-0.4111123
4.734798,-13.04866,-0.3074777,-2.1426098,-0.591623,0.3390302
1.9351953,-8.287541,-0.9314062,-0.818254,-0.39568797,-0.50518554
-0.7429714,-5.686543,-0.1160519,-0.7841983,-0.7467828,0.2649628
-1.6779668,-11.236695,-0.48873404,-0.06658431,0.9779953,0.021533
2.539383,-7.9298143,1.6971095,0.0106901415,1.4760032,0.041996986
3.1250265,-8.693125,-0.19082761,0.182496,0.73960507,0.23365596
3.586243,-8.855238,1.591227,-0.28069258,0.54199016,0.043676864
3.370889,-9.098708,0.74117684,-0.6621779,0.07376198,0.100334615
3.2386854,-9.537791,0.81954175,-0.8810204,-0.24174993,0.33505958
0.8141579,-8.114061,1.4129617,-0.74189585,0.5213735,0.31505376
3.5168512,-9.423533,2.592025,-0.20234911,-0.7237226,0.1142318
3.2165518,-12.7082815,-0.2542374,0.57848936,-0.02076942,0.80954915
-3.495914,-9.25125,-2.1649063,1.4026994,0.12858713,0.5560401
-0.18125631,-7.1934233,-0.38464624,2.617863,0.056199603,0.29428434
10.326226,-15.24886,-2.3838496,1.4300356,-0.8691085,-0.50885075
1.8215362,-8.59442,2.271985,0.31230485,-0.7939721,-0.6951646
-0.5916254,-9.51805,2.3539393,0.46975538,-0.9973902,-0.8903361
1.8514465,-7.393224,1.041476,0.74067414,-0.75823647,-0.21181752
0.799801,-7.9710903,2.3186452,-0.17516561,-0.4531093,0.15515977
1.6671991,-8.5681,2.594418,-0.29825497,0.24251351,0.41722095
4.651647,-7.062416,2.7529426,-1.0538952,-0.010231993,0.3155119
4.2771707,-12.308082,3.9774694,0.5874997,0.44165558,-0.057268616
6.83091,-11.793026,2.7834508,-1.4188873,-0.64660084,-0.16600263
2.8187451,-11.8588295,-0.79501534,-0.49235737,-0.267559,-0.33017266
-0.052043892,-6.126224,-1.2173486,-1.4433218,-1.3393221,-0.5694791
-3.4995031,-9.493524,-0.14955142,0.34681875,0.4699081,0.63606346
0.6999006,-8.660822,1.6977077,-0.7359399,2.090228,-0.27259862
3.6897326,-8.164909,0.36490545,0.06490443,1.5648841,-0.022602014
4.8179483,-9.8428755,0.9529416,-0.22602014,0.7655669,0.082924955
3.0610185,-8.417352,1.0474582,-1.0199922,0.30451632,0.123242065
3.5246277,-8.999406,0.56530434,-0.656222,-0.32360587,0.35964692
1.7431713,-8.29771,1.442872,-0.68279463,0.34391713,0.4541783
2.440081,-8.462217,2.9455647,-0.6055202,-0.14355333,-0.26282477
3.8237305,-13.743176,0.6903293,0.24846944,0.008552114,0.8732319
-1.3794622,-8.392825,-0.99900347,0.68676525,0.41416663,0.5850562
-2.5680969,-8.711071,-1.4243277,2.6381743,0.64919704,0.4970916
8.462815,-16.495522,-0.90029955,2.4410176,-0.5381723,-0.24617869
6.406184,-7.405786,0.07776674,0.19853121,-1.1267409,-0.6452264
-0.7680961,-9.058628,2.8923244,0.6026186,-1.3292428,-1.0033462
0.9068798,-8.658429,1.4273187,1.2232577,-1.2475395,-0.33169982
1.2287145,-8.444869,2.14038,0.03940081,-1.0178542,0.21273382
1.1688938,-8.455039,2.5549364,-0.09621128,-0.20265454,0.48395798
3.2596226,-7.2903323,2.7828526,-1.039998,-0.117438845,0.5448918
4.4775696,-8.755937,1.265205,-0.5925393,-0.38240165,0.5213735
4.9142594,-15.614365,4.415356,0.02855795,-0.27137688,-0.1919644
3.970889,-13.1282215,0.506082,-1.3709344,-0.7556403,0.07437284
1.07019,-6.925427,-1.1611172,-0.9550878,-0.8575021,-0.7163922
-2.4251258,-6.8195443,-0.631107,-0.5665775,-0.55481833,0.39492437
-1.5044873,-10.146166,0.4779663,-0.40973786,1.4101825,0.03283401
3.8733816,-7.838887,0.8703892,0.059101213,1.9084958,-0.20433442
3.2422748,-10.238888,0.50488555,-0.032986723,0.7276932,0.3005457
2.5459633,-8.275578,0.5587241,-0.5636759,0.8689558,0.0627664
3.0729825,-9.585648,0.39780676,-0.9108001,0.6291912,0.028252518
2.477768,-9.041879,1.3944174,-0.88789266,0.19898935,0.43310347
1.4548361,-8.72124,3.0753753,-0.6206391,0.58032197,0.14874569
4.5972104,-9.771091,1.012164,-0.41431937,-0.5360342,0.21578814
0.91106725,-8.809774,0.6269195,0.7512115,0.8773552,0.56337047
-4.4075794,-10.0983095,-2.9413772,2.4761422,0.3313944,0.92072666
5.4777694,-15.328422,-0.93619186,3.2739322,-0.4784602,-0.538325
6.8081784,-6.4642105,0.4229314,0.08170322,-1.0937542,-0.61422503
-0.31345975,-8.339585,3.4360933,0.6933321,-0.7620544,-1.181108
0.6664011,-9.126225,1.0947163,1.2730432,-1.322676,-0.33658674
0.2105684,-8.30788,1.7324036,-0.007330383,-0.70432764,0.24205536
2.4705894,-7.880761,3.199204,-0.38026363,-0.15042557,0.6411031
4.6121655,-7.0803623,2.9006991,-0.97234476,-0.6042985,0.644921
4.4165525,-8.007581,1.5266209,-0.41447207,-0.5627596,0.6096435
4.8640103,-16.543976,4.674379,-0.0070249503,-0.5910121,-0.1518
3.5383866,-19.68276,-2.3551357,-0.8368854,-0.33200526,-0.31627548
0.12801601,-3.2979078,0.03708875,-1.7652478,-1.4556919,-0.5448918
-2.9748766,-6.309275,-0.13459627,-0.124005646,0.183565,0.4633413
-1.2705889,-12.052648,0.046660043,-0.9960158,2.0744984,-0.10216721
4.9028935,-6.527022,1.7587247,0.118507855,1.8452712,-0.16814066
3.374478,-10.290334,1.0271192,-0.15928312,0.6452264,0.28710666
3.068795,-7.7790666,0.8757731,-0.70509124,0.52320606,0.0070249503
3.4953158,-9.202796,0.82911307,-0.6953174,0.40454552,0.05757405
2.6434708,-8.738588,1.5661024,-0.8043568,0.042913284,0.5170974
0.4354937,-8.8289175,2.134996,-0.7273878,0.46074513,0.24419338
5.252844,-9.540782,1.8855443,-0.3417791,-0.7609854,0.19746219
-0.05623133,-8.835498,-0.20877378,1.0644327,0.44516805,0.66416323
-4.402794,-10.57149,-1.5726827,2.2463043,0.005497787,0.58200186
5.428716,-16.70908,-2.7349963,2.5480716,-0.59956425,-0.2133447
5.896513,-7.7186475,0.9098708,0.17134771,-1.1009319,-0.68584895
1.4835501,-4.3800616,-1.4769697,-0.19272798,-0.5160284,-1.3417655
2.0027926,-9.276375,1.9495523,0.84894997,-0.61193424,0.14660765
0.25543383,-8.069196,2.1702902,-0.116217114,-0.25030205,0.41645738
1.8729819,-8.4400835,2.4430718,-0.40866885,0.07009678,0.6450737
4.615755,-6.75434,2.9886355,-1.0729848,-0.22082779,0.82772243
4.663013,-9.641879,3.3649068,-0.12690726,-0.2602286,0.6553057
3.7100716,-16.398611,4.6612186,0.15485434,-1.0341948,0.15347989
-0.36789647,-12.321242,-3.5880375,-1.0270172,-0.5833763,-0.3747658
-1.3232309,-7.4883385,-0.41874397,-0.47525316,-0.6805039,-0.6076582
-3.202195,-7.4458656,2.3150558,-0.03481932,0.88086766,1.1859949
0.86859465,-9.005388,0.7088737,-0.4392121,1.600467,0.13454308
1.0043873,-8.786445,0.069391854,-0.38789943,1.1678216,0.20219639
2.1302104,-9.420543,1.3603196,-0.38560867,0.9294315,0.021838432
1.9280169,-9.265009,-0.67118675,-0.95356065,0.38789943,0.0842994
1.268196,-10.532009,1.311865,-1.134224,0.19822577,0.22220223
2.7260232,-7.975278,1.8329022,-0.42577308,0.3173445,0.24663684
1.6881363,-11.145169,1.0444671,-0.4063781,-0.26328292,0.16417004
-0.9804591,-13.369897,-1.7300107,1.2696834,0.25488353,0.7171558
-1.4093726,-10.357931,-3.4043884,1.9101756,-0.8556695,0.83092946
2.3461626,-13.372888,-1.9334008,0.8051204,-0.6571383,0.7987063
2.2558336,-9.622736,0.25603202,0.8949176,-0.26618454,-0.41034874
-0.40079778,-6.7890363,1.3710874,0.5271767,0.11713341,0.3895793
-0.85124665,-8.36471,0.657428,0.4392121,-1.4259121,0.59330285
-1.0420742,-9.322437,2.3952155,1.019076,-1.3460416,1.0358747
0.18364914,-9.629914,2.42034,1.732872,-0.9804387,1.4367551
1.6378871,-10.583454,2.2660031,2.636189,-2.1449006,1.8500054
1.9040886,-8.316854,1.869991,2.8301387,-3.9576433,1.5720617
10.602597,-5.1792645,-0.6346962,-1.9381227,-4.7557387,1.8480201
18.09931,-11.471191,16.411175,-2.6846,-1.4227052,-2.106416
9.741181,-12.9021,14.143376,1.7143933,1.2205088,-5.989839
3.955934,-12.22852,14.678172,1.5894713,0.5511532,-6.9930325
2.288735,-12.722638,10.259826,3.2076533,0.2848159,-7.390248
-0.6975078,-9.369696,6.5659056,2.5525005,1.5822937,-6.319554
0.19860429,-5.9359946,5.6279187,0.66645396,4.0637813,-3.44528
1.4195421,-2.0703897,6.608378,1.1027645,1.8558086,-2.8571694
0.45702913,1.5936198,3.8739798,1.0781772,1.9784398,-1.4110987
0.9906286,3.3726835,7.135397,-0.71761394,2.6032023,0.049632803
3.2446675,4.5391846,10.328619,0.46502116,0.93218035,-0.2585487
2.4454648,5.9156556,8.200203,1.4885259,0.6733262,-0.41905355
0.88295156,6.0436716,7.576873,0.31795537,1.9700404,-0.48517972
-0.49950173,4.5535417,10.82812,-0.32650748,1.186453,0.089949906
1.463211,3.8374894,8.100901,1.0224357,-2.479044,0.5392413
0.8003992,4.648058,4.8137608,0.22785273,-1.4940237,0.41141775
0.16450655,4.6486564,7.8233337,-1.1980594,0.42623124,0.4961753
-0.718445,5.4107704,7.765308,-0.27870727,0.36667186,-0.24465153
-0.58564335,5.636892,7.8699937,-0.39553526,0.5655085,-0.065209866
-1.2460624,5.994021,9.802198,0.1337795,0.6436992,0.15592335
0.0849452,6.2931237,9.260822,1.0691669,-0.34040466,0.29000828
0.83988076,5.3330035,8.192427,-0.06307184,0.57436603,-0.8857546
-0.6089734,4.9986067,10.442278,-0.6423248,0.013591751,-2.1734586
-3.955934,4.6319065,9.106484,0.62949663,-0.036957346,-1.7304286
-3.3864422,5.2869415,8.530413,1.0554224,-0.10399981,-0.3284928
-2.544767,4.9986067,6.7561345,0.7498371,-0.7128797,0.71791935
-0.27158538,4.173681,7.2873416,-0.16493362,-0.57635134,1.3005321
-0.2757728,4.572086,7.914261,-0.3987423,-0.41890085,1.1249083
-0.3188436,5.6099725,7.085148,0.17547104,0.03772093,1.0042624
-0.23988047,6.7011,6.7387867,-0.39843684,0.84620106,0.7099781
-0.3487539,6.4163537,8.825328,0.060322944,0.33673948,-0.11835514
-0.91585284,6.4055862,8.366505,0.7480045,0.37827832,-0.19501872
-0.69332033,7.0600233,7.3232336,0.4558582,0.6440047,0.12461651
-1.3812568,6.8195443,8.319844,0.04886922,0.036193766,-0.05787948
-1.1018949,6.090332,8.414361,-0.33933565,-0.31215215,0.10415252
0.82911307,4.302295,9.283554,0.3587306,-0.48166725,0.18417588
0.12562318,4.640281,6.982855,0.14492778,-0.72143185,-0.1217149
0.22013968,5.116453,6.7890363,-0.18875736,-0.3324634,0.15210545
-0.09451649,5.838487,6.007181,-0.06872234,-0.03390302,-0.1385137
-0.5886344,5.94437,6.201598,-0.39752057,0.056505036,-0.22418754
-0.5288138,6.4444695,7.3770723,-0.2941316,-0.078343466,0.027641652
0.101694964,6.524031,7.5266237,-0.027030786,0.07925977,0.11071932
0.17467605,6.8165536,8.107481,0.2209805,0.52763486,0.14676037
-0.3164508,6.7178497,8.842676,0.6042985,0.49739704,-0.1020145
-1.2131611,7.3974113,8.708678,0.058490347,-0.4896085,0.02443461
-1.6133606,6.710671,8.929416,-0.16340645,-1.024421,0.43783766
0.5922236,3.1884363,6.492924,-0.85139346,-1.2783883,0.2753475
0.7304091,3.365505,6.526424,-0.33169982,-0.0070249503,-1.4446963
-0.87637126,5.512465,5.6386867,-0.66599584,-0.8698721,-0.4503604
0.119042926,2.5866413,4.8029933,-2.2565362,3.2157474,0.72295904
-2.5118656,1.1006985,7.8699937,-3.9171734,4.8209486,0.46654832
-3.8590248,1.6079768,13.416556,-1.9604193,4.8614182,0.18921551
-5.736792,4.1665025,10.800005,0.6620252,0.118507855,-0.572228
-5.3647084,2.3599212,9.309875,0.7370089,-1.7760907,0.6366743
-3.0705895,2.818147,10.509277,1.2403619,-0.5390886,0.312763
-5.5890355,4.9585266,9.192028,0.8347474,-1.8982637,0.15515977