accelerometer.x,accelerometer.y,accelerometer.z,gyroscope.x,gyroscope.y,gyroscope.z,Timestamp
-0.2886352539,-0.06571960449,-1.009246826,-0.04161721841,-0.2775754333,-0.2773706317,1733165920
-0.2753295898,-0.02076721191,-0.928527832,0.4927969277,-0.8527127504,0.07813555002,1733165920
-0.3585205078,-0.0454864502,-0.7922668457,-0.5381652117,0.4115105867,0.09849461168,1733165920
-0.2722320557,0.04652404785,-0.7942047119,-0.4667365551,-0.6600205302,0.02448723279,1733165920
-0.2850952148,0.1067352295,-0.6947784424,0.1192733943,-2.885928392,0.6048067808,1733165920
-0.2955322266,0.2280273438,-0.6776428223,-0.7533059716,-0.8265684843,1.435791135,1733165920
-0.4013977051,0.2707061768,-0.8355865479,0.07587372512,-3.333959341,2.760577202,1733165920
-0.3821411133,0.3047637939,-0.8441467285,0.698225975,-2.984873295,2.667638063,1733165920
-0.4563751221,0.2907867432,-0.9336547852,0.9444607496,-2.57296896,3.386234045,1733165920
-0.7526702881,0.1938323975,-0.9897918701,1.899572611,-2.095649004,3.614314556,1733165920
-0.997177124,0.1437225342,-0.6311950684,1.291012287,-0.5638098121,3.37528944,1733165920
-1.190231323,0.1816101074,-0.5433044434,0.5686384439,-0.2179531008,2.355095387,1733165920
-1.372329712,0.1542816162,-0.4177246094,-0.361725986,-1.522124171,1.112784028,1733165920
-1.737609863,0.1718597412,-0.640335083,-1.047870517,0.6922413111,-0.7889177799,1733165920
-0.682434082,0.4498138428,-0.3964538574,-1.682770491,0.1284162998,-0.454910785,1733165920
-0.8124847412,0.4119110107,-0.7597045898,0.1886769682,-0.6737773418,-0.5468689203,1733165920
-0.5534820557,0.6728363037,-0.003509521484,-0.1892295778,-3.408518314,0.3438250124,1733165920
-1.122955322,0.6767425537,-0.6815643311,0.7843608856,-2.559410334,0.4022675455,1733165921
-0.4936676025,0.5667877197,-0.1995697021,-0.1308261901,-3.137361765,0.406798929,1733165921
-0.4427032471,0.4830780029,-0.06491088867,0.2765695453,-3.106468916,0.3378555477,1733165921
-0.3315429688,0.4345550537,0.05665588379,0.1076859832,-2.311726093,0.7596147656,1733165921
-0.5283355713,0.2940368652,0.2085418701,-0.5412731171,0.03905019537,0.444848299,1733165921
-1.243743896,0.5339508057,-0.007949829102,-0.6752175689,0.2384783477,-0.4877978861,1733165921
-0.8731384277,0.7119293213,0.4723968506,-0.4073110521,-0.243171379,-0.3920625746,1733165921
-0.9677276611,0.839553833,-0.1957702637,0.3194126189,0.0486708656,-0.8662783504,1733165921
-0.3870391846,1.311233521,-0.8987426758,1.879278779,0.1016752273,0.5499510169,1733165921
-1.007629395,0.5456237793,0.2559204102,-1.793478131,0.5352525115,0.3568939567,1733165921
-0.1374053955,0.5902404785,-0.142578125,0.01983868517,0.05352447927,0.5683401227,1733165921
-0.5033416748,0.4730224609,-0.2735748291,1.428939104,-0.003725229762,0.8869308829,1733165921
-0.7194061279,0.556640625,-0.1553497314,1.508113265,0.4634036124,0.5389308333,1733165921
-1.141311646,0.6017456055,0.3241271973,-0.2761663496,1.369880795,0.6439155936,1733165921
-0.936920166,0.6733093262,0.1841888428,-0.07622792572,0.5648844242,0.6105709672,1733165921
-1.225036621,0.6366577148,0.3171691895,-1.027926922,-0.2604776621,0.1190686002,1733165921
-1.0209198,0.688293457,0.0626373291,-1.181339383,-0.5144044757,-0.01519253477,1733165921
-1.008178711,0.858581543,0.01763916016,-0.6429094672,-1.852332354,-1.310240388,1733165921
-0.6306304932,1.474731445,-0.8106842041,0.565350771,-1.692520142,-0.7295823097,1733165921
-0.4817962646,0.85546875,0.6295471191,-2.265066385,-1.712683916,-0.05409865454,1733165921
-0.255279541,0.5178375244,0.2038879395,-1.566630363,-0.7191376686,0.559710443,1733165922
-0.4072570801,0.5414733887,-0.1546173096,-0.3585381806,-0.06040661782,0.008191350847,1733165922
-0.2601470947,0.430480957,-0.1854248047,1.229228854,0.435297668,0.4413270652,1733165922
-0.2305755615,0.3834228516,0.2256774902,1.6211133,-0.126631707,1.240054846,1733165922
-1.07484436,0.4952850342,0.4255065918,0.4557850957,-2.069754124,1.54626143,1733165922
-0.4543457031,1.308074951,1.276596069,-1.542903662,2.01702714,-0.7577518821,1733165922
-0.73828125,0.3836517334,-0.1285095215,0.5535563827,0.9675266743,0.6229240298,1733165922
-0.6932678223,1.648284912,-0.9173431396,3.039225578,1.297742128,-1.965486646,1733165922
-0.3786468506,0.9125976563,0.1228790283,-0.1604067236,0.3619174659,-0.0532355234,1733165922
-0.48387146,0.6116333008,-0.02629089355,-0.4384638965,2.930324793,0.646794498,1733165922
-0.2508544922,0.6467285156,-0.3833312988,1.061684847,1.085038185,0.9905055165,1733165922
-0.381439209,0.6318206787,-0.007354736328,1.300658584,0.2684708834,-0.04425428063,1733165922
-0.82371521,0.542098999,0.1763458252,-0.2211973667,0.5899636745,0.912525773,1733165922
-1.050186157,0.7116851807,0.03955078125,-1.250888586,-0.2708147168,1.417980433,1733165922
-1.045883179,0.8121337891,0.4936676025,-1.577967644,-0.4593729079,1.984811544,1733165922
-1.159988403,0.6748352051,0.2375335693,-0.4709688425,-0.3107256591,0.9145428538,1733165922
-0.7679443359,0.6256713867,0.4993438721,-1.809798002,-1.519069791,0.9034385085,1733165922
-0.8753814697,1.276489258,-0.2030334473,-0.7931050658,-2.648458481,-1.686550856,1733165922
-0.7749786377,2.089263916,-0.1304168701,-0.8302138448,0.4271214902,-2.630702972,1733165922
0.2243499756,0.9515380859,0.8938446045,-3.58673811,-0.631274879,0.1876987964,1733165922
-0.2248535156,0.5501556396,0.04145812988,-0.5328330398,-2.1356318,-0.7040646672,1733165923
-0.2349853516,0.44190979,-0.1814422607,0.7818300724,-0.7839203477,-0.674949944,1733165923
0.0721282959,0.4797363281,-0.1578521729,1.551714182,-1.633944154,0.6180762649,1733165923
-0.445526123,0.4488830566,0.5788116455,1.81142807,-3.792911053,0.0857071802,1733165923
-0.2997894287,0.9827728271,1.682678223,-0.2467437387,3.137776852,1.554329753,1733165923
-0.533493042,1.290710449,0.4864196777,-0.5030924082,1.140256882,-0.6520526409,1733165923
-0.7447052002,1.464111328,-0.9217071533,3.126644373,2.722725391,-0.2192287594,1733165923
0.3943023682,0.6467895508,0.2433013916,-1.487542748,-0.7268898487,0.6875482798,1733165923
-0.4600524902,0.9296112061,-0.3355255127,1.285593629,2.818460226,0.03950453177,1733165923
-0.2648010254,0.6855163574,-0.04057312012,0.9353064299,4.248182774,1.100937724,1733165923
-0.3620452881,0.697479248,-0.03437805176,0.156599462,1.306118846,0.8341736794,1733165923
-0.4521484375,0.723739624,0.04461669922,-0.04162574187,0.2961688042,0.2303607762,1733165923
-0.6757354736,0.8330383301,0.1156005859,0.3902822733,0.8601954579,0.1786874533,1733165923
-0.8325500488,0.7926330566,0.2652587891,0.1521820724,1.297651887,1.204631925,1733165923
-1.228790283,0.98828125,0.0227355957,-0.7757884264,-0.05221926048,0.9775220752,1733165923
-0.773147583,0.8898925781,0.5410614014,-1.699082136,-1.450213432,0.1573992074,1733165923
-0.3167572021,1.364517212,0.3436279297,-2.989874125,-4.51345396,-0.04193999246,1733165923
-0.5964813232,2.011291504,-0.1569519043,-1.365674376,-1.79517591,-2.536750555,1733165923
0.1743469238,1.265319824,0.08833312988,-1.668747902,0.9876868129,-0.75769943,1733165923
-0.06733703613,0.4702301025,0.03567504883,-1.346675634,-0.651000917,-0.1148131341,1733165923
-0.2892913818,0.6652374268,0.05926513672,-0.6830161214,-0.05902070925,-0.4061017036,1733165924
0.1006164551,0.3821868896,-0.5350189209,1.452443004,-2.031320333,0.289442718,1733165924
-0.2589111328,0.3892364502,0.1968383789,2.273054838,-2.674886465,0.6168653369,1733165924
-0.4725952148,0.5712127686,1.343261719,-0.3743890524,-1.323501587,-0.2632952929,1733165924
-0.5209960938,1.587142944,1.198135376,-0.2504519224,2.746727228,-0.702499032,1733165924
-0.004165649414,0.1679992676,0.4004211426,0.9561459422,-1.457095623,0.7610203624,1733165924
-0.6924285889,2.091720581,-0.6593933105,2.321070671,2.365365505,-0.865411222,1733165924
0.6775970459,0.5320587158,0.4355621338,-2.797175169,-1.569440246,0.8938599229,1733165924
-0.6782531738,1.298080444,-0.4037322998,0.9886157513,4.057707787,0.3242428005,1733165924
0.005554199219,0.7993469238,-0.2276611328,2.504538059,-0.3609909415,0.6811004877,1733165924
0.06857299805,0.682510376,0.2365112305,1.603397608,0.2446768582,0.09076851606,1733165924
-0.3717041016,0.8009796143,0.2095489502,0.2468404174,0.3104175329,-0.691606164,1733165924
-0.77684021,0.9789276123,-0.0514831543,1.565235376,2.737272501,0.5344746113,1733165924
-0.6787872314,0.9744110107,0.7790527344,-0.4646989703,1.8746593,0.5522498488,1733165924
-0.9905700684,1.013427734,-0.06256103516,-0.582305789,0.8532320857,0.1186566055,1733165924
-0.9261932373,0.8516235352,0.5315551758,-2.438745975,-0.4047426879,-0.9869464636,1733165924
-0.4376068115,1.268249512,-0.6146240234,-2.068592787,-3.444984674,-2.075109482,1733165924
-0.7977294922,1.97088623,0.6698608398,-2.709721088,-0.6433928013,-2.889372587,1733165924
-0.1936340332,1.051940918,0.2454223633,-2.346894741,2.281769991,-0.2207315713,1733165924
-0.1004180908,0.3962249756,-0.03762817383,-1.381811261,-1.676779151,-0.3402217627,1733165924
-0.2177276611,0.643951416,-0.08361816406,-0.6702957749,-2.621744871,-0.9919041991,1733165925
0.4449310303,0.3609771729,-0.310256958,1.141742468,-2.824837685,0.1237959787,1733165925
-0.2250976563,0.2232818604,0.4223480225,3.645913124,-0.2481762469,0.7059264779,1733165925
-0.782699585,1.244552612,1.998916626,0.234405309,2.157788992,0.7140046954,1733165925
-0.337020874,0.8771362305,0.2804870605,-0.7877012491,0.1536936909,-0.7780225277,1733165925
-0.6476135254,1.466751099,-1.206420898,3.696686506,3.095555782,-0.6294320226,1733165925
0.1125335693,0.7712249756,-0.2458953857,-0.05062802508,1.26842308,0.7208154202,1733165925
-0.4337463379,0.7594146729,-0.4585876465,1.678383708,0.4504249692,0.08961057663,1733165925
-0.1647338867,0.7083129883,-0.2072753906,2.527532578,0.6479856968,0.8141080737,1733165925
-0.2804870605,0.8642425537,0.4970855713,-0.2224306762,0.7999771237,0.7620241046,1733165925
-0.504196167,0.7367095947,-0.07043457031,-0.1259456873,0.8618040085,0.1739765853,1733165925
-0.640045166,0.7880249023,0.2348175049,0.4499146938,1.71285677,0.7908941507,1733165925
-0.5025939941,0.8704833984,0.4674072266,-0.02297242731,0.4544263482,0.788847208,1733165925
-0.9827423096,0.9061737061,-0.1596069336,-0.3497937024,-0.78700912,-0.04625218362,1733165925
-1.15423584,0.9265289307,0.5554199219,-1.831936359,0.104841724,-0.9273257256,1733165925
-0.6076202393,1.22694397,0.237487793,-3.215802431,-2.633502007,-2.194272518,1733165925
-0.9248046875,2.149612427,0.4917144775,-2.42468667,-0.355745852,-2.14413619,1733165925
-0.2183380127,1.136245728,0.02334594727,-2.488243341,2.800829411,-0.02580123767,1733165925
0.05422973633,0.4743804932,-0.07542419434,-0.882050395,-2.994887352,-0.09032244235,1733165925
-0.3470306396,0.6835327148,-0.06568908691,-0.8175379634,-3.172813416,-0.9980017543,1733165925
0.2850036621,0.4288635254,-0.2639007568,0.4259837866,-2.453892469,0.0825124532,1733165926
0.08393859863,0.2113189697,0.2105407715,3.125162363,0.4859536588,0.605704844,1733165926
-0.7593383789,0.7437286377,1.251663208,2.616538763,1.370957255,0.2758904397,1733165926
-1.123291016,2.014480591,1.098922729,-0.9893065691,0.6670187712,-1.092600465,1733165926
0.213760376,0.4540557861,-0.9139404297,2.668440342,2.510113478,1.230506659,1733165926
-0.2027740479,1.721817017,-0.7864837646,-0.3224099874,1.148961663,0.07459381223,1733165926
-0.3208465576,0.5207824707,-0.1620635986,1.619275212,0.8845766783,0.1925350875,1733165926
-0.3098602295,0.7973937988,-0.3097991943,2.430286646,1.196576357,0.5183166862,1733165926
-0.198059082,0.8869628906,-0.245010376,2.000579119,1.956297636,0.734960556,1733165926
-0.367767334,1.004898071,0.332321167,-1.105244875,0.7197917104,0.06233794242,1733165926
-0.3639526367,0.8732910156,-0.1556091309,-0.3940349221,0.2658561766,0.8385868073,1733165926
-0.8685760498,0.8365325928,0.2799224854,0.07004433125,2.832700253,0.7472869754,1733165926
-0.8534088135,0.8370513916,0.06521606445,-1.40016067,-0.596014142,0.6152021885,1733165926
-1.632049561,0.7757720947,0.347442627,-1.756229043,0.4939503372,-0.7530372739,1733165926
-0.6647338867,0.9906463623,0.6517486572,-3.676455021,-0.9432466626,-2.948441267,1733165926
-0.6709136963,2.311218262,0.4370880127,-0.7858026624,-1.201956987,-1.971489191,1733165926
-0.0919342041,1.542572021,-0.1286010742,-1.57708931,3.219503403,-0.04646071047,1733165926
0.2131195068,0.4711761475,0.03106689453,-2.404693604,-0.7650047541,-0.5948143601,1733165926
-0.1304016113,0.5985870361,-0.2443695068,-0.6461015344,-4.805554867,-1.034346938,1733165926
0.3211517334,0.349319458,-0.2578735352,0.7703757882,-2.868045092,-0.1725217104,1733165926
-0.1465148926,0.2505187988,0.2446136475,3.379964828,-0.1694851667,0.174575001,1733165927
-0.8796386719,0.849609375,1.243087769,1.955739975,1.3044554,0.605129838,1733165927
-0.7647857666,1.624908447,0.9911499023,-0.3976384401,-0.6542931199,-1.051633596,1733165927
-0.05004882813,0.6017913818,-0.8957214355,2.442499161,2.516580343,0.7278507352,1733165927
-0.241104126,1.569274902,-0.8938751221,0.05615754426,2.164105654,0.01791295409,1733165927
-0.2857055664,0.8078765869,-0.2965545654,2.17357564,0.3099544048,0.3749904037,1733165927
-0.174331665,0.7026367188,-0.2450866699,2.055951357,0.7549302578,0.7874011397,1733165927
-0.1541900635,0.9123077393,0.2404022217,-0.4890900552,0.8134295344,0.6441797614,1733165927
-0.331451416,0.8672332764,-0.06057739258,0.03940413147,1.153000951,0.3834776282,1733165927
-0.5554656982,0.7843017578,0.06037902832,-0.1662425101,0.2953829169,0.9649583101,1733165927
-0.7788696289,0.9237823486,-0.0661315918,0.8654903173,1.584176302,1.040717244,1733165927
-0.770904541,0.8983764648,0.4917297363,-0.9612299204,1.619302869,0.3911270201,1733165927
-1.073913574,0.9651489258,0.2001342773,-1.970502496,0.5229684114,-0.3035364449,1733165927
-1.14956665,0.615234375,0.9160308838,-3.530299187,1.496694446,-2.049245834,1733165927
-0.6060791016,1.879394531,-0.4635162354,-0.0376075618,-4.848448753,-2.76668644,1733165927
-0.4638671875,1.872909546,0.3797149658,-0.7755963802,-0.8542781472,-0.6543658376,1733165927
0.2064971924,0.7729797363,0.2610321045,-1.791781902,1.244000912,-0.7095473409,1733165927
-0.02491760254,0.5662994385,-0.2613677979,-0.875926733,-3.692909002,-0.800778687,1733165927
-0.0234375,0.5346374512,-0.1884307861,-0.7071246505,-3.089425325,-0.4626680315,1733165927
0.2253723145,0.2232513428,-0.2159881592,2.334109783,-1.181300521,0.4217485785,1733165927
-0.4807128906,0.4756469727,0.8217468262,3.293046713,1.649791002,0.2450885773,1733165928
-1.538024902,2.152374268,1.216247559,-0.122134164,0.9425297379,-0.5973457098,1733165928
0.1127166748,0.466293335,0.1232147217,0.1289436072,2.281443357,0.106370911,1733165928
-1.024780273,2.120330811,1.150177002,-1.449469924,3.264206886,-0.6166142225,1733165928
0.1820526123,0.5441436768,-0.2769165039,1.243159056,1.914978504,0.6499708295,1733165928
-0.2127532959,0.7699127197,-0.3134765625,1.631949186,-0.1085592359,0.7268517613,1733165928
-0.2951660156,0.7457580566,-0.2480926514,0.6782608032,-0.3329108357,0.9844905138,1733165928
-0.3649139404,0.8972015381,-0.1652679443,0.7137463689,1.053556681,0.4676401615,1733165928
-0.6035614014,0.8400878906,0.5292205811,-1.529701829,2.280056477,0.373419404,1733165928
-0.7430114746,0.8396453857,0.03253173828,0.3158602118,2.619688749,1.049791217,1733165928
-0.7306365967,0.8095550537,0.6338043213,-0.2951136529,1.000100374,0.7032156587,1733165928
-0.988571167,1.035705566,0.03907775879,-1.046512008,-0.6026091576,-0.2276842892,1733165928
-1.165802002,0.7513275146,0.7831573486,-3.237210035,1.646778107,-1.981643796,1733165928
-0.5467987061,1.699920654,-0.6936340332,-1.029060841,-4.694396496,-2.800797224,1733165928
-0.378112793,1.836349487,0.7535858154,-1.297036409,-0.3595115542,-0.556676805,1733165928
0.004547119141,0.8787841797,-0.1389312744,-1.108207941,1.980533481,-1.217734694,1733165928
0.02487182617,0.5464019775,-0.1438140869,-1.448210955,-1.459126472,-0.9603127241,1733165928
-0.318862915,0.5521087646,-0.3466796875,-0.7770931125,-3.112829447,-1.368778825,1733165928
0.1669006348,0.2596130371,-0.2847900391,1.456328034,-2.308030844,0.2302177548,1733165928
-0.51612854,0.2782440186,0.8910522461,3.699593306,0.0307174325,1.193993688,1733165928
-1.383453369,1.977615356,1.497344971,-0.5714616179,0.6285092235,-0.1484182328,1733165929
0.09101867676,0.7204589844,-0.1179351807,0.08214600384,1.90655911,-0.1129198968,1733165929
-0.7659759521,1.812667847,0.2340240479,0.4307151735,3.962255001,0.3401477337,1733165929
-0.1473388672,0.90965271,-0.3980560303,0.8052543998,1.135627508,0.627240479,1733165929
-0.2311096191,0.7773742676,-0.357208252,1.120692253,-0.003382747294,0.6908362508,1733165929
-0.2276763916,0.5984802246,-0.2305603027,1.244020104,-0.4138754606,0.9721919894,1733165929
-0.3235931396,0.9274902344,-0.09024047852,1.400793672,0.4764107466,0.5632255673,1733165929
-0.4693450928,0.9050598145,0.2984924316,-1.436184764,2.253566265,0.7696825862,1733165929
-0.7035064697,0.7815704346,0.01556396484,1.37548244,1.589756966,1.295941353,1733165929
-0.9437866211,0.8611907959,0.5225372314,-0.6412135363,0.1777209938,0.5809773803,1733165929
-1.045059204,0.9870910645,0.1337585449,-1.446608901,-0.8250043988,-0.4009303749,1733165929
-1.305130005,0.6440124512,0.9147491455,-3.535711527,1.639492035,-1.97172904,1733165929
-0.7013244629,1.797439575,-0.7216949463,0.3005933762,-5.904149055,-3.569180012,1733165929
-0.5716705322,2.146072388,0.4456787109,-0.4744991362,-1.134243011,-0.7539963126,1733165929
0.0930480957,0.7725982666,-0.06321716309,-0.811163187,1.064699054,-1.115356088,1733165929
0.1716918945,0.5267486572,-0.1882324219,-1.034959555,-2.418263674,-0.6694792509,1733165929
-0.03701782227,0.4575195313,-0.2938690186,-0.8777448535,-3.688023329,-0.5282896757,1733165929
0.2466430664,0.2646789551,-0.3620452881,2.378133774,-1.293527484,0.2891825438,1733165929
-0.4471435547,0.7275085449,1.13458252,3.059123039,0.9662273526,1.148171306,1733165929
-1.201049805,2.133209229,1.12411499,-0.5114377141,0.8291621208,-0.5532357693,1733165929
-0.05429077148,0.5849761963,-0.1082611084,0.1974776536,2.799210548,0.3027390838,1733165930
-0.6259765625,1.697265625,-0.3312225342,1.263721108,3.081097126,0.188921988,1733165930
-0.3347015381,0.6840820313,-0.350769043,1.578187943,-2.474918127,0.8955997825,1733165930
-0.3724212646,0.7761077881,-0.2914123535,1.33026278,-1.005079389,0.5913948417,1733165930
-0.1842346191,0.9095306396,-0.1714630127,1.580088139,2.348089457,0.452236712,1733165930
-0.01931762695,0.8925476074,0.3359375,0.04882053658,1.224901438,0.5506700873,1733165930
-0.4302062988,0.9145202637,-0.06561279297,-0.0866824314,0.4748293757,0.8060379028,1733165930
-0.8055877686,0.7873077393,0.4618682861,-0.180402264,1.325640082,0.7987120748,1733165930
-0.9358825684,0.9004211426,0.1539916992,-1.47695446,-0.008819590323,-0.1301870346,1733165930
-1.454833984,0.5995788574,0.282119751,-2.503780127,1.597883105,-1.430759907,1733165930
-0.6539306641,1.532180786,-0.4535827637,-1.305937767,-4.978772163,-3.685171127,1733165930
-0.5264587402,2.294433594,0.7713012695,-0.4602922499,-0.9929249883,-0.8219282031,1733165930
-0.04560852051,1.111251831,-0.1307067871,-1.391147733,4.23378706,-1.141786337,1733165930
0.1157989502,0.4921112061,-0.1593322754,-0.04427238926,-3.647477388,-0.9447398782,1733165930
-0.2183532715,0.5819244385,-0.1558837891,-1.773561954,-4.579725266,-1.172011375,1733165930
0.4319610596,0.2698516846,-0.370010376,1.491533995,-1.712637901,0.3352999687,1733165930
-0.1302642822,0.4403533936,0.5261077881,3.763236523,0.1470192671,0.7848013639,1733165930
-1.670333862,1.8387146,1.747375488,-0.4519235194,2.345656157,-0.4747958183,1733165930
0.2380065918,0.4878845215,0.1988525391,-0.9044803381,1.474820256,-0.360788554,1733165930
-0.6185150146,1.842056274,-0.4252624512,0.8491603732,4.640428066,0.4818010032,1733165930
0.0318145752,0.802734375,-0.2169647217,1.18909204,1.086338282,0.4904592037,1733165931
-0.1574554443,0.7644042969,-0.4479370117,1.362817764,-0.93412745,0.9769886136,1733165931
-0.1822357178,0.8253936768,-0.2913208008,0.9865102172,0.3000399768,0.7947149873,1733165931
-0.2291717529,0.866607666,0.03796386719,0.2532423735,1.003691554,0.5967544913,1733165931
-0.4175415039,0.8001251221,-0.2162017822,-0.06892553717,1.449774861,0.5734880567,1733165931
-0.7354888916,0.7934265137,0.2042541504,0.12488015,2.301319838,0.8906814456,1733165931
-1.019638062,0.8177185059,0.4070129395,-0.8970402479,0.926640749,0.4866532683,1733165931
-1.220077515,1.015090942,-0.02445983887,-0.8970213532,-0.6435651183,-0.03040797263,1733165931
-1.108413696,0.581451416,1.222869873,-3.846461535,2.136458635,-1.869919896,1733165931
-0.5543212891,1.604171753,-1.005554199,0.4038089812,-5.864878178,-4.35597086,1733165931
-0.7468261719,2.223205566,0.3165588379,-0.795619905,-0.8412148356,-0.9698969126,1733165931
-0.1600646973,0.994354248,0.0694732666,-1.276124477,2.375173569,-1.152438998,1733165931
0.1137084961,0.391708374,0.147567749,-0.3091416061,-4.704035282,-0.6343961358,1733165931
-0.1359405518,0.5230407715,-0.2743988037,-1.002447605,-2.152450323,-0.9300709367,1733165931
0.448135376,0.4138031006,-0.3687896729,1.784150362,-1.332131505,0.2980127931,1733165931
-0.2875061035,0.5208740234,0.6828613281,3.610923529,0.8364155293,1.451233149,1733165931
-1.776870728,2.107025146,1.74786377,-0.4201197922,2.081814766,-0.4096775353,1733165931
-0.1123352051,0.2405853271,-0.0466003418,-0.3808320463,0.9120146632,-0.150235042,1733165931
-0.338394165,1.30758667,-0.2851715088,1.824069023,2.81711483,0.9115302563,1733165931
0.2583312988,1.700912476,0.2153778076,-0.6691117883,2.018634796,0.2898621857,1733165931
-0.01487731934,0.6551513672,-0.2611541748,1.579144001,0.5931203365,1.009582758,1733165932
-0.3319702148,0.7064819336,-0.2150421143,0.5624713302,0.1197983027,0.8177033663,1733165932
-0.2469787598,0.8611755371,-0.2469024658,0.5306984782,0.9781814814,0.9425526261,1733165932
-0.5470428467,0.9239807129,0.1549224854,-0.0494293347,2.890497208,0.7671299577,1733165932
-0.6892547607,0.7607574463,0.3067779541,-0.6279430389,2.445007324,1.432681561,1733165932
-1.143844604,0.8712615967,0.2069549561,0.2069063038,0.7092991471,0.7264429331,1733165932
-1.203125,0.908416748,-0.007354736328,-0.8935802579,-1.573039532,-0.6536121368,1733165932
-0.8984832764,0.8132171631,0.7653503418,-2.560777426,0.6857059002,-2.193256617,1733165932
-0.6373138428,1.495544434,-0.7621002197,-0.7272450924,-5.418775558,-3.83283639,1733165932
-0.4183349609,2.34967041,0.4826049805,-0.3172754347,0.5068799853,-0.4479428828,1733165932
0.106552124,1.003997803,0.2070617676,-1.476590991,1.565477967,-1.088062167,1733165932
0.1570739746,0.5813140869,-0.08529663086,-0.5920782089,-4.27333498,-0.6868380308,1733165932
-0.1626739502,0.5246276855,-0.309753418,-1.135939121,-3.020925283,-1.045832992,1733165932
0.4264526367,0.3585510254,-0.3686218262,2.06227231,-1.304062366,0.1527583897,1733165932
-0.2995300293,0.3743286133,0.5148162842,4.205999851,0.8500115275,1.171480656,1733165932
-2.132873535,2.190155029,1.645889282,-0.3844304979,0.6981194615,-0.5809483528,1733165932
0.1358032227,0.212387085,-0.02030944824,0.05980581045,1.328174114,-0.2316763699,1733165932
-0.3944091797,1.462799072,-0.2395782471,1.640877366,4.280456066,0.3788098991,1733165932
0.1871948242,1.064697266,0.1368408203,-0.4557936192,-0.6696603894,0.1368854195,1733165932
-0.1216430664,0.7477874756,-0.3934631348,1.648108959,0.43838799,0.8360338807,1733165932
-0.2767181396,0.8965606689,-0.1544494629,1.033953071,0.5539500117,0.7851579189,1733165933
-0.3768768311,0.8935394287,0.3672790527,-0.2564301789,2.186814547,0.7053656578,1733165933
-0.3841552734,0.799041748,-0.09051513672,-0.3531495333,1.165966749,0.8690496683,1733165933
-0.7872924805,0.7661437988,0.2231140137,0.3540800512,2.527512074,0.9600778222,1733165933
-1.064315796,0.7777557373,0.3061065674,-0.9283454418,0.6898223758,0.5663979053,1733165933
-1.308044434,0.9268035889,0.169418335,-0.6744759083,0.344422102,-0.3170133829,1733165933
-0.6706390381,0.7605743408,1.056442261,-4.447770119,0.7069488764,-2.424082279,1733165933
-0.7244262695,1.993057251,-0.5442657471,0.3085498512,-5.387322903,-3.476702452,1733165933
-0.4312896729,1.990783691,0.09748840332,-0.8869096041,0.04867779091,-0.1757782251,1733165933
0.2447509766,0.6403656006,0.07299804688,-1.20665729,-1.016275287,-1.196508527,1733165933
-0.03176879883,0.4828186035,-0.1365661621,-1.008727908,-3.497468233,-0.9969493151,1733165933
0.07620239258,0.4260864258,-0.4039916992,-0.2100051641,-2.910404921,-0.6375668645,1733165933
0.3463287354,0.2748260498,-0.3156585693,2.809089661,-0.6952320337,0.1988614351,1733165933
-0.7424621582,0.6794281006,1.586975098,2.180401564,0.9387459159,1.547620416,1733165933
-0.8661193848,2.169876099,0.8860168457,-0.1013327464,0.7723444104,-0.5042597055,1733165933
0.1104125977,0.2851409912,-0.303894043,1.084689498,2.344833136,0.8089730144,1733165933
-0.852935791,2.064819336,-0.101776123,0.6860718131,3.678351879,-0.25562644,1733165933
-0.06018066406,0.8351287842,-0.5506896973,1.09372139,0.3057439327,0.5841577053,1733165933
-0.1481170654,0.7853240967,-0.2415924072,0.8584755659,0.2650122344,0.6890372634,1733165933
-0.1800842285,0.7309417725,-0.227142334,0.6237307191,0.6058004498,0.9565541744,1733165933
-0.3476867676,1.007110596,-0.04725646973,0.3827782571,0.8214126229,0.6347671151,1733165934
-0.6383972168,0.863067627,0.1718902588,-0.5810706019,2.4029212,0.8940594196,1733165934
-0.8331451416,0.8288879395,0.09059143066,0.7645173669,1.898918509,1.258373141,1733165934
-1.071594238,0.8208465576,0.4328613281,-0.9390947819,0.1281228215,0.403318435,1733165934
-1.180725098,0.7928924561,0.007202148438,-0.5722690821,-0.120305635,-0.4963114858,1733165934
-0.6951904297,0.7284698486,0.8633728027,-4.042983532,0.4220447242,-2.767832041,1733165934
-0.5568084717,2.144241333,-0.3051147461,0.1286237538,-4.416422367,-3.282283545,1733165934
-0.4371185303,2.004348755,0.04837036133,-1.204194665,0.8038799763,-0.4127308428,1733165934
0.1659851074,0.4780273438,0.07330322266,-1.117652059,-1.879210114,-1.132918358,1733165934
0.08723449707,0.4598999023,-0.1802368164,-0.6929792762,-2.781114578,-0.7241638303,1733165934
0.003875732422,0.5657958984,-0.4663238525,-0.01818539575,-4.115255356,-0.7464947104,1733165934
0.2113647461,0.3013458252,-0.4326934814,3.682495356,-1.050407767,-0.3476248085,1733165934
-0.9289550781,0.9849700928,2.082458496,1.577947378,0.1396393925,1.047243595,1733165934
-0.2636413574,1.670791626,0.674331665,-0.6508504748,0.672257483,-0.6190856099,1733165934
0.2468109131,0.3977966309,-0.2949523926,1.183187366,3.174671173,1.129670858,1733165934
-0.9554138184,2.454986572,-0.3798828125,0.7570272088,4.000477791,-0.2329304516,1733165934
-0.1892547607,0.6401824951,-0.4967803955,-0.1628049016,-0.5349259973,0.5282462835,1733165934
-0.3470916748,0.8135375977,-0.3376617432,1.193404555,-1.406659365,0.6479958296,1733165934
-0.3302154541,0.8642425537,-0.1620635986,1.603611469,0.4274112582,0.7888038158,1733165934
-0.2814331055,0.7475128174,0.3500823975,0.8368152976,3.886151552,0.4923971891,1733165935
-0.4066314697,0.9339294434,0.2072143555,-0.5088698864,1.735500097,0.6699314713,1733165935
-0.6431121826,0.8381195068,0.03747558594,0.3297475576,0.8028194904,1.029908776,1733165935
-0.9085540771,0.8408660889,0.2088775635,-0.8917109966,-0.09232007712,0.406301707,1733165935
-1.384414673,0.947845459,0.02934265137,-0.2877992988,1.317320943,-0.4611026347,1733165935
-0.8506774902,0.6994476318,1.032394409,-4.494902611,1.377288103,-2.628302574,1733165935
-0.5152893066,2.014709473,-0.386428833,0.5896710157,-4.96592617,-3.286393404,1733165935
-0.4147338867,1.92137146,0.2603607178,-0.9577142596,-0.9156429768,-0.4626398087,1733165935
0.0687713623,0.7670440674,-0.2755279541,-0.9107864499,-0.3418484032,-1.187151432,1733165935
0.04879760742,0.4905853271,-0.09567260742,-1.386413932,-4.440691471,-1.005740166,1733165935
0.05360412598,0.435043335,-0.3780212402,0.01629748009,-2.232526302,-0.6630754471,1733165935
0.5357818604,0.3349304199,-0.2932128906,2.54113102,-0.8101271987,0.4588914216,1733165935
-0.3934936523,0.6443939209,1.081344604,3.422455549,1.661254048,2.259375811,1733165935
-1.180923462,2.481689453,0.98097229,-0.4696383476,0.3383607268,-0.6779023409,1733165935
0.1773223877,-0.1470794678,-0.7226257324,0.9979218841,2.34905529,0.7473450303,1733165935
-0.7987518311,2.228530884,-0.2913360596,0.8133954406,2.843342781,-0.121110715,1733165935
-0.002258300781,0.6816558838,-0.09394836426,0.6257392764,0.4094445109,0.6809868217,1733165935
-0.2172241211,0.7289733887,-0.1479949951,0.7355592251,-1.150565505,0.7449311614,1733165935
-0.2488555908,0.9382476807,-0.1290435791,1.12047863,1.331613541,0.8113738298,1733165935
-0.1711730957,0.7670135498,0.08222961426,0.5202117562,2.216632366,0.6843761802,1733165935
-0.3916473389,0.920135498,0.03024291992,-0.480794847,1.490055442,0.9198305607,1733165936
-0.8015594482,0.7182617188,0.1854705811,0.07928176969,1.329460144,1.062307239,1733165936
-1.222564697,0.8450775146,0.1617584229,-0.8089844584,0.07355757058,0.424741447,1733165936
-1.497207642,0.729598999,0.125869751,-0.7732352614,0.5468726754,-1.110869169,1733165936
-0.5000457764,1.151855469,0.6205291748,-2.894839287,-1.59495759,-3.662033081,1733165936
-0.5189819336,2.337615967,0.1865234375,0.7312768698,-4.437067032,-2.713269472,1733165936
-0.41456604,1.843048096,-0.1018981934,-1.144509435,3.556536913,-0.7341783643,1733165936
0.4191589355,0.5035247803,0.4478302002,-1.454288125,-1.204402089,-1.311286926,1733165936
-0.03378295898,0.5285186768,-0.2450408936,-0.3560686409,-5.175879002,-1.594925642,1733165936
0.240447998,0.2233276367,-0.2805328369,0.4907103181,-2.460933208,0.1426596791,1733165936
0.3092346191,0.2389678955,-0.2301025391,3.547158241,0.4406799078,1.042119384,1733165936
-0.9857940674,1.126220703,2.452697754,0.5299389362,-0.2908025384,0.9435400963,1733165936
-0.6177215576,1.336959839,0.2567901611,-0.2452925742,1.572615266,-0.3897392452,1733165936
-0.004318237305,1.008590698,-1.031173706,1.325975418,1.804213643,0.8437911868,1733165936
-0.1786956787,1.538772583,-0.2985687256,0.4549842775,1.706818819,0.5351079106,1733165936
-0.2428894043,0.6203308105,-0.2235565186,0.8257740736,-2.119343042,0.5469824076,1733165936
-0.3095855713,0.7545928955,-0.2836914063,0.9289201498,0.09658699483,0.6067623496,1733165936
-0.2352600098,0.9675140381,-0.1037750244,1.376792789,2.13882947,0.3424335122,1733165936
-0.396194458,0.916305542,0.3645782471,0.6729408503,2.773573637,0.9397104979,1733165936
-0.5592346191,0.8210449219,0.2267456055,0.3237021565,1.616148353,1.214918613,1733165936
-0.7662658691,0.9155578613,0.2981567383,-0.1165236831,1.390863538,0.7419007421,1733165937
-0.9416046143,1.074050903,0.03987121582,-1.770795941,-0.8724486232,0.2079558671,1733165937
-1.468719482,0.5038146973,0.2675628662,-1.286901712,3.603486061,-1.204904079,1733165937
-0.6772460938,1.283889771,-0.3026580811,-1.533270836,-6.012461662,-4.296133518,1733165937
-0.426361084,2.487380981,0.2895202637,1.012443542,-2.499065161,-1.361299515,1733165937
-0.2197723389,1.44090271,-0.07397460938,-1.45580852,5.302796841,-1.687243819,1733165937
0.110748291,0.6247406006,-0.01245117188,-0.8884236217,-5.10961771,-1.490947247,1733165937
0.04179382324,0.4443817139,-0.2863006592,-0.9180738926,-3.506571054,-1.051137447,1733165937
0.5517883301,0.4709014893,-0.4002075195,0.9916333556,-2.101076603,0.05779006332,1733165937
0.2890930176,0.1260986328,0.1409606934,3.402835608,0.2164369673,1.274760365,1733165937
-1.26449585,1.465911865,2.635910034,-0.655466795,0.4147620499,0.8371587992,1733165937
-0.3131408691,0.7124633789,-0.02345275879,-0.4918469787,1.759124637,-0.3320575655,1733165937
-0.1982574463,0.9169464111,-0.9134368896,1.857804894,0.8917965293,1.104739666,1733165937
-0.2516784668,2.110946655,-0.5274047852,1.24689734,2.903449059,-0.0981002003,1733165937
-0.1945648193,0.4730377197,-0.2714691162,0.4028206766,-1.360118389,0.3062358201,1733165937
-0.2264099121,0.9112854004,-0.3034362793,0.7637762427,-1.291714668,0.6819588542,1733165937
-0.2181243896,0.8291625977,-0.1478271484,1.366408825,1.282875538,0.5415548682,1733165937
-0.270904541,0.8134918213,0.2774505615,1.393041253,3.576702356,0.9993341565,1733165937
-0.4581756592,1.01171875,0.1959228516,-0.4087302387,0.1628637463,1.254610658,1733165937
-0.7467498779,0.8849334717,0.01419067383,0.7593804002,0.9157503247,1.063518763,1733165937
-1.024078369,0.8399047852,0.3500976563,-1.341357827,0.4177540839,0.01096450072,1733165938
-1.384307861,0.8093719482,-0.03715515137,-1.265674233,0.4508068562,-1.31888628,1733165938
-0.8955535889,1.209442139,0.3361053467,-2.169469118,-2.602587938,-4.171197414,1733165938
-0.4613494873,2.444671631,0.171585083,0.4367874563,-4.170891285,-1.754460454,1733165938
-0.0831451416,1.581863403,-0.2239227295,-1.106900573,4.743523598,-1.804393649,1733165938
0.1906890869,0.5875854492,0.05601501465,-0.8305544257,-3.666217566,-1.353235483,1733165938
0.01055908203,0.5535583496,-0.3245391846,-1.048312068,-3.594544888,-1.557247758,1733165938
0.283996582,0.3072814941,-0.3863525391,0.3405522406,-3.542246103,-0.2478681207,1733165938
0.190322876,0.02941894531,-0.2018280029,3.702658892,-0.5583003163,0.5677230954,1733165938
-1.149383545,1.205688477,1.926620483,1.802033782,0.9610277414,1.199459791,1733165938
-0.4092254639,1.438720703,0.4464569092,-0.8005499244,-0.1494126618,-0.80422616,1733165938
0.181930542,0.7500610352,-1.080093384,2.116336584,2.749115467,1.068483949,1733165938
-0.4250030518,2.024642944,-0.4430999756,0.6891493797,2.332081079,0.2226383984,1733165938
-0.1091461182,0.6862640381,-0.1999206543,1.2027421,-2.357392311,0.8764867783,1733165938
-0.1761169434,0.7881164551,-0.2286224365,0.6815396547,-1.29273808,0.2804966271,1733165938
-0.04487609863,0.9367675781,-0.1124572754,1.660395741,1.849640965,0.4263382554,1733165938
-0.1878204346,0.9355163574,0.3332214355,0.397000879,2.978426933,0.4754480124,1733165938
-0.4523773193,0.8863220215,0.09976196289,-0.3214600384,0.4614850581,1.193815231,1733165938
-0.7619781494,0.9093170166,0.07862854004,0.940792799,1.192276955,1.261674643,1733165938
-0.9615631104,0.9069519043,0.2669830322,-1.241887927,-0.3294945359,0.3263251185,1733165938
-1.153839111,0.8010559082,0.01164245605,-0.3946075141,0.6197109222,-0.5794452429,1733165939
-0.7433166504,0.7895507813,0.8517150879,-3.933458805,0.2162577361,-3.388725996,1733165939
-0.4968261719,2.307266235,-0.1349029541,0.09326736629,-5.200942516,-2.900120258,1733165939
-0.2042541504,1.832290649,-0.1870422363,-0.7292592525,3.181615829,-0.550023973,1733165939
0.219329834,0.5703277588,0.3988037109,-1.155747414,-1.280522466,-1.398116708,1733165939
0.0401763916,0.5403289795,-0.2374420166,-0.9349756837,-4.044987202,-1.358252048,1733165939
0.2093353271,0.3778381348,-0.3558044434,-0.09641016275,-2.808670282,-0.3687876165,1733165939
0.3386077881,0.2312774658,-0.2713623047,2.672926664,-1.093127489,0.3211548626,1733165939
-0.4626312256,0.9456329346,1.493621826,2.096388817,1.304158449,1.976905704,1733165939
-1.008743286,2.117279053,0.5827789307,-0.6258335114,0.2750645876,-0.6877427101,1733165939
0.1326599121,-0.04176330566,-0.3849182129,1.61394906,2.024425745,1.257887363,1733165939
-0.6188659668,2.237060547,-0.2569274902,0.5104619265,1.575164914,0.1155518964,1733165939
0.005157470703,0.7136383057,-0.1325683594,0.9411984086,0.142789647,0.6648523211,1733165939
-0.1845550537,0.6561584473,-0.1038360596,0.6113381982,-1.379112601,0.3146519363,1733165939
-0.1492767334,1.09803772,-0.2171630859,0.9218236208,0.6049309373,0.4702314138,1733165939
-0.1072998047,0.807510376,-0.06195068359,1.009790778,2.211411953,0.5426923037,1733165939
-0.3786468506,0.96144104,0.2518615723,0.5118023157,2.13610363,0.9555984139,1733165939
-0.6980438232,0.8419036865,0.1937561035,0.5305925012,1.169181228,1.197625875,1733165939
-0.7893066406,0.9291687012,0.2122192383,-0.409977138,0.08367092907,0.5464153886,1733165939
-1.169662476,1.146392822,0.01731872559,-0.8822589517,-0.1149881035,0.03143595159,1733165939
-1.248886108,0.5678710938,1.062240601,-3.313465595,2.733129025,-2.620170355,1733165940
-0.4677734375,2.028823853,-0.6977539063,-0.7964193821,-5.936059475,-3.463792801,1733165940
-0.07090759277,2.081283569,0.1954803467,-0.2710719705,-1.193417907,-0.3225626051,1733165940
0.1976470947,0.8500671387,-0.2216033936,-0.8697668314,1.249124527,-1.663578749,1733165940
0.01940917969,0.5958709717,-0.2682647705,-1.148936391,-4.219409466,-1.295849681,1733165940
0.05363464355,0.4453125,-0.3904418945,-0.2501885295,-2.124106646,-0.5394759774,1733165940
0.5870819092,0.2818450928,-0.2957763672,1.924267054,-1.669319987,0.2301442474,1733165940
-0.08308410645,0.4912872314,0.7274169922,3.929807663,0.8758247495,2.350819111,1733165940
-1.646774292,2.967269897,1.106414795,-0.2887614965,1.218599439,-0.7642358541,1733165940
0.09852600098,-0.1251220703,-0.4357452393,0.3357220888,1.97672677,0.9692899585,1733165940
-0.6449584961,2.282745361,-0.3055114746,0.1967990845,0.3699271977,-0.108282268,1733165940
0.02426147461,0.5665283203,-0.1334075928,1.206954479,-0.159911111,0.6402159333,1733165940
-0.2400817871,0.8354797363,-0.1463165283,1.238534451,-1.067569137,0.3999804258,1733165940
0.03948974609,0.8977508545,-0.234375,1.300914288,1.761086941,0.4819368124,1733165940
-0.05479431152,0.9367675781,-0.0450592041,1.170854449,1.614284158,0.3646501303,1733165940
-0.3206787109,0.9614715576,0.2856445313,0.363545984,2.051039696,1.001021028,1733165940
-0.5277252197,0.8621520996,0.1316070557,0.8157835007,0.8552027941,1.307919621,1733165940
-0.8578643799,0.9781799316,0.365447998,-0.2671651244,0.8350426555,0.572516799,1733165940
-1.097991943,1.18196106,0.1554107666,-1.709666371,-0.4608472288,-0.2078977972,1733165940
-1.299591064,0.6948699951,0.8682556152,-3.248895407,2.616195679,-2.716585398,1733165940
-0.3134918213,2.07194519,-0.4958953857,-0.9943457842,-5.661129475,-3.319750309,1733165941
0.09532165527,2.208877563,0.1725921631,-0.3700278401,0.8121660948,-0.3633124232,1733165941
0.3415679932,0.7190246582,0.2796478271,-1.381034136,-1.584190726,-1.559632897,1733165941
-0.134475708,0.5796203613,-0.334274292,-1.356258392,-3.362426281,-1.448090315,1733165941
0.1141357422,0.4721679688,-0.3659667969,-0.02666117251,-2.001806736,-0.3098065853,1733165941
0.5827789307,0.3469238281,-0.2538452148,1.715580106,-1.615185857,0.07894781232,1733165941
0.03555297852,0.4080810547,0.6969909668,3.622748613,0.768386662,2.373011351,1733165941
-1.645904541,2.947357178,1.346069336,-0.1128091067,1.847220421,-0.8476545811,1733165941
0.03454589844,0.1061401367,-0.5999908447,0.2781812847,1.321984053,0.8073955774,1733165941
-0.5527191162,2.007568359,-0.1929931641,-0.4525549412,1.26809454,-0.2768648863,1733165941
0.07011413574,0.65965271,-0.1850891113,1.414311647,-0.1429009587,0.9791846871,1733165941
-0.214553833,0.8291625977,-0.2236022949,1.199827075,-0.3468711376,0.5166897178,1733165941
0.01895141602,0.8609313965,-0.1887054443,1.366727114,1.315459609,0.5825616717,1733165941
-0.1713867188,0.9364929199,0.02296447754,0.9722018838,1.887718916,0.3168621063,1733165941
-0.378692627,0.9378204346,0.2059173584,-0.1212156415,1.288542747,0.9939239621,1733165941
-0.4752960205,0.9819641113,-0.03593444824,1.115845799,0.4614158273,1.266477108,1733165941
-0.7790527344,0.954208374,0.4980163574,-0.6159864664,0.8603008986,0.5531278849,1733165941
-1.063186646,1.170715332,0.01287841797,-1.373855829,-0.2300944477,0.1639452577,1733165941
-1.581100464,0.6276550293,0.9595489502,-2.680510998,3.307507992,-2.18774271,1733165941
-0.4457397461,1.841491699,-0.8152008057,-0.4292951822,-5.620629787,-4.067198277,1733165941
-0.1291503906,2.283950806,0.3339233398,-0.0001395496365,-2.451021194,-0.9728189111,1733165942
0.1109313965,1.066497803,-0.4889678955,-0.8013933897,1.946917176,-1.615624547,1733165942
0.1722412109,0.5026397705,-0.2575073242,-1.031977296,-2.822182894,-1.163829327,1733165942
-0.01095581055,0.4586639404,-0.2515106201,-0.6712577343,-2.881196022,-0.7494497299,1733165942
0.4762115479,0.3124694824,-0.5144195557,1.497829437,-2.234754801,-0.0315027982,1733165942
0.1461639404,0.4178314209,0.3795013428,3.944031,0.7486907244,2.167752028,1733165942
-1.737670898,2.42401123,1.233779907,0.08477933705,1.694457531,-0.4267292023,1733165942
0.05844116211,0.2445983887,-0.09475708008,0.32878986,1.853825927,0.5162705779,1733165942
-0.4736175537,2.028274536,-0.1817474365,-0.3760306239,1.755305409,-0.2898400724,1733165942
0.2580871582,0.6221923828,0.0005340576172,0.8603197932,1.001507521,0.7387997508,1733165942
-0.1740112305,0.8960418701,-0.2047271729,1.033330679,-1.12986505,0.6246002316,1733165942
-0.01609802246,0.834197998,-0.2372436523,1.137595296,0.7662960887,0.6748173237,1733165942
-0.1287841797,0.9729156494,-0.06623840332,1.026866913,1.404390812,0.4555701911,1733165942
-0.3344726563,0.919631958,0.1802825928,0.5081843734,2.781923771,1.067635179,1733165942
-0.5744018555,0.9536437988,0.1378326416,0.5312460661,0.9585843086,1.29274869,1733165942
-0.654083252,0.9405670166,0.3495330811,0.3799294829,1.303075433,0.7399781942,1733165942
-0.8664855957,1.043670654,0.07495117188,-1.475443125,-1.023532987,0.1754538417,1733165942
-1.464828491,0.7129669189,0.280166626,-1.534035921,3.237202168,-1.279556513,1733165942
-0.5087585449,1.348129272,-0.05952453613,-1.927377582,-2.610205412,-4.084873676,1733165942
-0.4476623535,2.356079102,0.2383270264,0.4607761204,-0.8293864131,-2.219121456,1733165942
-0.2920074463,1.47038269,-0.3085632324,-0.04954358563,1.559207082,-1.513665676,1733165943
0.1485443115,0.5557250977,0.1515045166,-1.032508612,-2.71492815,-1.422221184,1733165943
-0.08250427246,0.5699310303,-0.3690338135,-0.7055584788,-3.492045403,-1.174827456,1733165943
0.4602203369,0.3515319824,-0.4292297363,1.100746751,-2.295112371,0.003987018485,1733165943
0.3842315674,0.3482971191,0.1588592529,3.241378069,-0.9650531411,1.637546301,1733165943
-1.288116455,1.653625488,2.186645508,-0.2651970387,1.722112298,0.6513948441,1733165943
-0.5221252441,0.3918609619,-0.06895446777,-0.2034138441,2.491572618,0.1320517808,1733165943
-0.3450317383,1.634643555,-0.4954223633,0.7032889128,-0.4763005078,0.4051972926,1733165943
0.03813171387,1.211044312,-0.115524292,0.2230743617,4.989539623,0.1429387778,1733165943
-0.140625,1.015960693,-0.1198272705,0.8927898407,-0.2806178033,0.5912265778,1733165943
-0.05484008789,0.7235870361,-0.2886810303,0.1735480875,-1.727357388,0.9281095266,1733165943
-0.1245269775,0.9406738281,-0.20362854,0.721444726,0.6747728586,0.5070493817,1733165943
-0.2551574707,0.8907165527,-0.05686950684,0.6033663154,0.4724825919,0.7964358926,1733165943
-0.6611480713,0.9725036621,0.2077789307,1.219044924,3.603038311,1.165956736,1733165943
-0.8654327393,0.8518066406,0.5431365967,-0.4996790588,0.9525120258,0.9825487733,1733165943
-0.8068084717,0.9972686768,-0.03498840332,-0.7628683448,-2.203962326,0.2773061693,1733165943
-1.567276001,0.7715606689,0.2230682373,-0.8330868483,3.569448471,-1.065719843,1733165943
-0.4186859131,1.06211853,0.0669708252,-1.99791646,-2.348311186,-4.547726631,1733165943
-0.4834289551,2.537719727,0.2209320068,0.119841449,-0.3088238835,-2.827982664,1733165943
-0.2154846191,1.674316406,0.0210723877,0.06179785356,0.9246972203,-0.7587372661,1733165943
0.2049865723,0.5302886963,0.08581542969,-0.8256902099,-2.981063128,-1.48033917,1733165944
0.008239746094,0.4689025879,-0.3754882813,-0.3440569639,-2.643208981,-1.103908181,1733165944
0.4601135254,0.3796234131,-0.4240264893,0.7189003825,-2.449405909,0.04096474499,1733165944
0.4058380127,0.2811126709,-0.2015533447,3.260062218,-1.396737695,1.9428128,1733165944
-1.793075562,1.616928101,2.111068726,0.3877317607,3.212747335,0.7476869822,1733165944
-0.1647033691,0.6991882324,-0.02906799316,-0.1014517918,2.039338589,0.1801005304,1733165944
-0.2149200439,1.689315796,-0.4851226807,0.2732461989,0.4139915705,0.1168826744,1733165944
0.1863098145,0.7048034668,0.02449035645,0.3805769086,2.397634506,0.4281124771,1733165944
-0.2027740479,0.9355163574,-0.1591339111,0.3236984313,-0.1109571457,0.7327620983,1733165944
-0.1093902588,0.8117218018,-0.3263549805,0.5305386782,0.02527686022,0.7432568073,1733165944
-0.1728057861,0.924118042,-0.1114044189,1.085480213,0.5567950606,0.5670479536,1733165944
-0.3531799316,0.9494018555,0.02366638184,0.9252527356,2.554256439,0.8059383035,1733165944
-0.5888977051,0.9462280273,0.2824554443,0.370470196,2.196041584,1.329846025,1733165944
-0.722076416,0.9391326904,0.4289093018,-0.09824108332,0.312889725,0.9668808579,1733165944
-0.8123168945,1.048202515,-0.02485656738,-0.5644391179,-1.143657804,0.2039818913,1733165944
-1.656738281,0.7063598633,0.7684020996,-2.423707247,3.339874744,-1.68438518,1733165944
-0.4914398193,1.508010864,-0.7157440186,-0.4962097704,-3.66179204,-4.145770073,1733165944
-0.371887207,2.345153809,0.2289733887,-0.3397154808,-0.9363751411,-1.682574272,1733165944
0.02444458008,1.295669556,-0.1146240234,-0.1381818354,0.3854113519,-0.7647711635,1733165944
0.2604522705,0.5800933838,-0.03923034668,-0.5163975954,-1.710419178,-1.504749179,1733165944
0.1912994385,0.4934082031,-0.3523254395,-0.8058168888,-3.402992725,-1.07276094,1733165945
0.4637298584,0.3221588135,-0.3626556396,0.9433653951,-2.226012468,0.03484000638,1733165945
0.1917114258,0.3880157471,0.4217376709,3.033636808,-1.380485535,2.456994534,1733165945
-1.689987183,2.150787354,1.230819702,0.3988517821,3.256216764,0.0430643782,1733165945
-0.1089782715,0.4100646973,-0.2725982666,0.1514941901,1.355581522,0.6151452065,1733165945
-0.5031585693,1.929824829,-0.2783050537,0.1427286565,-0.2308113724,-0.6754493117,1733165945
0.5986328125,0.5749664307,0.1929626465,1.191135287,2.302218676,0.8157243729,1733165945
-0.06072998047,0.9627227783,-0.1636505127,0.3106726408,-0.2295418531,0.7024814487,1733165945
0.06491088867,0.7473602295,-0.3020935059,0.4000427425,0.07065552473,1.030145288,1733165945
-0.1093292236,1.100875854,-0.1076965332,0.7200420499,0.6028382182,0.6220877767,1733165945
-0.2585754395,0.8841705322,-0.06164550781,0.389500618,0.02089968883,0.938346982,1733165945
-0.6774749756,1.086334229,0.05612182617,1.384629846,3.541618824,1.359341025,1733165945
-1.116363525,0.9235992432,0.813369751,-0.7044138312,2.60097909,0.8299046159,1733165945
-1.004608154,1.061813354,-0.1848602295,-0.8641155958,-1.60153532,0.04534883797,1733165945
-1.454605103,0.6373748779,1.348632813,-2.597325802,1.965316176,-2.379240036,1733165945
-0.5796203613,1.739379883,-0.9253540039,-0.7082602382,-6.88465786,-4.939889908,1733165945
-0.3211212158,2.722702026,0.06518554688,0.1175756305,-0.6431901455,-0.9386801124,1733165945
-0.05133056641,1.250854492,-0.1414337158,-0.2863880992,3.138732195,-0.8290060759,1733165945
0.2066802979,0.4696807861,-0.1080322266,-1.289732456,-4.145330429,-1.297798395,1733165945
0.1643676758,0.4432983398,-0.3706817627,-0.7372322083,-2.712446928,-0.9563382268,1733165945
0.5643157959,0.2906494141,-0.5392303467,1.00110352,-2.068634033,0.08268502355,1733165946
0.1248168945,0.5310668945,0.2777557373,3.888687134,-0.8155691028,2.721029997,1733165946
-1.637649536,2.420761108,1.246704102,0.1103107929,2.426935434,-0.1836664975,1733165946
-0.003479003906,0.5678405762,-0.297744751,0.1525381356,2.77078557,0.3496024609,1733165946
-0.3477172852,1.845123291,-0.1348114014,-0.1985269338,0.6139243841,-0.4380851984,1733165946
0.2435760498,0.2576599121,-0.1528930664,0.2345568389,0.799079597,0.8653939366,1733165946
-0.1403961182,1.413528442,-0.4425354004,0.4888405204,-0.7215893269,0.8706622124,1733165946
-0.00959777832,0.878326416,-0.2763366699,1.050958753,-0.5216969848,0.683475256,1733165946
-0.09358215332,0.9546203613,-0.04878234863,1.148401618,0.04108724743,0.5477925539,1733165946
-0.3553009033,0.9644775391,0.1109008789,1.699050188,2.68833971,1.04820931,1733165946
-0.3478240967,0.8815765381,0.378112793,0.3948580921,4.108273983,1.004503131,1733165946
-0.8123168945,0.8895263672,0.2331848145,-0.5406842828,-0.08537588269,0.9438130856,1733165946
-1.274353027,1.135284424,0.1028137207,-1.029392719,-0.879707098,-0.1269747317,1733165946
-1.610183716,0.6904296875,0.8127593994,-2.901192904,1.256758213,-3.204456568,1733165946
-0.4584655762,2.216934204,-0.7682037354,-0.4403632581,-5.775985241,-4.421811581,1733165946
0.04486083984,2.51361084,-0.0248260498,0.5400070548,0.5581002831,0.3123192787,1733165946
0.08654785156,0.7407836914,-0.1877288818,-0.6895424724,0.7698173523,-1.407310963,1733165946
0.1960754395,0.5733642578,-0.2788391113,-1.23028481,-5.813292027,-1.570851207,1733165946
0.3962249756,0.4389190674,-0.5273284912,-0.0501878038,-1.895449519,-0.5477738976,1733165946
0.5486602783,0.3391571045,-0.4454956055,1.361558914,-2.09356308,0.3392904401,1733165946
0.2117156982,0.7046813965,0.3443145752,4.000238419,-0.7672673464,2.354953527,1733165947
-1.320571899,2.319030762,1.176879883,0.2939693034,2.263172626,-0.3267410994,1733165947
-0.07255554199,0.3790283203,-0.2409667969,0.7211592793,2.775246143,0.6982209086,1733165947
-0.2958221436,2.010940552,-0.3661804199,-0.0294242017,-0.3675694764,-0.2158891559,1733165947
0.2478485107,0.6353759766,-0.07778930664,0.5889647007,0.912838161,0.3171622455,1733165947
0.1062011719,0.7549438477,-0.095703125,0.59323138,0.8547500968,0.7479810119,1733165947
0.1370391846,0.9283294678,-0.2174835205,0.6789020896,0.4361948967,0.8173441291,1733165947
-0.08961486816,1.003692627,-0.08905029297,0.4997626841,-0.3772623241,0.5586534142,1733165947
-0.1660919189,0.9238739014,-0.04302978516,-0.05251061171,-0.1693504155,0.8158397079,1733165947
-0.5431671143,1.127792358,0.1124420166,1.081666827,2.605333567,0.8906359076,1733165947
-0.9504394531,1.065948486,0.6332092285,-0.5377585292,2.874525785,0.8410068154,1733165947
-1.090606689,1.114303589,-0.01184082031,-1.007799506,-0.1681794226,-0.2372242659,1733165947
-1.382446289,0.7832183838,1.306793213,-2.884899378,2.243708849,-2.749930859,1733165947
-0.4304504395,1.90145874,-0.7654266357,-0.9257198572,-6.011329651,-4.774504662,1733165947
0.1891784668,2.648040771,0.07809448242,1.02580595,-1.779023051,0.3040286005,1733165947
0.05032348633,0.827911377,-0.04956054688,-0.9234034419,2.497751236,-0.7289950848,1733165947
0.1876373291,0.5214538574,-0.009170532227,-1.588952661,-3.213243723,-1.267613053,1733165947
0.1604766846,0.55078125,-0.3683319092,-0.7450363636,-3.320485115,-1.154958129,1733165947
0.4211730957,0.4546966553,-0.529510498,0.9795647264,-1.917884469,-0.2074919343,1733165947
0.3424530029,0.365234375,0.05816650391,3.196604252,-1.850233793,1.624010801,1733165947
-1.26461792,1.953811646,1.843200684,0.2823009193,3.400832891,1.030603647,1733165948
-0.2054595947,0.728805542,0.1261749268,0.4747529328,2.331987143,0.08262430876,1733165948
0.08000183105,1.644836426,-0.5537261963,0.5450510383,-0.009185508825,0.8538922668,1733165948
0.03492736816,0.7875213623,-0.2120361328,0.5096091628,-0.4577971101,0.01648470014,1733165948
0.02383422852,0.7210235596,-0.1295471191,0.6475750208,0.2245827764,0.7026857138,1733165948
-0.03227233887,0.9182434082,-0.2208709717,0.9199306965,0.9485729933,0.3228978813,1733165948
0.06498718262,0.9557952881,-0.02763366699,0.5744712949,0.6785358787,0.3712033629,1733165948
-0.1677856445,0.8613739014,-0.07273864746,-0.1204933897,0.01960672438,0.5108289123,1733165948
-0.3585205078,1.065795898,-0.07110595703,1.105864882,2.500532389,0.9332911968,1733165948
-0.580368042,0.9993133545,0.08703613281,1.827486157,3.846663237,1.254916906,1733165948
-1.113525391,0.9081726074,0.4721221924,-2.267328501,-0.7694023848,-0.1882090569,1733165948
-1.34992981,0.8732757568,-0.1842193604,0.03339950368,2.926274538,-1.183153987,1733165948
-0.2821044922,0.9943847656,0.3700408936,-2.38487196,0.0767352581,-4.431936741,1733165948
-0.2100372314,2.574020386,0.1728820801,-0.3019928634,-1.16933167,-2.646338701,1733165948
0.1105957031,1.746780396,-0.1473083496,0.6195716262,0.5994011164,0.5000721216,1733165948
0.4269714355,0.5174713135,0.0601348877,-1.224397659,-2.104092836,-0.7911636233,1733165948
0.1905517578,0.5837097168,-0.4586791992,-1.579833269,-4.143409729,-1.408126712,1733165948
0.4877929688,0.2927093506,-0.353302002,0.3381042778,-1.729116201,-0.1168499216,1733165948
0.4044494629,0.2885284424,-0.2457427979,2.61612463,-2.980528593,1.435848355,1733165948
-0.9724273682,1.540328979,1.584014893,1.718774319,3.085429668,1.750092626,1733165948
-0.4485168457,1.196105957,0.2946166992,0.01632491127,0.6833386421,-0.1266721934,1733165949
-0.02839660645,1.561813354,-0.6517028809,0.9693211317,-0.1986611634,0.5365992785,1733165949
-0.1332397461,0.6911010742,-0.2112884521,-0.09315950423,-0.2515030801,-0.1283417195,1733165949
0.05824279785,0.5944366455,-0.1432495117,0.5013791919,0.2204902917,0.6192922592,1733165949
0.02851867676,1.046951294,-0.2139434814,0.7225928307,1.587404013,0.1300695837,1733165949
0.1418304443,0.9987792969,-0.1060638428,0.9384747744,1.742710233,0.7724405527,1733165949
-0.1319580078,0.9268951416,0.01063537598,0.331096977,-0.6950371265,0.3275443017,1733165949
-0.2588195801,1.071121216,-0.1471862793,1.677344918,3.44126153,1.084727287,1733165949
-0.6604766846,1.007034302,0.1399230957,1.386704803,4.574856281,1.285966158,1733165949
-1.147781372,0.9071350098,0.6172180176,-2.013985157,0.2851100266,0.09133604169,1733165949
-1.361923218,0.7714538574,-0.2174224854,-0.0001667138858,1.853379488,-1.393901944,1733165949
-0.5045928955,0.9126739502,0.4373779297,-2.640401363,0.0141341947,-4.474285126,1733165949
-0.3452148438,2.925842285,-0.07487487793,0.5400829315,-1.366132617,-3.051360369,1733165949
0.05752563477,1.629577637,-0.2656555176,0.898637116,1.540312409,0.4510433376,1733165949
0.5056915283,0.5279541016,0.1772460938,-1.760632277,-1.149077296,-0.589466989,1733165949
0.1960144043,0.5961151123,-0.4356994629,-1.022883177,-5.496883869,-1.500014067,1733165949
0.3629608154,0.4002838135,-0.6971740723,0.1803929508,-2.502048969,-0.3651289642,1733165949
0.4988708496,0.0924987793,-0.3839416504,2.891107082,-2.563499928,0.8951318264,1733165949
-0.570602417,1.229980469,1.409957886,2.080909014,0.9383666515,2.022148609,1733165949
-0.684173584,1.932815552,0.4329681396,0.4905593395,1.952294707,-0.6551527977,1733165949
0.4430847168,0.7540130615,-0.5060577393,1.187982917,1.25522244,1.18412447,1733165950
-0.1411743164,1.699005127,-0.3701171875,-0.3874566555,-0.5088192821,0.01423938945,1733165950
0.08108520508,0.2434692383,-0.1914978027,0.3129424751,-0.5324394107,0.6924061775,1733165950
-0.1494445801,1.083084106,-0.2135314941,0.6495407224,-0.4344465137,0.023118902,1733165950
0.03630065918,0.9920959473,-0.1502685547,1.014964819,0.6143238544,0.2830668688,1733165950
-0.1003570557,0.8932952881,-0.0139465332,0.8434342742,1.73636961,0.3827969134,1733165950
-0.1311187744,1.044692993,0.009246826172,1.475585103,2.967555046,0.8486878872,1733165950
-0.4249267578,1.01399231,0.1845550537,1.584589839,3.181247711,1.28166461,1733165950
-0.8232574463,1.001678467,0.5339050293,-2.038010597,0.4878191948,-0.2190396786,1733165950
-1.066482544,1.141616821,-0.252166748,-0.05508242548,-0.3627078831,-0.9125608802,1733165950
-1.145736694,0.6606292725,0.7330322266,-3.415938854,1.294167161,-3.942287445,1733165950
-0.13331604,2.43572998,-0.2198944092,0.4598823786,-1.150737286,-3.505283594,1733165950
0.1792449951,1.969421387,0.1676177979,0.4430879354,-0.1686156392,0.9747427702,1733165950
0.3656616211,0.5408325195,-0.1681213379,-1.672578573,-0.9241510034,-1.715824842,1733165950
0.2304992676,0.6308135986,-0.225112915,-1.730665922,-3.887956619,-1.846966147,1733165950
0.3769989014,0.3710784912,-0.325088501,-0.0112372078,-1.494308233,-0.4155450165,1733165950
0.510345459,0.2530822754,-0.2225646973,1.548621535,-1.817518234,0.8493981957,1733165950
-0.08187866211,0.7260131836,0.7514190674,3.331691504,0.04999419302,3.31111002,1733165950
-1.713806152,2.864761353,0.8546905518,0.5534331203,2.290204048,-1.116547108,1733165950
0.04197692871,0.3785247803,-0.1892089844,0.4451510906,1.93260622,1.043936491,1733165950
-0.1247406006,2.021621704,-0.2951049805,-0.04811160266,-0.5455594659,-0.3205332756,1733165951
0.2872924805,0.4700775146,-0.1886444092,0.2384056449,-0.4141444564,0.7434394956,1733165951
0.04196166992,0.8102722168,-0.2845306396,0.6232936978,0.3953465223,0.4346545041,1733165951
0.1284790039,0.8735198975,-0.1979522705,1.260387063,1.549505711,0.4298656285,1733165951
0.02702331543,1.037918091,0.00244140625,0.6814017296,0.5512914062,0.4394119978,1733165951
-0.1284332275,0.973449707,0.02156066895,-0.274297595,-1.154668927,0.6532962918,1733165951
-0.6484832764,1.202148438,0.1487579346,1.082300186,2.696036577,1.012548208,1733165951
-0.973236084,0.9912872314,0.5550994873,-0.5989875197,2.316218138,0.675668478,1733165951
-1.168869019,1.08821106,0.04699707031,-1.254286528,-0.9224204421,-0.4797578156,1733165951
-1.299926758,0.7569122314,1.077941895,-2.402434111,2.000828028,-3.377510548,1733165951
-0.3187255859,2.16947937,-0.4694061279,-1.152371407,-4.477274895,-4.632792473,1733165951
0.4557037354,2.659729004,-0.03648376465,1.915756345,-1.926318169,1.271295905,1733165951
0.3845367432,0.6902160645,-0.621963501,-1.255937696,0.5674373507,-1.406303287,1733165951
0.1882629395,0.5589141846,-0.2950286865,-2.138700008,-5.141862392,-1.773794174,1733165951
0.2692260742,0.2873535156,-0.2489624023,-0.3742396533,-1.189693928,-0.2937232256,1733165951
0.6102752686,0.2623596191,-0.2996063232,1.21006608,-1.347017765,0.6798818707,1733165951
0.1376953125,0.3503112793,0.03883361816,3.842728615,-0.877625823,2.472098351,1733165951
-1.572845459,2.678817749,1.402801514,0.184999153,2.219548225,-0.3375889659,1733165951
-0.182220459,0.6936340332,-0.2432098389,0.3403320014,2.462116003,0.5845170021,1733165951
-0.2350158691,2.08770752,-0.3560028076,0.4679552317,1.023987055,-0.6191660166,1733165951
0.3881835938,0.4716491699,-0.1626739502,0.700548768,0.7742991447,1.104750872,1733165952
0.04933166504,1.07572937,-0.2694396973,0.2378871292,-1.123105049,0.5496506095,1733165952
0.146484375,0.7743530273,-0.3141937256,0.9717366099,0.7556168437,0.5561470985,1733165952
0.1008911133,0.9393005371,-0.09030151367,0.8726896644,1.47091949,0.7044926286,1733165952
-0.09931945801,0.8851623535,0.0008087158203,0.1129545122,-0.44078511,0.460424602,1733165952
-0.3516693115,1.101196289,-0.2298126221,1.736596942,4.198732376,1.087839484,1733165952
-0.8117980957,1.036849976,0.3079833984,0.3282548487,4.332330227,0.8442598581,1733165952
-1.269790649,1.032043457,0.3162231445,-2.123780966,0.232709676,-0.4068058431,1733165952
-1.4400177,1.000671387,1.101409912,-2.932586193,3.132230997,-3.400213718,1733165952
-0.2584228516,2.235595703,-0.1782531738,-0.44230178,-3.519119978,-4.709793568,1733165952
0.2986450195,2.40322876,0.0266418457,1.062385559,-2.395923615,1.414296508,1733165952
0.2151794434,0.5552978516,-0.4633789063,-1.516471028,0.08083812147,-1.437964201,1733165952
0.2834625244,0.6068267822,-0.1275482178,-1.762838483,-2.534063816,-1.608567119,1733165952
0.08999633789,0.5884246826,-0.4798278809,-0.3606292903,-2.679761887,-1.305103898,1733165952
0.3553466797,0.1781921387,-0.5549163818,1.36140132,-1.893575191,0.08070789278,1733165952
0.03102111816,0.5852050781,0.5936431885,3.523155212,-1.60441041,2.251515388,1733165952
-1.264892578,2.566101074,2.039978027,-0.2365459651,3.403068066,-0.3514749408,1733165952
0.1743469238,0.4324645996,0.01136779785,0.29475227,2.742805004,0.04917047545,1733165952
0.1146087646,1.744277954,-0.2111358643,0.2967235446,1.8826226,0.4214740098,1733165952
0.1969604492,0.9004821777,-0.2446899414,0.3880140483,0.9081432223,0.5283386707,1733165952
0.1153869629,0.7221069336,-0.3222045898,0.324544251,0.8642376065,0.7653781176,1733165953
0.02857971191,0.9142608643,-0.3198547363,0.9029002786,1.210434079,0.422286272,1733165953
-0.03952026367,0.9255218506,-0.07180786133,0.6551290751,0.6179732084,0.4111055136,1733165953
-0.2225189209,0.9759674072,-0.04820251465,-0.626292944,0.003365436569,0.7858892679,1733165953
-0.470993042,1.047485352,-0.1744232178,1.678440213,5.466527939,1.089480042,1733165953
-0.9235992432,1.053115845,0.1239471436,1.461848259,2.924280167,1.221239924,1733165953
-1.274780273,0.9996032715,0.6699371338,-1.054052234,1.18704915,0.0281778425,1733165953
-1.181594849,0.7796173096,0.5262908936,-1.344862461,2.366324186,-2.185134649,1733165953
-0.2268829346,1.203460693,0.4215087891,-2.048955917,-0.1240130216,-4.944324493,1733165953
-0.1913909912,2.900344849,0.1148681641,0.2233603895,-0.9112998843,-2.478808165,1733165953
-0.02821350098,1.825576782,-0.1977539063,0.8845100999,0.5091505647,0.4762749374,1733165953
0.1983642578,0.4351348877,0.04109191895,-0.8289368749,-1.24246347,-0.898435235,1733165953
0.2086029053,0.4653625488,-0.4122467041,-2.033153057,-5.00630188,-1.201227069,1733165953
0.6896057129,0.2742462158,-0.582244873,0.3171494603,-1.966626167,-0.19490771,1733165953
0.5692138672,0.1673278809,-0.125213623,2.946060896,-2.978181124,1.594914913,1733165953
-1.203811646,1.699279785,1.950485229,1.092021465,3.897793293,1.119609714,1733165953
-0.2505493164,1.360366821,0.1977996826,0.09058209509,2.191952705,0.06373263896,1733165953
0.007141113281,1.59375,-0.7348632813,1.096569657,-1.033835649,0.7178585529,1733165953
0.005111694336,0.9055328369,-0.1689910889,-0.2644646764,-0.1991700977,0.08858472854,1733165953
0.1747131348,0.5519866943,-0.1863861084,0.4490803182,0.4503043294,0.6339297891,1733165954
0.09927368164,0.9231567383,-0.3493804932,1.332802653,2.22482729,0.4185477197,1733165954
0.09306335449,0.8796386719,-0.07345581055,0.9989844561,2.006802559,0.5379734635,1733165954
-0.07054138184,0.9635162354,-0.01409912109,-0.2346753627,-0.5870730877,0.4626009166,1733165954
-0.3280944824,1.055603027,-0.2351379395,1.792215824,4.158581257,1.105203629,1733165954
-0.8474273682,0.977432251,0.1247406006,1.299412251,4.483782291,1.09904933,1733165954
-1.040679932,0.8350372314,0.4704589844,-2.00357461,-0.5320364833,-0.04458850622,1733165954
-1.202224731,0.8372039795,-0.1217498779,0.2555785179,2.211023808,-1.375084877,1733165954
-0.163772583,0.9717102051,0.5169372559,-2.45554471,1.129513979,-3.9192276,1733165954
-0.2826843262,2.713348389,0.1566619873,0.08882947266,-2.056931496,-3.34748292,1733165954
0.08743286133,1.993133545,-0.2304534912,0.8651358485,-0.322009474,0.7133436799,1733165954
0.2408294678,0.528717041,0.1719207764,-1.031918764,-0.3645172417,-0.892011404,1733165954
0.3393096924,0.4986114502,-0.3826751709,-1.524891138,-3.946464062,-1.35853231,1733165954
0.6130828857,0.2980651855,-0.3717956543,0.1293899417,-1.720532775,-0.1866396517,1733165954
0.4919891357,0.2498779297,-0.1456451416,2.097007275,-1.933160663,1.297431827,1733165954
-0.555847168,1.119766235,2.478439331,0.1376255006,1.352266908,2.106936932,1733165954
-0.7614440918,1.826416016,0.1786651611,0.6792578697,2.274559498,-0.3592010438,1733165954
0.02592468262,0.7908782959,-0.6155395508,0.4767060876,-1.554765463,0.7493876815,1733165954
-0.02008056641,2.136047363,-0.3574676514,0.1543229967,0.006814496592,-0.2287679315,1733165954
0.1714782715,0.4962615967,-0.1554718018,0.6117275357,0.8307712078,0.3215830922,1733165954
0.1874389648,0.8727264404,-0.2542266846,1.201064825,1.43730855,0.6178885102,1733165955
0.1723327637,0.9105224609,-0.09973144531,0.8724819422,1.714328766,0.7092248201,1733165955
-0.07647705078,0.9920806885,-0.0672454834,0.2332990319,0.1332565844,0.7195328474,1733165955
-0.1931915283,0.9607696533,-0.04122924805,-0.219215706,-1.260721326,1.018161416,1733165955
-0.7036590576,1.138458252,0.04820251465,2.380700111,2.612643242,0.8942229152,1733165955
-1.053039551,1.039077759,0.6060791016,-0.7160512805,1.893098712,-0.03038933128,1733165955
-0.9189758301,1.091567993,0.2428131104,-1.26272428,1.843451262,-0.8971989751,1733165955
-0.9324645996,0.6538848877,0.920211792,-3.191729546,3.669280052,-3.320534468,1733165955
-0.3650665283,2.364715576,-0.4486694336,-0.6257911921,-4.135154247,-4.355064869,1733165955
0.337020874,2.337478638,0.2054595947,0.3848779202,-2.769970655,0.6741592288,1733165955
0.01263427734,0.6569671631,-0.2298126221,-1.119609952,0.3869322836,-1.342570066,1733165955
0.08949279785,0.5716705322,-0.262588501,-1.361257195,-2.644043207,-1.458589673,1733165955
0.3081359863,0.5316009521,-0.5065460205,-0.5514964461,-2.179790974,-0.7209091783,1733165955
0.5731048584,0.2803344727,-0.3807067871,1.531834841,-2.48269105,0.4747494757,1733165955
0.1255187988,0.6016998291,0.6682891846,2.688244581,-2.273691893,2.62932086,1733165955
-1.158966064,2.306518555,0.954498291,0.8883085847,3.706038952,-0.4754664004,1733165955
0.2479858398,0.7543487549,-0.1239013672,0.4301511049,1.24570775,0.6988214254,1733165955
-0.2841491699,1.78477478,-0.3856048584,0.179439798,-0.2947927415,0.3047399223,1733165955
0.1319885254,0.6272735596,-0.1157836914,0.3527319431,-0.02781884745,0.5177779198,1733165955
-0.0320892334,1.075439453,-0.07173156738,0.5539095402,-0.3208288848,0.641305685,1733165955
0.02713012695,0.5528106689,-0.01266479492,-0.2348058522,0.9581664801,0.8660727739,1733165956
0.1951599121,0.6990356445,-0.1230163574,0.7369562984,1.928917766,1.310210586,1733165956
-0.04106140137,0.9267883301,-0.09231567383,1.648074627,1.369150758,0.9495176077,1733165956
-0.2458953857,1.625656128,0.037109375,0.7508020997,-1.808851719,0.3915043771,1733165956
-0.6251373291,0.8204040527,0.599899292,-1.484184146,-6.001600742,0.4033490717,1733165956
-0.2628479004,1.14553833,1.069869995,-0.1202731505,-0.2056138813,0.1634802669,1733165956
-0.2128143311,1.471618652,0.2518005371,-2.483491421,1.188386917,0.2446781844,1733165956
-0.5237731934,1.771286011,0.05651855469,-0.6723605394,5.879308224,-1.079336286,1733165956
0.2798156738,1.804473877,-0.06692504883,-1.55646956,-2.354444027,-1.201230526,1733165956
-0.2831268311,1.374221802,0.1189422607,-1.121269584,0.3090931177,-1.921052098,1733165956
-0.08050537109,1.196777344,-0.1181030273,-0.5092254281,-1.661069274,-3.802853107,1733165956
0.4266815186,1.139938354,-0.2954864502,-0.6885690689,-3.729785204,-2.554421186,1733165956
0.1470031738,1.280014038,-0.7599487305,2.281237841,-1.507421613,-1.308761716,1733165956
0.7445983887,1.060073853,0.6259765625,3.029557705,1.65761137,0.5749234557,1733165956
-0.6821289063,2.324859619,0.4212036133,3.606802225,4.795392036,0.41164428,1733165956
-2.067947388,0.9136199951,0.878692627,0.0263735503,6.789922714,-2.37025857,1733165956
-2.155761719,0.04908752441,0.2738647461,-1.473866582,2.805782318,-6.521974087,1733165956
-1.563095093,0.4019470215,-0.3898162842,-3.212951183,4.881313324,-9.568807602,1733165956
-0.311340332,0.7903594971,-0.8793640137,-0.3395141661,5.204039574,-9.09926796,1733165956
0.2118988037,0.9133300781,-0.8027954102,1.591794252,3.024888039,-7.357767105,1733165956
0.1933135986,0.2191772461,-0.4818725586,2.514300823,2.484283209,-3.879674673,1733165957
-0.05436706543,-0.3391113281,-0.3800201416,-0.1329825521,2.271933317,-1.043786049,1733165957
-0.2796783447,-0.2239532471,-0.8942718506,0.1668816656,1.460662603,-0.8189135194,1733165957
-0.2453613281,-0.1802978516,-0.8324432373,1.088077307,1.757008314,-0.4388793707,1733165957
-0.142288208,-0.3249816895,-0.7171325684,0.2910771072,0.9735355973,-0.01736886986,1733165957
-0.3270721436,-0.3505401611,-0.7842712402,1.216191649,0.1904109567,-0.2561827898,1733165957
-0.2661437988,-0.42237854,-0.5276184082,0.1927372217,0.6290743351,0.3402143121,1733165957
-0.263961792,-0.4492797852,-0.7194061279,-0.2560163438,0.2597428858,0.141774714,1733165957
-0.2819061279,-0.5481109619,-0.837600708,0.1217325628,-0.4152241051,0.0930846706,1733165957
-0.198348999,-0.5840606689,-0.7397003174,-0.7917045355,0.4821248353,0.1437659562,1733165957
-0.3129577637,-0.4361724854,-1.081954956,-0.5887010694,0.1433316022,-0.1928373575,1733165957
-0.1892089844,-0.5222015381,-0.8446960449,0.3129147589,0.3953308165,-0.1882338226,1733165957
-0.2064971924,-0.534942627,-0.7775115967,-0.4545001388,0.4773734808,-0.1423342377,1733165957
-0.172088623,-0.4673461914,-0.8580627441,0.2757554054,0.4440144598,-0.2448544949,1733165957
-0.01142883301,-0.5559234619,-0.5821990967,-0.1853006184,0.3177065849,0.04197115079,1733165957
-0.04920959473,-0.5451812744,-0.6566314697,0.07557705045,0.151350379,0.1266615391,1733165957
-0.115234375,-0.5459289551,-0.6695861816,-0.568657577,0.2611085474,0.2255082279,1733165957